21-Jul-2026 00:04:03.997 INFO [main] org.apache.catalina.startup.VersionLoggerListener.log Server version name:   Apache Tomcat/10.1.24
21-Jul-2026 00:04:04.002 INFO [main] org.apache.catalina.startup.VersionLoggerListener.log Server built:          May 9 2024 17:41:23 UTC
21-Jul-2026 00:04:04.002 INFO [main] org.apache.catalina.startup.VersionLoggerListener.log Server version number: 10.1.24.0
21-Jul-2026 00:04:04.003 INFO [main] org.apache.catalina.startup.VersionLoggerListener.log OS Name:               Windows 11
21-Jul-2026 00:04:04.003 INFO [main] org.apache.catalina.startup.VersionLoggerListener.log OS Version:            10.0
21-Jul-2026 00:04:04.003 INFO [main] org.apache.catalina.startup.VersionLoggerListener.log Architecture:          amd64
21-Jul-2026 00:04:04.004 INFO [main] org.apache.catalina.startup.VersionLoggerListener.log Java Home:             C:\Program Files\Java\jdk-25
21-Jul-2026 00:04:04.004 INFO [main] org.apache.catalina.startup.VersionLoggerListener.log JVM Version:           25.0.1+8-LTS-27
21-Jul-2026 00:04:04.004 INFO [main] org.apache.catalina.startup.VersionLoggerListener.log JVM Vendor:            Oracle Corporation
21-Jul-2026 00:04:04.005 INFO [main] org.apache.catalina.startup.VersionLoggerListener.log CATALINA_BASE:         C:\Users\Fábio Gabriel\Documents\1. Faculdade\3 ANO\2025-2026\2 SEMESTRE\1. PRJ\4. Codigo\5. Codigo\GAPE\target\browser-tomcat10
21-Jul-2026 00:04:04.005 INFO [main] org.apache.catalina.startup.VersionLoggerListener.log CATALINA_HOME:         C:\Users\Fábio Gabriel\Documents\1. Faculdade\3 ANO\2025-2026\2 SEMESTRE\1. PRJ\4. Codigo\5. Codigo\GAPE\docs\dev\.tools\apache-tomcat-10.1.24
21-Jul-2026 00:04:04.012 INFO [main] org.apache.catalina.startup.VersionLoggerListener.log Command line argument: -Djava.util.logging.config.file=C:\Users\Fábio Gabriel\Documents\1. Faculdade\3 ANO\2025-2026\2 SEMESTRE\1. PRJ\4. Codigo\5. Codigo\GAPE\target\browser-tomcat10\conf\logging.properties
21-Jul-2026 00:04:04.013 INFO [main] org.apache.catalina.startup.VersionLoggerListener.log Command line argument: -Djava.util.logging.manager=org.apache.juli.ClassLoaderLogManager
21-Jul-2026 00:04:04.013 INFO [main] org.apache.catalina.startup.VersionLoggerListener.log Command line argument: --enable-native-access=ALL-UNNAMED
21-Jul-2026 00:04:04.013 INFO [main] org.apache.catalina.startup.VersionLoggerListener.log Command line argument: -Dfile.encoding=UTF-8
21-Jul-2026 00:04:04.015 INFO [main] org.apache.catalina.startup.VersionLoggerListener.log Command line argument: -Duser.timezone=Europe/Lisbon
21-Jul-2026 00:04:04.015 INFO [main] org.apache.catalina.startup.VersionLoggerListener.log Command line argument: -Dgape.upload.dir=C:\Users\Fábio Gabriel\Documents\1. Faculdade\3 ANO\2025-2026\2 SEMESTRE\1. PRJ\4. Codigo\5. Codigo\GAPE\uploads
21-Jul-2026 00:04:04.015 INFO [main] org.apache.catalina.startup.VersionLoggerListener.log Command line argument: -Dgape.webp.native.dir=C:\Users\Fábio Gabriel\Documents\1. Faculdade\3 ANO\2025-2026\2 SEMESTRE\1. PRJ\4. Codigo\5. Codigo\GAPE\docs\dev\.gape-webp-native
21-Jul-2026 00:04:04.016 INFO [main] org.apache.catalina.startup.VersionLoggerListener.log Command line argument: -Djdk.tls.ephemeralDHKeySize=2048
21-Jul-2026 00:04:04.016 INFO [main] org.apache.catalina.startup.VersionLoggerListener.log Command line argument: -Djava.protocol.handler.pkgs=org.apache.catalina.webresources
21-Jul-2026 00:04:04.016 INFO [main] org.apache.catalina.startup.VersionLoggerListener.log Command line argument: --add-opens=java.base/java.lang=ALL-UNNAMED
21-Jul-2026 00:04:04.017 INFO [main] org.apache.catalina.startup.VersionLoggerListener.log Command line argument: --add-opens=java.base/java.io=ALL-UNNAMED
21-Jul-2026 00:04:04.017 INFO [main] org.apache.catalina.startup.VersionLoggerListener.log Command line argument: --add-opens=java.base/java.util=ALL-UNNAMED
21-Jul-2026 00:04:04.017 INFO [main] org.apache.catalina.startup.VersionLoggerListener.log Command line argument: --add-opens=java.base/java.util.concurrent=ALL-UNNAMED
21-Jul-2026 00:04:04.018 INFO [main] org.apache.catalina.startup.VersionLoggerListener.log Command line argument: --add-opens=java.rmi/sun.rmi.transport=ALL-UNNAMED
21-Jul-2026 00:04:04.018 INFO [main] org.apache.catalina.startup.VersionLoggerListener.log Command line argument: -Dcatalina.base=C:\Users\Fábio Gabriel\Documents\1. Faculdade\3 ANO\2025-2026\2 SEMESTRE\1. PRJ\4. Codigo\5. Codigo\GAPE\target\browser-tomcat10
21-Jul-2026 00:04:04.018 INFO [main] org.apache.catalina.startup.VersionLoggerListener.log Command line argument: -Dcatalina.home=C:\Users\Fábio Gabriel\Documents\1. Faculdade\3 ANO\2025-2026\2 SEMESTRE\1. PRJ\4. Codigo\5. Codigo\GAPE\docs\dev\.tools\apache-tomcat-10.1.24
21-Jul-2026 00:04:04.019 INFO [main] org.apache.catalina.startup.VersionLoggerListener.log Command line argument: -Djava.io.tmpdir=C:\Users\Fábio Gabriel\Documents\1. Faculdade\3 ANO\2025-2026\2 SEMESTRE\1. PRJ\4. Codigo\5. Codigo\GAPE\target\browser-tomcat10\temp
21-Jul-2026 00:04:04.022 INFO [main] org.apache.catalina.core.AprLifecycleListener.lifecycleEvent Loaded Apache Tomcat Native library [2.0.7] using APR version [1.7.4].
21-Jul-2026 00:04:04.031 INFO [main] org.apache.catalina.core.AprLifecycleListener.initializeSSL OpenSSL successfully initialized [OpenSSL 3.0.13 30 Jan 2024]
21-Jul-2026 00:04:04.320 INFO [main] org.apache.coyote.AbstractProtocol.init Initializing ProtocolHandler ["http-nio-8080"]
21-Jul-2026 00:04:04.345 INFO [main] org.apache.catalina.startup.Catalina.load Server initialization in [540] milliseconds
21-Jul-2026 00:04:04.386 INFO [main] org.apache.catalina.core.StandardService.startInternal Starting service [Catalina]
21-Jul-2026 00:04:04.387 INFO [main] org.apache.catalina.core.StandardEngine.startInternal Starting Servlet engine: [Apache Tomcat/10.1.24]
21-Jul-2026 00:04:04.399 INFO [main] org.apache.catalina.startup.HostConfig.deployDirectory Deploying web application directory [C:\Users\Fábio Gabriel\Documents\1. Faculdade\3 ANO\2025-2026\2 SEMESTRE\1. PRJ\4. Codigo\5. Codigo\GAPE\target\browser-tomcat10\webapps\GAPE]
21-Jul-2026 00:04:08.175 INFO [main] org.apache.jasper.servlet.TldScanner.scanJars At least one JAR was scanned for TLDs yet contained no TLDs. Enable debug logging for this logger for a complete list of JARs that were scanned but no TLDs were found in them. Skipping unneeded JARs during scanning can improve startup time and JSP compilation time.
21-Jul-2026 00:04:20.462 INFO [main] org.apache.catalina.startup.HostConfig.deployDirectory Deployment of web application directory [C:\Users\Fábio Gabriel\Documents\1. Faculdade\3 ANO\2025-2026\2 SEMESTRE\1. PRJ\4. Codigo\5. Codigo\GAPE\target\browser-tomcat10\webapps\GAPE] has finished in [16,042] ms
21-Jul-2026 00:04:20.470 INFO [main] org.apache.coyote.AbstractProtocol.start Starting ProtocolHandler ["http-nio-8080"]
21-Jul-2026 00:04:20.491 INFO [main] org.apache.catalina.startup.Catalina.start Server startup in [16144] milliseconds
21-Jul-2026 00:20:45.350 INFO [main] org.apache.catalina.startup.VersionLoggerListener.log Server version name:   Apache Tomcat/10.1.24
21-Jul-2026 00:20:45.354 INFO [main] org.apache.catalina.startup.VersionLoggerListener.log Server built:          May 9 2024 17:41:23 UTC
21-Jul-2026 00:20:45.354 INFO [main] org.apache.catalina.startup.VersionLoggerListener.log Server version number: 10.1.24.0
21-Jul-2026 00:20:45.354 INFO [main] org.apache.catalina.startup.VersionLoggerListener.log OS Name:               Windows 11
21-Jul-2026 00:20:45.356 INFO [main] org.apache.catalina.startup.VersionLoggerListener.log OS Version:            10.0
21-Jul-2026 00:20:45.356 INFO [main] org.apache.catalina.startup.VersionLoggerListener.log Architecture:          amd64
21-Jul-2026 00:20:45.356 INFO [main] org.apache.catalina.startup.VersionLoggerListener.log Java Home:             C:\Program Files\Java\jdk-25
21-Jul-2026 00:20:45.357 INFO [main] org.apache.catalina.startup.VersionLoggerListener.log JVM Version:           25.0.1+8-LTS-27
21-Jul-2026 00:20:45.357 INFO [main] org.apache.catalina.startup.VersionLoggerListener.log JVM Vendor:            Oracle Corporation
21-Jul-2026 00:20:45.357 INFO [main] org.apache.catalina.startup.VersionLoggerListener.log CATALINA_BASE:         C:\Users\Fábio Gabriel\Documents\1. Faculdade\3 ANO\2025-2026\2 SEMESTRE\1. PRJ\4. Codigo\5. Codigo\GAPE\target\browser-tomcat10
21-Jul-2026 00:20:45.358 INFO [main] org.apache.catalina.startup.VersionLoggerListener.log CATALINA_HOME:         C:\Users\Fábio Gabriel\Documents\1. Faculdade\3 ANO\2025-2026\2 SEMESTRE\1. PRJ\4. Codigo\5. Codigo\GAPE\docs\dev\.tools\apache-tomcat-10.1.24
21-Jul-2026 00:20:45.367 INFO [main] org.apache.catalina.startup.VersionLoggerListener.log Command line argument: -Djava.util.logging.config.file=C:\Users\Fábio Gabriel\Documents\1. Faculdade\3 ANO\2025-2026\2 SEMESTRE\1. PRJ\4. Codigo\5. Codigo\GAPE\target\browser-tomcat10\conf\logging.properties
21-Jul-2026 00:20:45.367 INFO [main] org.apache.catalina.startup.VersionLoggerListener.log Command line argument: -Djava.util.logging.manager=org.apache.juli.ClassLoaderLogManager
21-Jul-2026 00:20:45.368 INFO [main] org.apache.catalina.startup.VersionLoggerListener.log Command line argument: --enable-native-access=ALL-UNNAMED
21-Jul-2026 00:20:45.368 INFO [main] org.apache.catalina.startup.VersionLoggerListener.log Command line argument: -Dfile.encoding=UTF-8
21-Jul-2026 00:20:45.368 INFO [main] org.apache.catalina.startup.VersionLoggerListener.log Command line argument: -Duser.timezone=Europe/Lisbon
21-Jul-2026 00:20:45.368 INFO [main] org.apache.catalina.startup.VersionLoggerListener.log Command line argument: -Dgape.upload.dir=C:\Users\Fábio Gabriel\Documents\1. Faculdade\3 ANO\2025-2026\2 SEMESTRE\1. PRJ\4. Codigo\5. Codigo\GAPE\uploads
21-Jul-2026 00:20:45.369 INFO [main] org.apache.catalina.startup.VersionLoggerListener.log Command line argument: -Dgape.webp.native.dir=C:\Users\Fábio Gabriel\Documents\1. Faculdade\3 ANO\2025-2026\2 SEMESTRE\1. PRJ\4. Codigo\5. Codigo\GAPE\docs\dev\.gape-webp-native
21-Jul-2026 00:20:45.369 INFO [main] org.apache.catalina.startup.VersionLoggerListener.log Command line argument: -Djdk.tls.ephemeralDHKeySize=2048
21-Jul-2026 00:20:45.369 INFO [main] org.apache.catalina.startup.VersionLoggerListener.log Command line argument: -Djava.protocol.handler.pkgs=org.apache.catalina.webresources
21-Jul-2026 00:20:45.370 INFO [main] org.apache.catalina.startup.VersionLoggerListener.log Command line argument: --add-opens=java.base/java.lang=ALL-UNNAMED
21-Jul-2026 00:20:45.370 INFO [main] org.apache.catalina.startup.VersionLoggerListener.log Command line argument: --add-opens=java.base/java.io=ALL-UNNAMED
21-Jul-2026 00:20:45.370 INFO [main] org.apache.catalina.startup.VersionLoggerListener.log Command line argument: --add-opens=java.base/java.util=ALL-UNNAMED
21-Jul-2026 00:20:45.372 INFO [main] org.apache.catalina.startup.VersionLoggerListener.log Command line argument: --add-opens=java.base/java.util.concurrent=ALL-UNNAMED
21-Jul-2026 00:20:45.372 INFO [main] org.apache.catalina.startup.VersionLoggerListener.log Command line argument: --add-opens=java.rmi/sun.rmi.transport=ALL-UNNAMED
21-Jul-2026 00:20:45.373 INFO [main] org.apache.catalina.startup.VersionLoggerListener.log Command line argument: -Dcatalina.base=C:\Users\Fábio Gabriel\Documents\1. Faculdade\3 ANO\2025-2026\2 SEMESTRE\1. PRJ\4. Codigo\5. Codigo\GAPE\target\browser-tomcat10
21-Jul-2026 00:20:45.373 INFO [main] org.apache.catalina.startup.VersionLoggerListener.log Command line argument: -Dcatalina.home=C:\Users\Fábio Gabriel\Documents\1. Faculdade\3 ANO\2025-2026\2 SEMESTRE\1. PRJ\4. Codigo\5. Codigo\GAPE\docs\dev\.tools\apache-tomcat-10.1.24
21-Jul-2026 00:20:45.373 INFO [main] org.apache.catalina.startup.VersionLoggerListener.log Command line argument: -Djava.io.tmpdir=C:\Users\Fábio Gabriel\Documents\1. Faculdade\3 ANO\2025-2026\2 SEMESTRE\1. PRJ\4. Codigo\5. Codigo\GAPE\target\browser-tomcat10\temp
21-Jul-2026 00:20:45.378 INFO [main] org.apache.catalina.core.AprLifecycleListener.lifecycleEvent Loaded Apache Tomcat Native library [2.0.7] using APR version [1.7.4].
21-Jul-2026 00:20:45.390 INFO [main] org.apache.catalina.core.AprLifecycleListener.initializeSSL OpenSSL successfully initialized [OpenSSL 3.0.13 30 Jan 2024]
21-Jul-2026 00:20:45.680 INFO [main] org.apache.coyote.AbstractProtocol.init Initializing ProtocolHandler ["http-nio-8080"]
21-Jul-2026 00:20:45.706 INFO [main] org.apache.catalina.startup.Catalina.load Server initialization in [606] milliseconds
21-Jul-2026 00:20:45.760 INFO [main] org.apache.catalina.core.StandardService.startInternal Starting service [Catalina]
21-Jul-2026 00:20:45.761 INFO [main] org.apache.catalina.core.StandardEngine.startInternal Starting Servlet engine: [Apache Tomcat/10.1.24]
21-Jul-2026 00:20:45.773 INFO [main] org.apache.catalina.startup.HostConfig.deployDirectory Deploying web application directory [C:\Users\Fábio Gabriel\Documents\1. Faculdade\3 ANO\2025-2026\2 SEMESTRE\1. PRJ\4. Codigo\5. Codigo\GAPE\target\browser-tomcat10\webapps\GAPE]
21-Jul-2026 00:20:49.930 INFO [main] org.apache.jasper.servlet.TldScanner.scanJars At least one JAR was scanned for TLDs yet contained no TLDs. Enable debug logging for this logger for a complete list of JARs that were scanned but no TLDs were found in them. Skipping unneeded JARs during scanning can improve startup time and JSP compilation time.
21-Jul-2026 00:21:04.913 INFO [main] org.apache.catalina.startup.HostConfig.deployDirectory Deployment of web application directory [C:\Users\Fábio Gabriel\Documents\1. Faculdade\3 ANO\2025-2026\2 SEMESTRE\1. PRJ\4. Codigo\5. Codigo\GAPE\target\browser-tomcat10\webapps\GAPE] has finished in [19,135] ms
21-Jul-2026 00:21:04.918 INFO [main] org.apache.coyote.AbstractProtocol.start Starting ProtocolHandler ["http-nio-8080"]
21-Jul-2026 00:21:04.939 INFO [main] org.apache.catalina.startup.Catalina.start Server startup in [19230] milliseconds
21-Jul-2026 00:49:40.495 INFO [main] org.apache.catalina.startup.VersionLoggerListener.log Server version name:   Apache Tomcat/10.1.24
21-Jul-2026 00:49:40.499 INFO [main] org.apache.catalina.startup.VersionLoggerListener.log Server built:          May 9 2024 17:41:23 UTC
21-Jul-2026 00:49:40.500 INFO [main] org.apache.catalina.startup.VersionLoggerListener.log Server version number: 10.1.24.0
21-Jul-2026 00:49:40.501 INFO [main] org.apache.catalina.startup.VersionLoggerListener.log OS Name:               Windows 11
21-Jul-2026 00:49:40.501 INFO [main] org.apache.catalina.startup.VersionLoggerListener.log OS Version:            10.0
21-Jul-2026 00:49:40.502 INFO [main] org.apache.catalina.startup.VersionLoggerListener.log Architecture:          amd64
21-Jul-2026 00:49:40.502 INFO [main] org.apache.catalina.startup.VersionLoggerListener.log Java Home:             C:\Program Files\Java\jdk-25
21-Jul-2026 00:49:40.503 INFO [main] org.apache.catalina.startup.VersionLoggerListener.log JVM Version:           25.0.1+8-LTS-27
21-Jul-2026 00:49:40.503 INFO [main] org.apache.catalina.startup.VersionLoggerListener.log JVM Vendor:            Oracle Corporation
21-Jul-2026 00:49:40.503 INFO [main] org.apache.catalina.startup.VersionLoggerListener.log CATALINA_BASE:         C:\Users\Fábio Gabriel\Documents\1. Faculdade\3 ANO\2025-2026\2 SEMESTRE\1. PRJ\4. Codigo\5. Codigo\GAPE\target\browser-tomcat10
21-Jul-2026 00:49:40.504 INFO [main] org.apache.catalina.startup.VersionLoggerListener.log CATALINA_HOME:         C:\Users\Fábio Gabriel\Documents\1. Faculdade\3 ANO\2025-2026\2 SEMESTRE\1. PRJ\4. Codigo\5. Codigo\GAPE\docs\dev\.tools\apache-tomcat-10.1.24
21-Jul-2026 00:49:40.516 INFO [main] org.apache.catalina.startup.VersionLoggerListener.log Command line argument: -Djava.util.logging.config.file=C:\Users\Fábio Gabriel\Documents\1. Faculdade\3 ANO\2025-2026\2 SEMESTRE\1. PRJ\4. Codigo\5. Codigo\GAPE\target\browser-tomcat10\conf\logging.properties
21-Jul-2026 00:49:40.517 INFO [main] org.apache.catalina.startup.VersionLoggerListener.log Command line argument: -Djava.util.logging.manager=org.apache.juli.ClassLoaderLogManager
21-Jul-2026 00:49:40.517 INFO [main] org.apache.catalina.startup.VersionLoggerListener.log Command line argument: --enable-native-access=ALL-UNNAMED
21-Jul-2026 00:49:40.518 INFO [main] org.apache.catalina.startup.VersionLoggerListener.log Command line argument: -Dfile.encoding=UTF-8
21-Jul-2026 00:49:40.518 INFO [main] org.apache.catalina.startup.VersionLoggerListener.log Command line argument: -Duser.timezone=Europe/Lisbon
21-Jul-2026 00:49:40.519 INFO [main] org.apache.catalina.startup.VersionLoggerListener.log Command line argument: -Dgape.upload.dir=C:\Users\Fábio Gabriel\Documents\1. Faculdade\3 ANO\2025-2026\2 SEMESTRE\1. PRJ\4. Codigo\5. Codigo\GAPE\uploads
21-Jul-2026 00:49:40.519 INFO [main] org.apache.catalina.startup.VersionLoggerListener.log Command line argument: -Dgape.webp.native.dir=C:\Users\Fábio Gabriel\Documents\1. Faculdade\3 ANO\2025-2026\2 SEMESTRE\1. PRJ\4. Codigo\5. Codigo\GAPE\docs\dev\.gape-webp-native
21-Jul-2026 00:49:40.519 INFO [main] org.apache.catalina.startup.VersionLoggerListener.log Command line argument: -Djdk.tls.ephemeralDHKeySize=2048
21-Jul-2026 00:49:40.520 INFO [main] org.apache.catalina.startup.VersionLoggerListener.log Command line argument: -Djava.protocol.handler.pkgs=org.apache.catalina.webresources
21-Jul-2026 00:49:40.520 INFO [main] org.apache.catalina.startup.VersionLoggerListener.log Command line argument: --add-opens=java.base/java.lang=ALL-UNNAMED
21-Jul-2026 00:49:40.521 INFO [main] org.apache.catalina.startup.VersionLoggerListener.log Command line argument: --add-opens=java.base/java.io=ALL-UNNAMED
21-Jul-2026 00:49:40.521 INFO [main] org.apache.catalina.startup.VersionLoggerListener.log Command line argument: --add-opens=java.base/java.util=ALL-UNNAMED
21-Jul-2026 00:49:40.521 INFO [main] org.apache.catalina.startup.VersionLoggerListener.log Command line argument: --add-opens=java.base/java.util.concurrent=ALL-UNNAMED
21-Jul-2026 00:49:40.522 INFO [main] org.apache.catalina.startup.VersionLoggerListener.log Command line argument: --add-opens=java.rmi/sun.rmi.transport=ALL-UNNAMED
21-Jul-2026 00:49:40.522 INFO [main] org.apache.catalina.startup.VersionLoggerListener.log Command line argument: -Dcatalina.base=C:\Users\Fábio Gabriel\Documents\1. Faculdade\3 ANO\2025-2026\2 SEMESTRE\1. PRJ\4. Codigo\5. Codigo\GAPE\target\browser-tomcat10
21-Jul-2026 00:49:40.523 INFO [main] org.apache.catalina.startup.VersionLoggerListener.log Command line argument: -Dcatalina.home=C:\Users\Fábio Gabriel\Documents\1. Faculdade\3 ANO\2025-2026\2 SEMESTRE\1. PRJ\4. Codigo\5. Codigo\GAPE\docs\dev\.tools\apache-tomcat-10.1.24
21-Jul-2026 00:49:40.523 INFO [main] org.apache.catalina.startup.VersionLoggerListener.log Command line argument: -Djava.io.tmpdir=C:\Users\Fábio Gabriel\Documents\1. Faculdade\3 ANO\2025-2026\2 SEMESTRE\1. PRJ\4. Codigo\5. Codigo\GAPE\target\browser-tomcat10\temp
21-Jul-2026 00:49:40.528 INFO [main] org.apache.catalina.core.AprLifecycleListener.lifecycleEvent Loaded Apache Tomcat Native library [2.0.7] using APR version [1.7.4].
21-Jul-2026 00:49:40.541 INFO [main] org.apache.catalina.core.AprLifecycleListener.initializeSSL OpenSSL successfully initialized [OpenSSL 3.0.13 30 Jan 2024]
21-Jul-2026 00:49:41.018 INFO [main] org.apache.coyote.AbstractProtocol.init Initializing ProtocolHandler ["http-nio-8080"]
21-Jul-2026 00:49:41.059 INFO [main] org.apache.catalina.startup.Catalina.load Server initialization in [896] milliseconds
21-Jul-2026 00:49:41.123 INFO [main] org.apache.catalina.core.StandardService.startInternal Starting service [Catalina]
21-Jul-2026 00:49:41.124 INFO [main] org.apache.catalina.core.StandardEngine.startInternal Starting Servlet engine: [Apache Tomcat/10.1.24]
21-Jul-2026 00:49:41.143 INFO [main] org.apache.catalina.startup.HostConfig.deployDirectory Deploying web application directory [C:\Users\Fábio Gabriel\Documents\1. Faculdade\3 ANO\2025-2026\2 SEMESTRE\1. PRJ\4. Codigo\5. Codigo\GAPE\target\browser-tomcat10\webapps\GAPE]
21-Jul-2026 00:49:45.112 INFO [main] org.apache.jasper.servlet.TldScanner.scanJars At least one JAR was scanned for TLDs yet contained no TLDs. Enable debug logging for this logger for a complete list of JARs that were scanned but no TLDs were found in them. Skipping unneeded JARs during scanning can improve startup time and JSP compilation time.
21-Jul-2026 00:50:04.561 INFO [main] org.apache.catalina.startup.HostConfig.deployDirectory Deployment of web application directory [C:\Users\Fábio Gabriel\Documents\1. Faculdade\3 ANO\2025-2026\2 SEMESTRE\1. PRJ\4. Codigo\5. Codigo\GAPE\target\browser-tomcat10\webapps\GAPE] has finished in [23,415] ms
21-Jul-2026 00:50:04.565 INFO [main] org.apache.coyote.AbstractProtocol.start Starting ProtocolHandler ["http-nio-8080"]
21-Jul-2026 00:50:04.582 INFO [main] org.apache.catalina.startup.Catalina.start Server startup in [23519] milliseconds
21-Jul-2026 01:22:59.854 INFO [main] org.apache.catalina.startup.VersionLoggerListener.log Server version name:   Apache Tomcat/10.1.24
21-Jul-2026 01:22:59.856 INFO [main] org.apache.catalina.startup.VersionLoggerListener.log Server built:          May 9 2024 17:41:23 UTC
21-Jul-2026 01:22:59.857 INFO [main] org.apache.catalina.startup.VersionLoggerListener.log Server version number: 10.1.24.0
21-Jul-2026 01:22:59.857 INFO [main] org.apache.catalina.startup.VersionLoggerListener.log OS Name:               Windows 11
21-Jul-2026 01:22:59.857 INFO [main] org.apache.catalina.startup.VersionLoggerListener.log OS Version:            10.0
21-Jul-2026 01:22:59.858 INFO [main] org.apache.catalina.startup.VersionLoggerListener.log Architecture:          amd64
21-Jul-2026 01:22:59.858 INFO [main] org.apache.catalina.startup.VersionLoggerListener.log Java Home:             C:\Program Files\Java\jdk-25
21-Jul-2026 01:22:59.858 INFO [main] org.apache.catalina.startup.VersionLoggerListener.log JVM Version:           25.0.1+8-LTS-27
21-Jul-2026 01:22:59.859 INFO [main] org.apache.catalina.startup.VersionLoggerListener.log JVM Vendor:            Oracle Corporation
21-Jul-2026 01:22:59.859 INFO [main] org.apache.catalina.startup.VersionLoggerListener.log CATALINA_BASE:         C:\Users\Fábio Gabriel\Documents\1. Faculdade\3 ANO\2025-2026\2 SEMESTRE\1. PRJ\4. Codigo\5. Codigo\GAPE\target\browser-tomcat10
21-Jul-2026 01:22:59.860 INFO [main] org.apache.catalina.startup.VersionLoggerListener.log CATALINA_HOME:         C:\Users\Fábio Gabriel\Documents\1. Faculdade\3 ANO\2025-2026\2 SEMESTRE\1. PRJ\4. Codigo\5. Codigo\GAPE\docs\dev\.tools\apache-tomcat-10.1.24
21-Jul-2026 01:22:59.868 INFO [main] org.apache.catalina.startup.VersionLoggerListener.log Command line argument: -Djava.util.logging.config.file=C:\Users\Fábio Gabriel\Documents\1. Faculdade\3 ANO\2025-2026\2 SEMESTRE\1. PRJ\4. Codigo\5. Codigo\GAPE\target\browser-tomcat10\conf\logging.properties
21-Jul-2026 01:22:59.869 INFO [main] org.apache.catalina.startup.VersionLoggerListener.log Command line argument: -Djava.util.logging.manager=org.apache.juli.ClassLoaderLogManager
21-Jul-2026 01:22:59.869 INFO [main] org.apache.catalina.startup.VersionLoggerListener.log Command line argument: --enable-native-access=ALL-UNNAMED
21-Jul-2026 01:22:59.869 INFO [main] org.apache.catalina.startup.VersionLoggerListener.log Command line argument: -Dfile.encoding=UTF-8
21-Jul-2026 01:22:59.869 INFO [main] org.apache.catalina.startup.VersionLoggerListener.log Command line argument: -Duser.timezone=Europe/Lisbon
21-Jul-2026 01:22:59.870 INFO [main] org.apache.catalina.startup.VersionLoggerListener.log Command line argument: -Dgape.upload.dir=C:\Users\Fábio Gabriel\Documents\1. Faculdade\3 ANO\2025-2026\2 SEMESTRE\1. PRJ\4. Codigo\5. Codigo\GAPE\uploads
21-Jul-2026 01:22:59.870 INFO [main] org.apache.catalina.startup.VersionLoggerListener.log Command line argument: -Dgape.webp.native.dir=C:\Users\Fábio Gabriel\Documents\1. Faculdade\3 ANO\2025-2026\2 SEMESTRE\1. PRJ\4. Codigo\5. Codigo\GAPE\docs\dev\.gape-webp-native
21-Jul-2026 01:22:59.870 INFO [main] org.apache.catalina.startup.VersionLoggerListener.log Command line argument: -Djdk.tls.ephemeralDHKeySize=2048
21-Jul-2026 01:22:59.870 INFO [main] org.apache.catalina.startup.VersionLoggerListener.log Command line argument: -Djava.protocol.handler.pkgs=org.apache.catalina.webresources
21-Jul-2026 01:22:59.870 INFO [main] org.apache.catalina.startup.VersionLoggerListener.log Command line argument: --add-opens=java.base/java.lang=ALL-UNNAMED
21-Jul-2026 01:22:59.871 INFO [main] org.apache.catalina.startup.VersionLoggerListener.log Command line argument: --add-opens=java.base/java.io=ALL-UNNAMED
21-Jul-2026 01:22:59.871 INFO [main] org.apache.catalina.startup.VersionLoggerListener.log Command line argument: --add-opens=java.base/java.util=ALL-UNNAMED
21-Jul-2026 01:22:59.871 INFO [main] org.apache.catalina.startup.VersionLoggerListener.log Command line argument: --add-opens=java.base/java.util.concurrent=ALL-UNNAMED
21-Jul-2026 01:22:59.871 INFO [main] org.apache.catalina.startup.VersionLoggerListener.log Command line argument: --add-opens=java.rmi/sun.rmi.transport=ALL-UNNAMED
21-Jul-2026 01:22:59.871 INFO [main] org.apache.catalina.startup.VersionLoggerListener.log Command line argument: -Dcatalina.base=C:\Users\Fábio Gabriel\Documents\1. Faculdade\3 ANO\2025-2026\2 SEMESTRE\1. PRJ\4. Codigo\5. Codigo\GAPE\target\browser-tomcat10
21-Jul-2026 01:22:59.872 INFO [main] org.apache.catalina.startup.VersionLoggerListener.log Command line argument: -Dcatalina.home=C:\Users\Fábio Gabriel\Documents\1. Faculdade\3 ANO\2025-2026\2 SEMESTRE\1. PRJ\4. Codigo\5. Codigo\GAPE\docs\dev\.tools\apache-tomcat-10.1.24
21-Jul-2026 01:22:59.872 INFO [main] org.apache.catalina.startup.VersionLoggerListener.log Command line argument: -Djava.io.tmpdir=C:\Users\Fábio Gabriel\Documents\1. Faculdade\3 ANO\2025-2026\2 SEMESTRE\1. PRJ\4. Codigo\5. Codigo\GAPE\target\browser-tomcat10\temp
21-Jul-2026 01:22:59.875 INFO [main] org.apache.catalina.core.AprLifecycleListener.lifecycleEvent Loaded Apache Tomcat Native library [2.0.7] using APR version [1.7.4].
21-Jul-2026 01:22:59.883 INFO [main] org.apache.catalina.core.AprLifecycleListener.initializeSSL OpenSSL successfully initialized [OpenSSL 3.0.13 30 Jan 2024]
21-Jul-2026 01:23:00.141 INFO [main] org.apache.coyote.AbstractProtocol.init Initializing ProtocolHandler ["http-nio-8080"]
21-Jul-2026 01:23:00.162 INFO [main] org.apache.catalina.startup.Catalina.load Server initialization in [465] milliseconds
21-Jul-2026 01:23:00.202 INFO [main] org.apache.catalina.core.StandardService.startInternal Starting service [Catalina]
21-Jul-2026 01:23:00.203 INFO [main] org.apache.catalina.core.StandardEngine.startInternal Starting Servlet engine: [Apache Tomcat/10.1.24]
21-Jul-2026 01:23:00.213 INFO [main] org.apache.catalina.startup.HostConfig.deployDirectory Deploying web application directory [C:\Users\Fábio Gabriel\Documents\1. Faculdade\3 ANO\2025-2026\2 SEMESTRE\1. PRJ\4. Codigo\5. Codigo\GAPE\target\browser-tomcat10\webapps\GAPE]
21-Jul-2026 01:23:02.764 INFO [main] org.apache.jasper.servlet.TldScanner.scanJars At least one JAR was scanned for TLDs yet contained no TLDs. Enable debug logging for this logger for a complete list of JARs that were scanned but no TLDs were found in them. Skipping unneeded JARs during scanning can improve startup time and JSP compilation time.
21-Jul-2026 01:23:12.226 INFO [main] org.apache.catalina.startup.HostConfig.deployDirectory Deployment of web application directory [C:\Users\Fábio Gabriel\Documents\1. Faculdade\3 ANO\2025-2026\2 SEMESTRE\1. PRJ\4. Codigo\5. Codigo\GAPE\target\browser-tomcat10\webapps\GAPE] has finished in [12,010] ms
21-Jul-2026 01:23:12.231 INFO [main] org.apache.coyote.AbstractProtocol.start Starting ProtocolHandler ["http-nio-8080"]
21-Jul-2026 01:23:12.247 INFO [main] org.apache.catalina.startup.Catalina.start Server startup in [12083] milliseconds
21-Jul-2026 01:28:54.031 INFO [main] org.apache.catalina.startup.VersionLoggerListener.log Server version name:   Apache Tomcat/10.1.24
21-Jul-2026 01:28:54.033 INFO [main] org.apache.catalina.startup.VersionLoggerListener.log Server built:          May 9 2024 17:41:23 UTC
21-Jul-2026 01:28:54.034 INFO [main] org.apache.catalina.startup.VersionLoggerListener.log Server version number: 10.1.24.0
21-Jul-2026 01:28:54.034 INFO [main] org.apache.catalina.startup.VersionLoggerListener.log OS Name:               Windows 11
21-Jul-2026 01:28:54.034 INFO [main] org.apache.catalina.startup.VersionLoggerListener.log OS Version:            10.0
21-Jul-2026 01:28:54.035 INFO [main] org.apache.catalina.startup.VersionLoggerListener.log Architecture:          amd64
21-Jul-2026 01:28:54.035 INFO [main] org.apache.catalina.startup.VersionLoggerListener.log Java Home:             C:\Program Files\Java\jdk-25
21-Jul-2026 01:28:54.035 INFO [main] org.apache.catalina.startup.VersionLoggerListener.log JVM Version:           25.0.1+8-LTS-27
21-Jul-2026 01:28:54.035 INFO [main] org.apache.catalina.startup.VersionLoggerListener.log JVM Vendor:            Oracle Corporation
21-Jul-2026 01:28:54.036 INFO [main] org.apache.catalina.startup.VersionLoggerListener.log CATALINA_BASE:         C:\Users\Fábio Gabriel\Documents\1. Faculdade\3 ANO\2025-2026\2 SEMESTRE\1. PRJ\4. Codigo\5. Codigo\GAPE\target\browser-tomcat10
21-Jul-2026 01:28:54.036 INFO [main] org.apache.catalina.startup.VersionLoggerListener.log CATALINA_HOME:         C:\Users\Fábio Gabriel\Documents\1. Faculdade\3 ANO\2025-2026\2 SEMESTRE\1. PRJ\4. Codigo\5. Codigo\GAPE\docs\dev\.tools\apache-tomcat-10.1.24
21-Jul-2026 01:28:54.043 INFO [main] org.apache.catalina.startup.VersionLoggerListener.log Command line argument: -Djava.util.logging.config.file=C:\Users\Fábio Gabriel\Documents\1. Faculdade\3 ANO\2025-2026\2 SEMESTRE\1. PRJ\4. Codigo\5. Codigo\GAPE\target\browser-tomcat10\conf\logging.properties
21-Jul-2026 01:28:54.044 INFO [main] org.apache.catalina.startup.VersionLoggerListener.log Command line argument: -Djava.util.logging.manager=org.apache.juli.ClassLoaderLogManager
21-Jul-2026 01:28:54.044 INFO [main] org.apache.catalina.startup.VersionLoggerListener.log Command line argument: --enable-native-access=ALL-UNNAMED
21-Jul-2026 01:28:54.044 INFO [main] org.apache.catalina.startup.VersionLoggerListener.log Command line argument: -Dfile.encoding=UTF-8
21-Jul-2026 01:28:54.045 INFO [main] org.apache.catalina.startup.VersionLoggerListener.log Command line argument: -Duser.timezone=Europe/Lisbon
21-Jul-2026 01:28:54.045 INFO [main] org.apache.catalina.startup.VersionLoggerListener.log Command line argument: -Dgape.upload.dir=C:\Users\Fábio Gabriel\Documents\1. Faculdade\3 ANO\2025-2026\2 SEMESTRE\1. PRJ\4. Codigo\5. Codigo\GAPE\uploads
21-Jul-2026 01:28:54.045 INFO [main] org.apache.catalina.startup.VersionLoggerListener.log Command line argument: -Dgape.webp.native.dir=C:\Users\Fábio Gabriel\Documents\1. Faculdade\3 ANO\2025-2026\2 SEMESTRE\1. PRJ\4. Codigo\5. Codigo\GAPE\docs\dev\.gape-webp-native
21-Jul-2026 01:28:54.046 INFO [main] org.apache.catalina.startup.VersionLoggerListener.log Command line argument: -Djdk.tls.ephemeralDHKeySize=2048
21-Jul-2026 01:28:54.046 INFO [main] org.apache.catalina.startup.VersionLoggerListener.log Command line argument: -Djava.protocol.handler.pkgs=org.apache.catalina.webresources
21-Jul-2026 01:28:54.046 INFO [main] org.apache.catalina.startup.VersionLoggerListener.log Command line argument: --add-opens=java.base/java.lang=ALL-UNNAMED
21-Jul-2026 01:28:54.046 INFO [main] org.apache.catalina.startup.VersionLoggerListener.log Command line argument: --add-opens=java.base/java.io=ALL-UNNAMED
21-Jul-2026 01:28:54.046 INFO [main] org.apache.catalina.startup.VersionLoggerListener.log Command line argument: --add-opens=java.base/java.util=ALL-UNNAMED
21-Jul-2026 01:28:54.047 INFO [main] org.apache.catalina.startup.VersionLoggerListener.log Command line argument: --add-opens=java.base/java.util.concurrent=ALL-UNNAMED
21-Jul-2026 01:28:54.047 INFO [main] org.apache.catalina.startup.VersionLoggerListener.log Command line argument: --add-opens=java.rmi/sun.rmi.transport=ALL-UNNAMED
21-Jul-2026 01:28:54.048 INFO [main] org.apache.catalina.startup.VersionLoggerListener.log Command line argument: -Dcatalina.base=C:\Users\Fábio Gabriel\Documents\1. Faculdade\3 ANO\2025-2026\2 SEMESTRE\1. PRJ\4. Codigo\5. Codigo\GAPE\target\browser-tomcat10
21-Jul-2026 01:28:54.048 INFO [main] org.apache.catalina.startup.VersionLoggerListener.log Command line argument: -Dcatalina.home=C:\Users\Fábio Gabriel\Documents\1. Faculdade\3 ANO\2025-2026\2 SEMESTRE\1. PRJ\4. Codigo\5. Codigo\GAPE\docs\dev\.tools\apache-tomcat-10.1.24
21-Jul-2026 01:28:54.048 INFO [main] org.apache.catalina.startup.VersionLoggerListener.log Command line argument: -Djava.io.tmpdir=C:\Users\Fábio Gabriel\Documents\1. Faculdade\3 ANO\2025-2026\2 SEMESTRE\1. PRJ\4. Codigo\5. Codigo\GAPE\target\browser-tomcat10\temp
21-Jul-2026 01:28:54.052 INFO [main] org.apache.catalina.core.AprLifecycleListener.lifecycleEvent Loaded Apache Tomcat Native library [2.0.7] using APR version [1.7.4].
21-Jul-2026 01:28:54.059 INFO [main] org.apache.catalina.core.AprLifecycleListener.initializeSSL OpenSSL successfully initialized [OpenSSL 3.0.13 30 Jan 2024]
21-Jul-2026 01:28:54.292 INFO [main] org.apache.coyote.AbstractProtocol.init Initializing ProtocolHandler ["http-nio-8080"]
21-Jul-2026 01:28:54.318 INFO [main] org.apache.catalina.startup.Catalina.load Server initialization in [439] milliseconds
21-Jul-2026 01:28:54.372 INFO [main] org.apache.catalina.core.StandardService.startInternal Starting service [Catalina]
21-Jul-2026 01:28:54.373 INFO [main] org.apache.catalina.core.StandardEngine.startInternal Starting Servlet engine: [Apache Tomcat/10.1.24]
21-Jul-2026 01:28:54.387 INFO [main] org.apache.catalina.startup.HostConfig.deployDirectory Deploying web application directory [C:\Users\Fábio Gabriel\Documents\1. Faculdade\3 ANO\2025-2026\2 SEMESTRE\1. PRJ\4. Codigo\5. Codigo\GAPE\target\browser-tomcat10\webapps\GAPE]
21-Jul-2026 01:28:56.885 INFO [main] org.apache.jasper.servlet.TldScanner.scanJars At least one JAR was scanned for TLDs yet contained no TLDs. Enable debug logging for this logger for a complete list of JARs that were scanned but no TLDs were found in them. Skipping unneeded JARs during scanning can improve startup time and JSP compilation time.
21-Jul-2026 01:29:07.019 INFO [main] org.apache.catalina.startup.HostConfig.deployDirectory Deployment of web application directory [C:\Users\Fábio Gabriel\Documents\1. Faculdade\3 ANO\2025-2026\2 SEMESTRE\1. PRJ\4. Codigo\5. Codigo\GAPE\target\browser-tomcat10\webapps\GAPE] has finished in [12,629] ms
21-Jul-2026 01:29:07.024 INFO [main] org.apache.coyote.AbstractProtocol.start Starting ProtocolHandler ["http-nio-8080"]
21-Jul-2026 01:29:07.039 INFO [main] org.apache.catalina.startup.Catalina.start Server startup in [12717] milliseconds
21-Jul-2026 01:32:32.429 INFO [main] org.apache.catalina.startup.VersionLoggerListener.log Server version name:   Apache Tomcat/10.1.24
21-Jul-2026 01:32:32.432 INFO [main] org.apache.catalina.startup.VersionLoggerListener.log Server built:          May 9 2024 17:41:23 UTC
21-Jul-2026 01:32:32.433 INFO [main] org.apache.catalina.startup.VersionLoggerListener.log Server version number: 10.1.24.0
21-Jul-2026 01:32:32.433 INFO [main] org.apache.catalina.startup.VersionLoggerListener.log OS Name:               Windows 11
21-Jul-2026 01:32:32.433 INFO [main] org.apache.catalina.startup.VersionLoggerListener.log OS Version:            10.0
21-Jul-2026 01:32:32.433 INFO [main] org.apache.catalina.startup.VersionLoggerListener.log Architecture:          amd64
21-Jul-2026 01:32:32.433 INFO [main] org.apache.catalina.startup.VersionLoggerListener.log Java Home:             C:\Program Files\Java\jdk-25
21-Jul-2026 01:32:32.434 INFO [main] org.apache.catalina.startup.VersionLoggerListener.log JVM Version:           25.0.1+8-LTS-27
21-Jul-2026 01:32:32.434 INFO [main] org.apache.catalina.startup.VersionLoggerListener.log JVM Vendor:            Oracle Corporation
21-Jul-2026 01:32:32.434 INFO [main] org.apache.catalina.startup.VersionLoggerListener.log CATALINA_BASE:         C:\Users\Fábio Gabriel\Documents\1. Faculdade\3 ANO\2025-2026\2 SEMESTRE\1. PRJ\4. Codigo\5. Codigo\GAPE\target\browser-tomcat10
21-Jul-2026 01:32:32.434 INFO [main] org.apache.catalina.startup.VersionLoggerListener.log CATALINA_HOME:         C:\Users\Fábio Gabriel\Documents\1. Faculdade\3 ANO\2025-2026\2 SEMESTRE\1. PRJ\4. Codigo\5. Codigo\GAPE\docs\dev\.tools\apache-tomcat-10.1.24
21-Jul-2026 01:32:32.442 INFO [main] org.apache.catalina.startup.VersionLoggerListener.log Command line argument: -Djava.util.logging.config.file=C:\Users\Fábio Gabriel\Documents\1. Faculdade\3 ANO\2025-2026\2 SEMESTRE\1. PRJ\4. Codigo\5. Codigo\GAPE\target\browser-tomcat10\conf\logging.properties
21-Jul-2026 01:32:32.443 INFO [main] org.apache.catalina.startup.VersionLoggerListener.log Command line argument: -Djava.util.logging.manager=org.apache.juli.ClassLoaderLogManager
21-Jul-2026 01:32:32.443 INFO [main] org.apache.catalina.startup.VersionLoggerListener.log Command line argument: --enable-native-access=ALL-UNNAMED
21-Jul-2026 01:32:32.443 INFO [main] org.apache.catalina.startup.VersionLoggerListener.log Command line argument: -Dfile.encoding=UTF-8
21-Jul-2026 01:32:32.443 INFO [main] org.apache.catalina.startup.VersionLoggerListener.log Command line argument: -Duser.timezone=Europe/Lisbon
21-Jul-2026 01:32:32.443 INFO [main] org.apache.catalina.startup.VersionLoggerListener.log Command line argument: -Dgape.upload.dir=C:\Users\Fábio Gabriel\Documents\1. Faculdade\3 ANO\2025-2026\2 SEMESTRE\1. PRJ\4. Codigo\5. Codigo\GAPE\uploads
21-Jul-2026 01:32:32.444 INFO [main] org.apache.catalina.startup.VersionLoggerListener.log Command line argument: -Dgape.webp.native.dir=C:\Users\Fábio Gabriel\Documents\1. Faculdade\3 ANO\2025-2026\2 SEMESTRE\1. PRJ\4. Codigo\5. Codigo\GAPE\docs\dev\.gape-webp-native
21-Jul-2026 01:32:32.444 INFO [main] org.apache.catalina.startup.VersionLoggerListener.log Command line argument: -Djdk.tls.ephemeralDHKeySize=2048
21-Jul-2026 01:32:32.444 INFO [main] org.apache.catalina.startup.VersionLoggerListener.log Command line argument: -Djava.protocol.handler.pkgs=org.apache.catalina.webresources
21-Jul-2026 01:32:32.444 INFO [main] org.apache.catalina.startup.VersionLoggerListener.log Command line argument: --add-opens=java.base/java.lang=ALL-UNNAMED
21-Jul-2026 01:32:32.445 INFO [main] org.apache.catalina.startup.VersionLoggerListener.log Command line argument: --add-opens=java.base/java.io=ALL-UNNAMED
21-Jul-2026 01:32:32.445 INFO [main] org.apache.catalina.startup.VersionLoggerListener.log Command line argument: --add-opens=java.base/java.util=ALL-UNNAMED
21-Jul-2026 01:32:32.445 INFO [main] org.apache.catalina.startup.VersionLoggerListener.log Command line argument: --add-opens=java.base/java.util.concurrent=ALL-UNNAMED
21-Jul-2026 01:32:32.445 INFO [main] org.apache.catalina.startup.VersionLoggerListener.log Command line argument: --add-opens=java.rmi/sun.rmi.transport=ALL-UNNAMED
21-Jul-2026 01:32:32.446 INFO [main] org.apache.catalina.startup.VersionLoggerListener.log Command line argument: -Dcatalina.base=C:\Users\Fábio Gabriel\Documents\1. Faculdade\3 ANO\2025-2026\2 SEMESTRE\1. PRJ\4. Codigo\5. Codigo\GAPE\target\browser-tomcat10
21-Jul-2026 01:32:32.446 INFO [main] org.apache.catalina.startup.VersionLoggerListener.log Command line argument: -Dcatalina.home=C:\Users\Fábio Gabriel\Documents\1. Faculdade\3 ANO\2025-2026\2 SEMESTRE\1. PRJ\4. Codigo\5. Codigo\GAPE\docs\dev\.tools\apache-tomcat-10.1.24
21-Jul-2026 01:32:32.446 INFO [main] org.apache.catalina.startup.VersionLoggerListener.log Command line argument: -Djava.io.tmpdir=C:\Users\Fábio Gabriel\Documents\1. Faculdade\3 ANO\2025-2026\2 SEMESTRE\1. PRJ\4. Codigo\5. Codigo\GAPE\target\browser-tomcat10\temp
21-Jul-2026 01:32:32.449 INFO [main] org.apache.catalina.core.AprLifecycleListener.lifecycleEvent Loaded Apache Tomcat Native library [2.0.7] using APR version [1.7.4].
21-Jul-2026 01:32:32.456 INFO [main] org.apache.catalina.core.AprLifecycleListener.initializeSSL OpenSSL successfully initialized [OpenSSL 3.0.13 30 Jan 2024]
21-Jul-2026 01:32:32.679 INFO [main] org.apache.coyote.AbstractProtocol.init Initializing ProtocolHandler ["http-nio-8080"]
21-Jul-2026 01:32:32.702 INFO [main] org.apache.catalina.startup.Catalina.load Server initialization in [445] milliseconds
21-Jul-2026 01:32:32.737 INFO [main] org.apache.catalina.core.StandardService.startInternal Starting service [Catalina]
21-Jul-2026 01:32:32.737 INFO [main] org.apache.catalina.core.StandardEngine.startInternal Starting Servlet engine: [Apache Tomcat/10.1.24]
21-Jul-2026 01:32:32.748 INFO [main] org.apache.catalina.startup.HostConfig.deployDirectory Deploying web application directory [C:\Users\Fábio Gabriel\Documents\1. Faculdade\3 ANO\2025-2026\2 SEMESTRE\1. PRJ\4. Codigo\5. Codigo\GAPE\target\browser-tomcat10\webapps\GAPE]
21-Jul-2026 01:32:35.208 INFO [main] org.apache.jasper.servlet.TldScanner.scanJars At least one JAR was scanned for TLDs yet contained no TLDs. Enable debug logging for this logger for a complete list of JARs that were scanned but no TLDs were found in them. Skipping unneeded JARs during scanning can improve startup time and JSP compilation time.
21-Jul-2026 01:32:44.141 INFO [main] org.apache.catalina.startup.HostConfig.deployDirectory Deployment of web application directory [C:\Users\Fábio Gabriel\Documents\1. Faculdade\3 ANO\2025-2026\2 SEMESTRE\1. PRJ\4. Codigo\5. Codigo\GAPE\target\browser-tomcat10\webapps\GAPE] has finished in [11,390] ms
21-Jul-2026 01:32:44.145 INFO [main] org.apache.coyote.AbstractProtocol.start Starting ProtocolHandler ["http-nio-8080"]
21-Jul-2026 01:32:44.159 INFO [main] org.apache.catalina.startup.Catalina.start Server startup in [11455] milliseconds
21-Jul-2026 01:33:57.363 INFO [main] org.apache.catalina.startup.VersionLoggerListener.log Server version name:   Apache Tomcat/10.1.24
21-Jul-2026 01:33:57.365 INFO [main] org.apache.catalina.startup.VersionLoggerListener.log Server built:          May 9 2024 17:41:23 UTC
21-Jul-2026 01:33:57.367 INFO [main] org.apache.catalina.startup.VersionLoggerListener.log Server version number: 10.1.24.0
21-Jul-2026 01:33:57.367 INFO [main] org.apache.catalina.startup.VersionLoggerListener.log OS Name:               Windows 11
21-Jul-2026 01:33:57.368 INFO [main] org.apache.catalina.startup.VersionLoggerListener.log OS Version:            10.0
21-Jul-2026 01:33:57.368 INFO [main] org.apache.catalina.startup.VersionLoggerListener.log Architecture:          amd64
21-Jul-2026 01:33:57.368 INFO [main] org.apache.catalina.startup.VersionLoggerListener.log Java Home:             C:\Program Files\Java\jdk-25
21-Jul-2026 01:33:57.369 INFO [main] org.apache.catalina.startup.VersionLoggerListener.log JVM Version:           25.0.1+8-LTS-27
21-Jul-2026 01:33:57.369 INFO [main] org.apache.catalina.startup.VersionLoggerListener.log JVM Vendor:            Oracle Corporation
21-Jul-2026 01:33:57.369 INFO [main] org.apache.catalina.startup.VersionLoggerListener.log CATALINA_BASE:         C:\Users\Fábio Gabriel\Documents\1. Faculdade\3 ANO\2025-2026\2 SEMESTRE\1. PRJ\4. Codigo\5. Codigo\GAPE\target\browser-tomcat10
21-Jul-2026 01:33:57.370 INFO [main] org.apache.catalina.startup.VersionLoggerListener.log CATALINA_HOME:         C:\Users\Fábio Gabriel\Documents\1. Faculdade\3 ANO\2025-2026\2 SEMESTRE\1. PRJ\4. Codigo\5. Codigo\GAPE\docs\dev\.tools\apache-tomcat-10.1.24
21-Jul-2026 01:33:57.378 INFO [main] org.apache.catalina.startup.VersionLoggerListener.log Command line argument: -Djava.util.logging.config.file=C:\Users\Fábio Gabriel\Documents\1. Faculdade\3 ANO\2025-2026\2 SEMESTRE\1. PRJ\4. Codigo\5. Codigo\GAPE\target\browser-tomcat10\conf\logging.properties
21-Jul-2026 01:33:57.378 INFO [main] org.apache.catalina.startup.VersionLoggerListener.log Command line argument: -Djava.util.logging.manager=org.apache.juli.ClassLoaderLogManager
21-Jul-2026 01:33:57.378 INFO [main] org.apache.catalina.startup.VersionLoggerListener.log Command line argument: --enable-native-access=ALL-UNNAMED
21-Jul-2026 01:33:57.378 INFO [main] org.apache.catalina.startup.VersionLoggerListener.log Command line argument: -Dfile.encoding=UTF-8
21-Jul-2026 01:33:57.378 INFO [main] org.apache.catalina.startup.VersionLoggerListener.log Command line argument: -Duser.timezone=Europe/Lisbon
21-Jul-2026 01:33:57.380 INFO [main] org.apache.catalina.startup.VersionLoggerListener.log Command line argument: -Dgape.upload.dir=C:\Users\Fábio Gabriel\Documents\1. Faculdade\3 ANO\2025-2026\2 SEMESTRE\1. PRJ\4. Codigo\5. Codigo\GAPE\uploads
21-Jul-2026 01:33:57.380 INFO [main] org.apache.catalina.startup.VersionLoggerListener.log Command line argument: -Dgape.webp.native.dir=C:\Users\Fábio Gabriel\Documents\1. Faculdade\3 ANO\2025-2026\2 SEMESTRE\1. PRJ\4. Codigo\5. Codigo\GAPE\docs\dev\.gape-webp-native
21-Jul-2026 01:33:57.380 INFO [main] org.apache.catalina.startup.VersionLoggerListener.log Command line argument: -Djdk.tls.ephemeralDHKeySize=2048
21-Jul-2026 01:33:57.380 INFO [main] org.apache.catalina.startup.VersionLoggerListener.log Command line argument: -Djava.protocol.handler.pkgs=org.apache.catalina.webresources
21-Jul-2026 01:33:57.381 INFO [main] org.apache.catalina.startup.VersionLoggerListener.log Command line argument: --add-opens=java.base/java.lang=ALL-UNNAMED
21-Jul-2026 01:33:57.381 INFO [main] org.apache.catalina.startup.VersionLoggerListener.log Command line argument: --add-opens=java.base/java.io=ALL-UNNAMED
21-Jul-2026 01:33:57.381 INFO [main] org.apache.catalina.startup.VersionLoggerListener.log Command line argument: --add-opens=java.base/java.util=ALL-UNNAMED
21-Jul-2026 01:33:57.381 INFO [main] org.apache.catalina.startup.VersionLoggerListener.log Command line argument: --add-opens=java.base/java.util.concurrent=ALL-UNNAMED
21-Jul-2026 01:33:57.381 INFO [main] org.apache.catalina.startup.VersionLoggerListener.log Command line argument: --add-opens=java.rmi/sun.rmi.transport=ALL-UNNAMED
21-Jul-2026 01:33:57.382 INFO [main] org.apache.catalina.startup.VersionLoggerListener.log Command line argument: -Dcatalina.base=C:\Users\Fábio Gabriel\Documents\1. Faculdade\3 ANO\2025-2026\2 SEMESTRE\1. PRJ\4. Codigo\5. Codigo\GAPE\target\browser-tomcat10
21-Jul-2026 01:33:57.382 INFO [main] org.apache.catalina.startup.VersionLoggerListener.log Command line argument: -Dcatalina.home=C:\Users\Fábio Gabriel\Documents\1. Faculdade\3 ANO\2025-2026\2 SEMESTRE\1. PRJ\4. Codigo\5. Codigo\GAPE\docs\dev\.tools\apache-tomcat-10.1.24
21-Jul-2026 01:33:57.382 INFO [main] org.apache.catalina.startup.VersionLoggerListener.log Command line argument: -Djava.io.tmpdir=C:\Users\Fábio Gabriel\Documents\1. Faculdade\3 ANO\2025-2026\2 SEMESTRE\1. PRJ\4. Codigo\5. Codigo\GAPE\target\browser-tomcat10\temp
21-Jul-2026 01:33:57.385 INFO [main] org.apache.catalina.core.AprLifecycleListener.lifecycleEvent Loaded Apache Tomcat Native library [2.0.7] using APR version [1.7.4].
21-Jul-2026 01:33:57.392 INFO [main] org.apache.catalina.core.AprLifecycleListener.initializeSSL OpenSSL successfully initialized [OpenSSL 3.0.13 30 Jan 2024]
21-Jul-2026 01:33:57.626 INFO [main] org.apache.coyote.AbstractProtocol.init Initializing ProtocolHandler ["http-nio-8080"]
21-Jul-2026 01:33:57.649 INFO [main] org.apache.catalina.startup.Catalina.load Server initialization in [438] milliseconds
21-Jul-2026 01:33:57.689 INFO [main] org.apache.catalina.core.StandardService.startInternal Starting service [Catalina]
21-Jul-2026 01:33:57.690 INFO [main] org.apache.catalina.core.StandardEngine.startInternal Starting Servlet engine: [Apache Tomcat/10.1.24]
21-Jul-2026 01:33:57.700 INFO [main] org.apache.catalina.startup.HostConfig.deployDirectory Deploying web application directory [C:\Users\Fábio Gabriel\Documents\1. Faculdade\3 ANO\2025-2026\2 SEMESTRE\1. PRJ\4. Codigo\5. Codigo\GAPE\target\browser-tomcat10\webapps\GAPE]
21-Jul-2026 01:34:00.204 INFO [main] org.apache.jasper.servlet.TldScanner.scanJars At least one JAR was scanned for TLDs yet contained no TLDs. Enable debug logging for this logger for a complete list of JARs that were scanned but no TLDs were found in them. Skipping unneeded JARs during scanning can improve startup time and JSP compilation time.
21-Jul-2026 01:34:10.181 INFO [main] org.apache.catalina.startup.HostConfig.deployDirectory Deployment of web application directory [C:\Users\Fábio Gabriel\Documents\1. Faculdade\3 ANO\2025-2026\2 SEMESTRE\1. PRJ\4. Codigo\5. Codigo\GAPE\target\browser-tomcat10\webapps\GAPE] has finished in [12,478] ms
21-Jul-2026 01:34:10.186 INFO [main] org.apache.coyote.AbstractProtocol.start Starting ProtocolHandler ["http-nio-8080"]
21-Jul-2026 01:34:10.200 INFO [main] org.apache.catalina.startup.Catalina.start Server startup in [12549] milliseconds
21-Jul-2026 01:35:14.078 INFO [main] org.apache.catalina.startup.VersionLoggerListener.log Server version name:   Apache Tomcat/10.1.24
21-Jul-2026 01:35:14.082 INFO [main] org.apache.catalina.startup.VersionLoggerListener.log Server built:          May 9 2024 17:41:23 UTC
21-Jul-2026 01:35:14.082 INFO [main] org.apache.catalina.startup.VersionLoggerListener.log Server version number: 10.1.24.0
21-Jul-2026 01:35:14.082 INFO [main] org.apache.catalina.startup.VersionLoggerListener.log OS Name:               Windows 11
21-Jul-2026 01:35:14.082 INFO [main] org.apache.catalina.startup.VersionLoggerListener.log OS Version:            10.0
21-Jul-2026 01:35:14.083 INFO [main] org.apache.catalina.startup.VersionLoggerListener.log Architecture:          amd64
21-Jul-2026 01:35:14.083 INFO [main] org.apache.catalina.startup.VersionLoggerListener.log Java Home:             C:\Program Files\Java\jdk-25
21-Jul-2026 01:35:14.083 INFO [main] org.apache.catalina.startup.VersionLoggerListener.log JVM Version:           25.0.1+8-LTS-27
21-Jul-2026 01:35:14.083 INFO [main] org.apache.catalina.startup.VersionLoggerListener.log JVM Vendor:            Oracle Corporation
21-Jul-2026 01:35:14.084 INFO [main] org.apache.catalina.startup.VersionLoggerListener.log CATALINA_BASE:         C:\Users\Fábio Gabriel\Documents\1. Faculdade\3 ANO\2025-2026\2 SEMESTRE\1. PRJ\4. Codigo\5. Codigo\GAPE\target\browser-tomcat10
21-Jul-2026 01:35:14.084 INFO [main] org.apache.catalina.startup.VersionLoggerListener.log CATALINA_HOME:         C:\Users\Fábio Gabriel\Documents\1. Faculdade\3 ANO\2025-2026\2 SEMESTRE\1. PRJ\4. Codigo\5. Codigo\GAPE\docs\dev\.tools\apache-tomcat-10.1.24
21-Jul-2026 01:35:14.093 INFO [main] org.apache.catalina.startup.VersionLoggerListener.log Command line argument: -Djava.util.logging.config.file=C:\Users\Fábio Gabriel\Documents\1. Faculdade\3 ANO\2025-2026\2 SEMESTRE\1. PRJ\4. Codigo\5. Codigo\GAPE\target\browser-tomcat10\conf\logging.properties
21-Jul-2026 01:35:14.094 INFO [main] org.apache.catalina.startup.VersionLoggerListener.log Command line argument: -Djava.util.logging.manager=org.apache.juli.ClassLoaderLogManager
21-Jul-2026 01:35:14.094 INFO [main] org.apache.catalina.startup.VersionLoggerListener.log Command line argument: --enable-native-access=ALL-UNNAMED
21-Jul-2026 01:35:14.095 INFO [main] org.apache.catalina.startup.VersionLoggerListener.log Command line argument: -Dfile.encoding=UTF-8
21-Jul-2026 01:35:14.095 INFO [main] org.apache.catalina.startup.VersionLoggerListener.log Command line argument: -Duser.timezone=Europe/Lisbon
21-Jul-2026 01:35:14.095 INFO [main] org.apache.catalina.startup.VersionLoggerListener.log Command line argument: -Dgape.upload.dir=C:\Users\Fábio Gabriel\Documents\1. Faculdade\3 ANO\2025-2026\2 SEMESTRE\1. PRJ\4. Codigo\5. Codigo\GAPE\uploads
21-Jul-2026 01:35:14.095 INFO [main] org.apache.catalina.startup.VersionLoggerListener.log Command line argument: -Dgape.webp.native.dir=C:\Users\Fábio Gabriel\Documents\1. Faculdade\3 ANO\2025-2026\2 SEMESTRE\1. PRJ\4. Codigo\5. Codigo\GAPE\docs\dev\.gape-webp-native
21-Jul-2026 01:35:14.097 INFO [main] org.apache.catalina.startup.VersionLoggerListener.log Command line argument: -Djdk.tls.ephemeralDHKeySize=2048
21-Jul-2026 01:35:14.097 INFO [main] org.apache.catalina.startup.VersionLoggerListener.log Command line argument: -Djava.protocol.handler.pkgs=org.apache.catalina.webresources
21-Jul-2026 01:35:14.097 INFO [main] org.apache.catalina.startup.VersionLoggerListener.log Command line argument: --add-opens=java.base/java.lang=ALL-UNNAMED
21-Jul-2026 01:35:14.098 INFO [main] org.apache.catalina.startup.VersionLoggerListener.log Command line argument: --add-opens=java.base/java.io=ALL-UNNAMED
21-Jul-2026 01:35:14.098 INFO [main] org.apache.catalina.startup.VersionLoggerListener.log Command line argument: --add-opens=java.base/java.util=ALL-UNNAMED
21-Jul-2026 01:35:14.098 INFO [main] org.apache.catalina.startup.VersionLoggerListener.log Command line argument: --add-opens=java.base/java.util.concurrent=ALL-UNNAMED
21-Jul-2026 01:35:14.098 INFO [main] org.apache.catalina.startup.VersionLoggerListener.log Command line argument: --add-opens=java.rmi/sun.rmi.transport=ALL-UNNAMED
21-Jul-2026 01:35:14.099 INFO [main] org.apache.catalina.startup.VersionLoggerListener.log Command line argument: -Dcatalina.base=C:\Users\Fábio Gabriel\Documents\1. Faculdade\3 ANO\2025-2026\2 SEMESTRE\1. PRJ\4. Codigo\5. Codigo\GAPE\target\browser-tomcat10
21-Jul-2026 01:35:14.099 INFO [main] org.apache.catalina.startup.VersionLoggerListener.log Command line argument: -Dcatalina.home=C:\Users\Fábio Gabriel\Documents\1. Faculdade\3 ANO\2025-2026\2 SEMESTRE\1. PRJ\4. Codigo\5. Codigo\GAPE\docs\dev\.tools\apache-tomcat-10.1.24
21-Jul-2026 01:35:14.099 INFO [main] org.apache.catalina.startup.VersionLoggerListener.log Command line argument: -Djava.io.tmpdir=C:\Users\Fábio Gabriel\Documents\1. Faculdade\3 ANO\2025-2026\2 SEMESTRE\1. PRJ\4. Codigo\5. Codigo\GAPE\target\browser-tomcat10\temp
21-Jul-2026 01:35:14.103 INFO [main] org.apache.catalina.core.AprLifecycleListener.lifecycleEvent Loaded Apache Tomcat Native library [2.0.7] using APR version [1.7.4].
21-Jul-2026 01:35:14.113 INFO [main] org.apache.catalina.core.AprLifecycleListener.initializeSSL OpenSSL successfully initialized [OpenSSL 3.0.13 30 Jan 2024]
21-Jul-2026 01:35:14.398 INFO [main] org.apache.coyote.AbstractProtocol.init Initializing ProtocolHandler ["http-nio-8080"]
21-Jul-2026 01:35:14.425 INFO [main] org.apache.catalina.startup.Catalina.load Server initialization in [529] milliseconds
21-Jul-2026 01:35:14.467 INFO [main] org.apache.catalina.core.StandardService.startInternal Starting service [Catalina]
21-Jul-2026 01:35:14.467 INFO [main] org.apache.catalina.core.StandardEngine.startInternal Starting Servlet engine: [Apache Tomcat/10.1.24]
21-Jul-2026 01:35:14.480 INFO [main] org.apache.catalina.startup.HostConfig.deployDirectory Deploying web application directory [C:\Users\Fábio Gabriel\Documents\1. Faculdade\3 ANO\2025-2026\2 SEMESTRE\1. PRJ\4. Codigo\5. Codigo\GAPE\target\browser-tomcat10\webapps\GAPE]
21-Jul-2026 01:35:17.230 INFO [main] org.apache.jasper.servlet.TldScanner.scanJars At least one JAR was scanned for TLDs yet contained no TLDs. Enable debug logging for this logger for a complete list of JARs that were scanned but no TLDs were found in them. Skipping unneeded JARs during scanning can improve startup time and JSP compilation time.
21-Jul-2026 01:35:27.485 INFO [main] org.apache.catalina.startup.HostConfig.deployDirectory Deployment of web application directory [C:\Users\Fábio Gabriel\Documents\1. Faculdade\3 ANO\2025-2026\2 SEMESTRE\1. PRJ\4. Codigo\5. Codigo\GAPE\target\browser-tomcat10\webapps\GAPE] has finished in [13,002] ms
21-Jul-2026 01:35:27.488 INFO [main] org.apache.coyote.AbstractProtocol.start Starting ProtocolHandler ["http-nio-8080"]
21-Jul-2026 01:35:27.502 INFO [main] org.apache.catalina.startup.Catalina.start Server startup in [13076] milliseconds
21-Jul-2026 01:44:37.854 INFO [main] org.apache.catalina.startup.VersionLoggerListener.log Server version name:   Apache Tomcat/10.1.24
21-Jul-2026 01:44:37.856 INFO [main] org.apache.catalina.startup.VersionLoggerListener.log Server built:          May 9 2024 17:41:23 UTC
21-Jul-2026 01:44:37.857 INFO [main] org.apache.catalina.startup.VersionLoggerListener.log Server version number: 10.1.24.0
21-Jul-2026 01:44:37.857 INFO [main] org.apache.catalina.startup.VersionLoggerListener.log OS Name:               Windows 11
21-Jul-2026 01:44:37.857 INFO [main] org.apache.catalina.startup.VersionLoggerListener.log OS Version:            10.0
21-Jul-2026 01:44:37.858 INFO [main] org.apache.catalina.startup.VersionLoggerListener.log Architecture:          amd64
21-Jul-2026 01:44:37.858 INFO [main] org.apache.catalina.startup.VersionLoggerListener.log Java Home:             C:\Program Files\Java\jdk-25
21-Jul-2026 01:44:37.858 INFO [main] org.apache.catalina.startup.VersionLoggerListener.log JVM Version:           25.0.1+8-LTS-27
21-Jul-2026 01:44:37.858 INFO [main] org.apache.catalina.startup.VersionLoggerListener.log JVM Vendor:            Oracle Corporation
21-Jul-2026 01:44:37.859 INFO [main] org.apache.catalina.startup.VersionLoggerListener.log CATALINA_BASE:         C:\Users\Fábio Gabriel\Documents\1. Faculdade\3 ANO\2025-2026\2 SEMESTRE\1. PRJ\4. Codigo\5. Codigo\GAPE\target\browser-tomcat10
21-Jul-2026 01:44:37.859 INFO [main] org.apache.catalina.startup.VersionLoggerListener.log CATALINA_HOME:         C:\Users\Fábio Gabriel\Documents\1. Faculdade\3 ANO\2025-2026\2 SEMESTRE\1. PRJ\4. Codigo\5. Codigo\GAPE\docs\dev\.tools\apache-tomcat-10.1.24
21-Jul-2026 01:44:37.866 INFO [main] org.apache.catalina.startup.VersionLoggerListener.log Command line argument: -Djava.util.logging.config.file=C:\Users\Fábio Gabriel\Documents\1. Faculdade\3 ANO\2025-2026\2 SEMESTRE\1. PRJ\4. Codigo\5. Codigo\GAPE\target\browser-tomcat10\conf\logging.properties
21-Jul-2026 01:44:37.867 INFO [main] org.apache.catalina.startup.VersionLoggerListener.log Command line argument: -Djava.util.logging.manager=org.apache.juli.ClassLoaderLogManager
21-Jul-2026 01:44:37.867 INFO [main] org.apache.catalina.startup.VersionLoggerListener.log Command line argument: --enable-native-access=ALL-UNNAMED
21-Jul-2026 01:44:37.867 INFO [main] org.apache.catalina.startup.VersionLoggerListener.log Command line argument: -Dfile.encoding=UTF-8
21-Jul-2026 01:44:37.868 INFO [main] org.apache.catalina.startup.VersionLoggerListener.log Command line argument: -Duser.timezone=Europe/Lisbon
21-Jul-2026 01:44:37.868 INFO [main] org.apache.catalina.startup.VersionLoggerListener.log Command line argument: -Dgape.upload.dir=C:\Users\Fábio Gabriel\Documents\1. Faculdade\3 ANO\2025-2026\2 SEMESTRE\1. PRJ\4. Codigo\5. Codigo\GAPE\uploads
21-Jul-2026 01:44:37.868 INFO [main] org.apache.catalina.startup.VersionLoggerListener.log Command line argument: -Dgape.webp.native.dir=C:\Users\Fábio Gabriel\Documents\1. Faculdade\3 ANO\2025-2026\2 SEMESTRE\1. PRJ\4. Codigo\5. Codigo\GAPE\docs\dev\.gape-webp-native
21-Jul-2026 01:44:37.869 INFO [main] org.apache.catalina.startup.VersionLoggerListener.log Command line argument: -Djdk.tls.ephemeralDHKeySize=2048
21-Jul-2026 01:44:37.869 INFO [main] org.apache.catalina.startup.VersionLoggerListener.log Command line argument: -Djava.protocol.handler.pkgs=org.apache.catalina.webresources
21-Jul-2026 01:44:37.869 INFO [main] org.apache.catalina.startup.VersionLoggerListener.log Command line argument: --add-opens=java.base/java.lang=ALL-UNNAMED
21-Jul-2026 01:44:37.870 INFO [main] org.apache.catalina.startup.VersionLoggerListener.log Command line argument: --add-opens=java.base/java.io=ALL-UNNAMED
21-Jul-2026 01:44:37.870 INFO [main] org.apache.catalina.startup.VersionLoggerListener.log Command line argument: --add-opens=java.base/java.util=ALL-UNNAMED
21-Jul-2026 01:44:37.870 INFO [main] org.apache.catalina.startup.VersionLoggerListener.log Command line argument: --add-opens=java.base/java.util.concurrent=ALL-UNNAMED
21-Jul-2026 01:44:37.870 INFO [main] org.apache.catalina.startup.VersionLoggerListener.log Command line argument: --add-opens=java.rmi/sun.rmi.transport=ALL-UNNAMED
21-Jul-2026 01:44:37.871 INFO [main] org.apache.catalina.startup.VersionLoggerListener.log Command line argument: -Dcatalina.base=C:\Users\Fábio Gabriel\Documents\1. Faculdade\3 ANO\2025-2026\2 SEMESTRE\1. PRJ\4. Codigo\5. Codigo\GAPE\target\browser-tomcat10
21-Jul-2026 01:44:37.871 INFO [main] org.apache.catalina.startup.VersionLoggerListener.log Command line argument: -Dcatalina.home=C:\Users\Fábio Gabriel\Documents\1. Faculdade\3 ANO\2025-2026\2 SEMESTRE\1. PRJ\4. Codigo\5. Codigo\GAPE\docs\dev\.tools\apache-tomcat-10.1.24
21-Jul-2026 01:44:37.871 INFO [main] org.apache.catalina.startup.VersionLoggerListener.log Command line argument: -Djava.io.tmpdir=C:\Users\Fábio Gabriel\Documents\1. Faculdade\3 ANO\2025-2026\2 SEMESTRE\1. PRJ\4. Codigo\5. Codigo\GAPE\target\browser-tomcat10\temp
21-Jul-2026 01:44:37.874 INFO [main] org.apache.catalina.core.AprLifecycleListener.lifecycleEvent Loaded Apache Tomcat Native library [2.0.7] using APR version [1.7.4].
21-Jul-2026 01:44:37.882 INFO [main] org.apache.catalina.core.AprLifecycleListener.initializeSSL OpenSSL successfully initialized [OpenSSL 3.0.13 30 Jan 2024]
21-Jul-2026 01:44:38.110 INFO [main] org.apache.coyote.AbstractProtocol.init Initializing ProtocolHandler ["http-nio-8080"]
21-Jul-2026 01:44:38.128 INFO [main] org.apache.catalina.startup.Catalina.load Server initialization in [426] milliseconds
21-Jul-2026 01:44:38.172 INFO [main] org.apache.catalina.core.StandardService.startInternal Starting service [Catalina]
21-Jul-2026 01:44:38.172 INFO [main] org.apache.catalina.core.StandardEngine.startInternal Starting Servlet engine: [Apache Tomcat/10.1.24]
21-Jul-2026 01:44:38.187 INFO [main] org.apache.catalina.startup.HostConfig.deployDirectory Deploying web application directory [C:\Users\Fábio Gabriel\Documents\1. Faculdade\3 ANO\2025-2026\2 SEMESTRE\1. PRJ\4. Codigo\5. Codigo\GAPE\target\browser-tomcat10\webapps\GAPE]
21-Jul-2026 01:44:40.616 INFO [main] org.apache.jasper.servlet.TldScanner.scanJars At least one JAR was scanned for TLDs yet contained no TLDs. Enable debug logging for this logger for a complete list of JARs that were scanned but no TLDs were found in them. Skipping unneeded JARs during scanning can improve startup time and JSP compilation time.
21-Jul-2026 01:44:50.455 INFO [main] org.apache.catalina.startup.HostConfig.deployDirectory Deployment of web application directory [C:\Users\Fábio Gabriel\Documents\1. Faculdade\3 ANO\2025-2026\2 SEMESTRE\1. PRJ\4. Codigo\5. Codigo\GAPE\target\browser-tomcat10\webapps\GAPE] has finished in [12,265] ms
21-Jul-2026 01:44:50.459 INFO [main] org.apache.coyote.AbstractProtocol.start Starting ProtocolHandler ["http-nio-8080"]
21-Jul-2026 01:44:50.474 INFO [main] org.apache.catalina.startup.Catalina.start Server startup in [12344] milliseconds
21-Jul-2026 01:46:24.330 INFO [main] org.apache.catalina.startup.VersionLoggerListener.log Server version name:   Apache Tomcat/10.1.24
21-Jul-2026 01:46:24.334 INFO [main] org.apache.catalina.startup.VersionLoggerListener.log Server built:          May 9 2024 17:41:23 UTC
21-Jul-2026 01:46:24.334 INFO [main] org.apache.catalina.startup.VersionLoggerListener.log Server version number: 10.1.24.0
21-Jul-2026 01:46:24.334 INFO [main] org.apache.catalina.startup.VersionLoggerListener.log OS Name:               Windows 11
21-Jul-2026 01:46:24.335 INFO [main] org.apache.catalina.startup.VersionLoggerListener.log OS Version:            10.0
21-Jul-2026 01:46:24.335 INFO [main] org.apache.catalina.startup.VersionLoggerListener.log Architecture:          amd64
21-Jul-2026 01:46:24.335 INFO [main] org.apache.catalina.startup.VersionLoggerListener.log Java Home:             C:\Program Files\Java\jdk-25
21-Jul-2026 01:46:24.335 INFO [main] org.apache.catalina.startup.VersionLoggerListener.log JVM Version:           25.0.1+8-LTS-27
21-Jul-2026 01:46:24.336 INFO [main] org.apache.catalina.startup.VersionLoggerListener.log JVM Vendor:            Oracle Corporation
21-Jul-2026 01:46:24.336 INFO [main] org.apache.catalina.startup.VersionLoggerListener.log CATALINA_BASE:         C:\Users\Fábio Gabriel\Documents\1. Faculdade\3 ANO\2025-2026\2 SEMESTRE\1. PRJ\4. Codigo\5. Codigo\GAPE\target\browser-tomcat10
21-Jul-2026 01:46:24.336 INFO [main] org.apache.catalina.startup.VersionLoggerListener.log CATALINA_HOME:         C:\Users\Fábio Gabriel\Documents\1. Faculdade\3 ANO\2025-2026\2 SEMESTRE\1. PRJ\4. Codigo\5. Codigo\GAPE\docs\dev\.tools\apache-tomcat-10.1.24
21-Jul-2026 01:46:24.343 INFO [main] org.apache.catalina.startup.VersionLoggerListener.log Command line argument: -Djava.util.logging.config.file=C:\Users\Fábio Gabriel\Documents\1. Faculdade\3 ANO\2025-2026\2 SEMESTRE\1. PRJ\4. Codigo\5. Codigo\GAPE\target\browser-tomcat10\conf\logging.properties
21-Jul-2026 01:46:24.344 INFO [main] org.apache.catalina.startup.VersionLoggerListener.log Command line argument: -Djava.util.logging.manager=org.apache.juli.ClassLoaderLogManager
21-Jul-2026 01:46:24.344 INFO [main] org.apache.catalina.startup.VersionLoggerListener.log Command line argument: --enable-native-access=ALL-UNNAMED
21-Jul-2026 01:46:24.345 INFO [main] org.apache.catalina.startup.VersionLoggerListener.log Command line argument: -Dfile.encoding=UTF-8
21-Jul-2026 01:46:24.345 INFO [main] org.apache.catalina.startup.VersionLoggerListener.log Command line argument: -Duser.timezone=Europe/Lisbon
21-Jul-2026 01:46:24.345 INFO [main] org.apache.catalina.startup.VersionLoggerListener.log Command line argument: -Dgape.upload.dir=C:\Users\Fábio Gabriel\Documents\1. Faculdade\3 ANO\2025-2026\2 SEMESTRE\1. PRJ\4. Codigo\5. Codigo\GAPE\uploads
21-Jul-2026 01:46:24.345 INFO [main] org.apache.catalina.startup.VersionLoggerListener.log Command line argument: -Dgape.webp.native.dir=C:\Users\Fábio Gabriel\Documents\1. Faculdade\3 ANO\2025-2026\2 SEMESTRE\1. PRJ\4. Codigo\5. Codigo\GAPE\docs\dev\.gape-webp-native
21-Jul-2026 01:46:24.346 INFO [main] org.apache.catalina.startup.VersionLoggerListener.log Command line argument: -Djdk.tls.ephemeralDHKeySize=2048
21-Jul-2026 01:46:24.346 INFO [main] org.apache.catalina.startup.VersionLoggerListener.log Command line argument: -Djava.protocol.handler.pkgs=org.apache.catalina.webresources
21-Jul-2026 01:46:24.346 INFO [main] org.apache.catalina.startup.VersionLoggerListener.log Command line argument: --add-opens=java.base/java.lang=ALL-UNNAMED
21-Jul-2026 01:46:24.347 INFO [main] org.apache.catalina.startup.VersionLoggerListener.log Command line argument: --add-opens=java.base/java.io=ALL-UNNAMED
21-Jul-2026 01:46:24.347 INFO [main] org.apache.catalina.startup.VersionLoggerListener.log Command line argument: --add-opens=java.base/java.util=ALL-UNNAMED
21-Jul-2026 01:46:24.347 INFO [main] org.apache.catalina.startup.VersionLoggerListener.log Command line argument: --add-opens=java.base/java.util.concurrent=ALL-UNNAMED
21-Jul-2026 01:46:24.348 INFO [main] org.apache.catalina.startup.VersionLoggerListener.log Command line argument: --add-opens=java.rmi/sun.rmi.transport=ALL-UNNAMED
21-Jul-2026 01:46:24.348 INFO [main] org.apache.catalina.startup.VersionLoggerListener.log Command line argument: -Dcatalina.base=C:\Users\Fábio Gabriel\Documents\1. Faculdade\3 ANO\2025-2026\2 SEMESTRE\1. PRJ\4. Codigo\5. Codigo\GAPE\target\browser-tomcat10
21-Jul-2026 01:46:24.348 INFO [main] org.apache.catalina.startup.VersionLoggerListener.log Command line argument: -Dcatalina.home=C:\Users\Fábio Gabriel\Documents\1. Faculdade\3 ANO\2025-2026\2 SEMESTRE\1. PRJ\4. Codigo\5. Codigo\GAPE\docs\dev\.tools\apache-tomcat-10.1.24
21-Jul-2026 01:46:24.349 INFO [main] org.apache.catalina.startup.VersionLoggerListener.log Command line argument: -Djava.io.tmpdir=C:\Users\Fábio Gabriel\Documents\1. Faculdade\3 ANO\2025-2026\2 SEMESTRE\1. PRJ\4. Codigo\5. Codigo\GAPE\target\browser-tomcat10\temp
21-Jul-2026 01:46:24.351 INFO [main] org.apache.catalina.core.AprLifecycleListener.lifecycleEvent Loaded Apache Tomcat Native library [2.0.7] using APR version [1.7.4].
21-Jul-2026 01:46:24.360 INFO [main] org.apache.catalina.core.AprLifecycleListener.initializeSSL OpenSSL successfully initialized [OpenSSL 3.0.13 30 Jan 2024]
21-Jul-2026 01:46:24.647 INFO [main] org.apache.coyote.AbstractProtocol.init Initializing ProtocolHandler ["http-nio-8080"]
21-Jul-2026 01:46:24.670 INFO [main] org.apache.catalina.startup.Catalina.load Server initialization in [516] milliseconds
21-Jul-2026 01:46:24.716 INFO [main] org.apache.catalina.core.StandardService.startInternal Starting service [Catalina]
21-Jul-2026 01:46:24.716 INFO [main] org.apache.catalina.core.StandardEngine.startInternal Starting Servlet engine: [Apache Tomcat/10.1.24]
21-Jul-2026 01:46:24.729 INFO [main] org.apache.catalina.startup.HostConfig.deployDirectory Deploying web application directory [C:\Users\Fábio Gabriel\Documents\1. Faculdade\3 ANO\2025-2026\2 SEMESTRE\1. PRJ\4. Codigo\5. Codigo\GAPE\target\browser-tomcat10\webapps\GAPE]
21-Jul-2026 01:46:28.732 INFO [main] org.apache.jasper.servlet.TldScanner.scanJars At least one JAR was scanned for TLDs yet contained no TLDs. Enable debug logging for this logger for a complete list of JARs that were scanned but no TLDs were found in them. Skipping unneeded JARs during scanning can improve startup time and JSP compilation time.
21-Jul-2026 01:46:42.113 INFO [main] org.apache.catalina.startup.HostConfig.deployDirectory Deployment of web application directory [C:\Users\Fábio Gabriel\Documents\1. Faculdade\3 ANO\2025-2026\2 SEMESTRE\1. PRJ\4. Codigo\5. Codigo\GAPE\target\browser-tomcat10\webapps\GAPE] has finished in [17,380] ms
21-Jul-2026 01:46:42.118 INFO [main] org.apache.coyote.AbstractProtocol.start Starting ProtocolHandler ["http-nio-8080"]
21-Jul-2026 01:46:42.137 INFO [main] org.apache.catalina.startup.Catalina.start Server startup in [17465] milliseconds
21-Jul-2026 01:52:43.522 INFO [main] org.apache.catalina.startup.VersionLoggerListener.log Server version name:   Apache Tomcat/10.1.24
21-Jul-2026 01:52:43.525 INFO [main] org.apache.catalina.startup.VersionLoggerListener.log Server built:          May 9 2024 17:41:23 UTC
21-Jul-2026 01:52:43.525 INFO [main] org.apache.catalina.startup.VersionLoggerListener.log Server version number: 10.1.24.0
21-Jul-2026 01:52:43.525 INFO [main] org.apache.catalina.startup.VersionLoggerListener.log OS Name:               Windows 11
21-Jul-2026 01:52:43.525 INFO [main] org.apache.catalina.startup.VersionLoggerListener.log OS Version:            10.0
21-Jul-2026 01:52:43.525 INFO [main] org.apache.catalina.startup.VersionLoggerListener.log Architecture:          amd64
21-Jul-2026 01:52:43.527 INFO [main] org.apache.catalina.startup.VersionLoggerListener.log Java Home:             C:\Program Files\Java\jdk-25
21-Jul-2026 01:52:43.527 INFO [main] org.apache.catalina.startup.VersionLoggerListener.log JVM Version:           25.0.1+8-LTS-27
21-Jul-2026 01:52:43.527 INFO [main] org.apache.catalina.startup.VersionLoggerListener.log JVM Vendor:            Oracle Corporation
21-Jul-2026 01:52:43.528 INFO [main] org.apache.catalina.startup.VersionLoggerListener.log CATALINA_BASE:         C:\Users\Fábio Gabriel\Documents\1. Faculdade\3 ANO\2025-2026\2 SEMESTRE\1. PRJ\4. Codigo\5. Codigo\GAPE\target\browser-tomcat10
21-Jul-2026 01:52:43.528 INFO [main] org.apache.catalina.startup.VersionLoggerListener.log CATALINA_HOME:         C:\Users\Fábio Gabriel\Documents\1. Faculdade\3 ANO\2025-2026\2 SEMESTRE\1. PRJ\4. Codigo\5. Codigo\GAPE\docs\dev\.tools\apache-tomcat-10.1.24
21-Jul-2026 01:52:43.535 INFO [main] org.apache.catalina.startup.VersionLoggerListener.log Command line argument: -Djava.util.logging.config.file=C:\Users\Fábio Gabriel\Documents\1. Faculdade\3 ANO\2025-2026\2 SEMESTRE\1. PRJ\4. Codigo\5. Codigo\GAPE\target\browser-tomcat10\conf\logging.properties
21-Jul-2026 01:52:43.536 INFO [main] org.apache.catalina.startup.VersionLoggerListener.log Command line argument: -Djava.util.logging.manager=org.apache.juli.ClassLoaderLogManager
21-Jul-2026 01:52:43.536 INFO [main] org.apache.catalina.startup.VersionLoggerListener.log Command line argument: --enable-native-access=ALL-UNNAMED
21-Jul-2026 01:52:43.536 INFO [main] org.apache.catalina.startup.VersionLoggerListener.log Command line argument: -Dfile.encoding=UTF-8
21-Jul-2026 01:52:43.537 INFO [main] org.apache.catalina.startup.VersionLoggerListener.log Command line argument: -Duser.timezone=Europe/Lisbon
21-Jul-2026 01:52:43.537 INFO [main] org.apache.catalina.startup.VersionLoggerListener.log Command line argument: -Dgape.upload.dir=C:\Users\Fábio Gabriel\Documents\1. Faculdade\3 ANO\2025-2026\2 SEMESTRE\1. PRJ\4. Codigo\5. Codigo\GAPE\uploads
21-Jul-2026 01:52:43.537 INFO [main] org.apache.catalina.startup.VersionLoggerListener.log Command line argument: -Dgape.webp.native.dir=C:\Users\Fábio Gabriel\Documents\1. Faculdade\3 ANO\2025-2026\2 SEMESTRE\1. PRJ\4. Codigo\5. Codigo\GAPE\docs\dev\.gape-webp-native
21-Jul-2026 01:52:43.538 INFO [main] org.apache.catalina.startup.VersionLoggerListener.log Command line argument: -Djdk.tls.ephemeralDHKeySize=2048
21-Jul-2026 01:52:43.538 INFO [main] org.apache.catalina.startup.VersionLoggerListener.log Command line argument: -Djava.protocol.handler.pkgs=org.apache.catalina.webresources
21-Jul-2026 01:52:43.538 INFO [main] org.apache.catalina.startup.VersionLoggerListener.log Command line argument: --add-opens=java.base/java.lang=ALL-UNNAMED
21-Jul-2026 01:52:43.539 INFO [main] org.apache.catalina.startup.VersionLoggerListener.log Command line argument: --add-opens=java.base/java.io=ALL-UNNAMED
21-Jul-2026 01:52:43.539 INFO [main] org.apache.catalina.startup.VersionLoggerListener.log Command line argument: --add-opens=java.base/java.util=ALL-UNNAMED
21-Jul-2026 01:52:43.539 INFO [main] org.apache.catalina.startup.VersionLoggerListener.log Command line argument: --add-opens=java.base/java.util.concurrent=ALL-UNNAMED
21-Jul-2026 01:52:43.539 INFO [main] org.apache.catalina.startup.VersionLoggerListener.log Command line argument: --add-opens=java.rmi/sun.rmi.transport=ALL-UNNAMED
21-Jul-2026 01:52:43.540 INFO [main] org.apache.catalina.startup.VersionLoggerListener.log Command line argument: -Dcatalina.base=C:\Users\Fábio Gabriel\Documents\1. Faculdade\3 ANO\2025-2026\2 SEMESTRE\1. PRJ\4. Codigo\5. Codigo\GAPE\target\browser-tomcat10
21-Jul-2026 01:52:43.540 INFO [main] org.apache.catalina.startup.VersionLoggerListener.log Command line argument: -Dcatalina.home=C:\Users\Fábio Gabriel\Documents\1. Faculdade\3 ANO\2025-2026\2 SEMESTRE\1. PRJ\4. Codigo\5. Codigo\GAPE\docs\dev\.tools\apache-tomcat-10.1.24
21-Jul-2026 01:52:43.540 INFO [main] org.apache.catalina.startup.VersionLoggerListener.log Command line argument: -Djava.io.tmpdir=C:\Users\Fábio Gabriel\Documents\1. Faculdade\3 ANO\2025-2026\2 SEMESTRE\1. PRJ\4. Codigo\5. Codigo\GAPE\target\browser-tomcat10\temp
21-Jul-2026 01:52:43.544 INFO [main] org.apache.catalina.core.AprLifecycleListener.lifecycleEvent Loaded Apache Tomcat Native library [2.0.7] using APR version [1.7.4].
21-Jul-2026 01:52:43.551 INFO [main] org.apache.catalina.core.AprLifecycleListener.initializeSSL OpenSSL successfully initialized [OpenSSL 3.0.13 30 Jan 2024]
21-Jul-2026 01:52:43.803 INFO [main] org.apache.coyote.AbstractProtocol.init Initializing ProtocolHandler ["http-nio-8080"]
21-Jul-2026 01:52:43.824 INFO [main] org.apache.catalina.startup.Catalina.load Server initialization in [455] milliseconds
21-Jul-2026 01:52:43.866 INFO [main] org.apache.catalina.core.StandardService.startInternal Starting service [Catalina]
21-Jul-2026 01:52:43.866 INFO [main] org.apache.catalina.core.StandardEngine.startInternal Starting Servlet engine: [Apache Tomcat/10.1.24]
21-Jul-2026 01:52:43.876 INFO [main] org.apache.catalina.startup.HostConfig.deployDirectory Deploying web application directory [C:\Users\Fábio Gabriel\Documents\1. Faculdade\3 ANO\2025-2026\2 SEMESTRE\1. PRJ\4. Codigo\5. Codigo\GAPE\target\browser-tomcat10\webapps\GAPE]
21-Jul-2026 01:52:46.392 INFO [main] org.apache.jasper.servlet.TldScanner.scanJars At least one JAR was scanned for TLDs yet contained no TLDs. Enable debug logging for this logger for a complete list of JARs that were scanned but no TLDs were found in them. Skipping unneeded JARs during scanning can improve startup time and JSP compilation time.
21-Jul-2026 01:52:55.652 INFO [main] org.apache.catalina.startup.HostConfig.deployDirectory Deployment of web application directory [C:\Users\Fábio Gabriel\Documents\1. Faculdade\3 ANO\2025-2026\2 SEMESTRE\1. PRJ\4. Codigo\5. Codigo\GAPE\target\browser-tomcat10\webapps\GAPE] has finished in [11,772] ms
21-Jul-2026 01:52:55.656 INFO [main] org.apache.coyote.AbstractProtocol.start Starting ProtocolHandler ["http-nio-8080"]
21-Jul-2026 01:52:55.671 INFO [main] org.apache.catalina.startup.Catalina.start Server startup in [11845] milliseconds
21-Jul-2026 01:59:45.628 INFO [main] org.apache.catalina.startup.VersionLoggerListener.log Server version name:   Apache Tomcat/10.1.24
21-Jul-2026 01:59:45.631 INFO [main] org.apache.catalina.startup.VersionLoggerListener.log Server built:          May 9 2024 17:41:23 UTC
21-Jul-2026 01:59:45.631 INFO [main] org.apache.catalina.startup.VersionLoggerListener.log Server version number: 10.1.24.0
21-Jul-2026 01:59:45.631 INFO [main] org.apache.catalina.startup.VersionLoggerListener.log OS Name:               Windows 11
21-Jul-2026 01:59:45.632 INFO [main] org.apache.catalina.startup.VersionLoggerListener.log OS Version:            10.0
21-Jul-2026 01:59:45.632 INFO [main] org.apache.catalina.startup.VersionLoggerListener.log Architecture:          amd64
21-Jul-2026 01:59:45.632 INFO [main] org.apache.catalina.startup.VersionLoggerListener.log Java Home:             C:\Program Files\Java\jdk-25
21-Jul-2026 01:59:45.633 INFO [main] org.apache.catalina.startup.VersionLoggerListener.log JVM Version:           25.0.1+8-LTS-27
21-Jul-2026 01:59:45.633 INFO [main] org.apache.catalina.startup.VersionLoggerListener.log JVM Vendor:            Oracle Corporation
21-Jul-2026 01:59:45.633 INFO [main] org.apache.catalina.startup.VersionLoggerListener.log CATALINA_BASE:         C:\Users\Fábio Gabriel\Documents\1. Faculdade\3 ANO\2025-2026\2 SEMESTRE\1. PRJ\4. Codigo\5. Codigo\GAPE\target\browser-tomcat10
21-Jul-2026 01:59:45.634 INFO [main] org.apache.catalina.startup.VersionLoggerListener.log CATALINA_HOME:         C:\Users\Fábio Gabriel\Documents\1. Faculdade\3 ANO\2025-2026\2 SEMESTRE\1. PRJ\4. Codigo\5. Codigo\GAPE\docs\dev\.tools\apache-tomcat-10.1.24
21-Jul-2026 01:59:45.641 INFO [main] org.apache.catalina.startup.VersionLoggerListener.log Command line argument: -Djava.util.logging.config.file=C:\Users\Fábio Gabriel\Documents\1. Faculdade\3 ANO\2025-2026\2 SEMESTRE\1. PRJ\4. Codigo\5. Codigo\GAPE\target\browser-tomcat10\conf\logging.properties
21-Jul-2026 01:59:45.642 INFO [main] org.apache.catalina.startup.VersionLoggerListener.log Command line argument: -Djava.util.logging.manager=org.apache.juli.ClassLoaderLogManager
21-Jul-2026 01:59:45.642 INFO [main] org.apache.catalina.startup.VersionLoggerListener.log Command line argument: --enable-native-access=ALL-UNNAMED
21-Jul-2026 01:59:45.642 INFO [main] org.apache.catalina.startup.VersionLoggerListener.log Command line argument: -Dfile.encoding=UTF-8
21-Jul-2026 01:59:45.643 INFO [main] org.apache.catalina.startup.VersionLoggerListener.log Command line argument: -Duser.timezone=Europe/Lisbon
21-Jul-2026 01:59:45.643 INFO [main] org.apache.catalina.startup.VersionLoggerListener.log Command line argument: -Dgape.upload.dir=C:\Users\Fábio Gabriel\Documents\1. Faculdade\3 ANO\2025-2026\2 SEMESTRE\1. PRJ\4. Codigo\5. Codigo\GAPE\uploads
21-Jul-2026 01:59:45.643 INFO [main] org.apache.catalina.startup.VersionLoggerListener.log Command line argument: -Dgape.webp.native.dir=C:\Users\Fábio Gabriel\Documents\1. Faculdade\3 ANO\2025-2026\2 SEMESTRE\1. PRJ\4. Codigo\5. Codigo\GAPE\docs\dev\.gape-webp-native
21-Jul-2026 01:59:45.643 INFO [main] org.apache.catalina.startup.VersionLoggerListener.log Command line argument: -Djdk.tls.ephemeralDHKeySize=2048
21-Jul-2026 01:59:45.644 INFO [main] org.apache.catalina.startup.VersionLoggerListener.log Command line argument: -Djava.protocol.handler.pkgs=org.apache.catalina.webresources
21-Jul-2026 01:59:45.644 INFO [main] org.apache.catalina.startup.VersionLoggerListener.log Command line argument: --add-opens=java.base/java.lang=ALL-UNNAMED
21-Jul-2026 01:59:45.644 INFO [main] org.apache.catalina.startup.VersionLoggerListener.log Command line argument: --add-opens=java.base/java.io=ALL-UNNAMED
21-Jul-2026 01:59:45.644 INFO [main] org.apache.catalina.startup.VersionLoggerListener.log Command line argument: --add-opens=java.base/java.util=ALL-UNNAMED
21-Jul-2026 01:59:45.644 INFO [main] org.apache.catalina.startup.VersionLoggerListener.log Command line argument: --add-opens=java.base/java.util.concurrent=ALL-UNNAMED
21-Jul-2026 01:59:45.645 INFO [main] org.apache.catalina.startup.VersionLoggerListener.log Command line argument: --add-opens=java.rmi/sun.rmi.transport=ALL-UNNAMED
21-Jul-2026 01:59:45.645 INFO [main] org.apache.catalina.startup.VersionLoggerListener.log Command line argument: -Dcatalina.base=C:\Users\Fábio Gabriel\Documents\1. Faculdade\3 ANO\2025-2026\2 SEMESTRE\1. PRJ\4. Codigo\5. Codigo\GAPE\target\browser-tomcat10
21-Jul-2026 01:59:45.645 INFO [main] org.apache.catalina.startup.VersionLoggerListener.log Command line argument: -Dcatalina.home=C:\Users\Fábio Gabriel\Documents\1. Faculdade\3 ANO\2025-2026\2 SEMESTRE\1. PRJ\4. Codigo\5. Codigo\GAPE\docs\dev\.tools\apache-tomcat-10.1.24
21-Jul-2026 01:59:45.646 INFO [main] org.apache.catalina.startup.VersionLoggerListener.log Command line argument: -Djava.io.tmpdir=C:\Users\Fábio Gabriel\Documents\1. Faculdade\3 ANO\2025-2026\2 SEMESTRE\1. PRJ\4. Codigo\5. Codigo\GAPE\target\browser-tomcat10\temp
21-Jul-2026 01:59:45.649 INFO [main] org.apache.catalina.core.AprLifecycleListener.lifecycleEvent Loaded Apache Tomcat Native library [2.0.7] using APR version [1.7.4].
21-Jul-2026 01:59:45.656 INFO [main] org.apache.catalina.core.AprLifecycleListener.initializeSSL OpenSSL successfully initialized [OpenSSL 3.0.13 30 Jan 2024]
21-Jul-2026 01:59:45.891 INFO [main] org.apache.coyote.AbstractProtocol.init Initializing ProtocolHandler ["http-nio-8080"]
21-Jul-2026 01:59:45.915 INFO [main] org.apache.catalina.startup.Catalina.load Server initialization in [439] milliseconds
21-Jul-2026 01:59:45.954 INFO [main] org.apache.catalina.core.StandardService.startInternal Starting service [Catalina]
21-Jul-2026 01:59:45.955 INFO [main] org.apache.catalina.core.StandardEngine.startInternal Starting Servlet engine: [Apache Tomcat/10.1.24]
21-Jul-2026 01:59:45.966 INFO [main] org.apache.catalina.startup.HostConfig.deployDirectory Deploying web application directory [C:\Users\Fábio Gabriel\Documents\1. Faculdade\3 ANO\2025-2026\2 SEMESTRE\1. PRJ\4. Codigo\5. Codigo\GAPE\target\browser-tomcat10\webapps\GAPE]
21-Jul-2026 01:59:48.447 INFO [main] org.apache.jasper.servlet.TldScanner.scanJars At least one JAR was scanned for TLDs yet contained no TLDs. Enable debug logging for this logger for a complete list of JARs that were scanned but no TLDs were found in them. Skipping unneeded JARs during scanning can improve startup time and JSP compilation time.
21-Jul-2026 01:59:58.055 INFO [main] org.apache.catalina.startup.HostConfig.deployDirectory Deployment of web application directory [C:\Users\Fábio Gabriel\Documents\1. Faculdade\3 ANO\2025-2026\2 SEMESTRE\1. PRJ\4. Codigo\5. Codigo\GAPE\target\browser-tomcat10\webapps\GAPE] has finished in [12,085] ms
21-Jul-2026 01:59:58.059 INFO [main] org.apache.coyote.AbstractProtocol.start Starting ProtocolHandler ["http-nio-8080"]
21-Jul-2026 01:59:58.073 INFO [main] org.apache.catalina.startup.Catalina.start Server startup in [12156] milliseconds
21-Jul-2026 02:12:21.706 INFO [main] org.apache.catalina.startup.VersionLoggerListener.log Server version name:   Apache Tomcat/10.1.24
21-Jul-2026 02:12:21.710 INFO [main] org.apache.catalina.startup.VersionLoggerListener.log Server built:          May 9 2024 17:41:23 UTC
21-Jul-2026 02:12:21.710 INFO [main] org.apache.catalina.startup.VersionLoggerListener.log Server version number: 10.1.24.0
21-Jul-2026 02:12:21.710 INFO [main] org.apache.catalina.startup.VersionLoggerListener.log OS Name:               Windows 11
21-Jul-2026 02:12:21.710 INFO [main] org.apache.catalina.startup.VersionLoggerListener.log OS Version:            10.0
21-Jul-2026 02:12:21.710 INFO [main] org.apache.catalina.startup.VersionLoggerListener.log Architecture:          amd64
21-Jul-2026 02:12:21.712 INFO [main] org.apache.catalina.startup.VersionLoggerListener.log Java Home:             C:\Program Files\Java\jdk-25
21-Jul-2026 02:12:21.712 INFO [main] org.apache.catalina.startup.VersionLoggerListener.log JVM Version:           25.0.1+8-LTS-27
21-Jul-2026 02:12:21.712 INFO [main] org.apache.catalina.startup.VersionLoggerListener.log JVM Vendor:            Oracle Corporation
21-Jul-2026 02:12:21.712 INFO [main] org.apache.catalina.startup.VersionLoggerListener.log CATALINA_BASE:         C:\Users\Fábio Gabriel\Documents\1. Faculdade\3 ANO\2025-2026\2 SEMESTRE\1. PRJ\4. Codigo\5. Codigo\GAPE\target\browser-tomcat10
21-Jul-2026 02:12:21.713 INFO [main] org.apache.catalina.startup.VersionLoggerListener.log CATALINA_HOME:         C:\Users\Fábio Gabriel\Documents\1. Faculdade\3 ANO\2025-2026\2 SEMESTRE\1. PRJ\4. Codigo\5. Codigo\GAPE\docs\dev\.tools\apache-tomcat-10.1.24
21-Jul-2026 02:12:21.719 INFO [main] org.apache.catalina.startup.VersionLoggerListener.log Command line argument: -Djava.util.logging.config.file=C:\Users\Fábio Gabriel\Documents\1. Faculdade\3 ANO\2025-2026\2 SEMESTRE\1. PRJ\4. Codigo\5. Codigo\GAPE\target\browser-tomcat10\conf\logging.properties
21-Jul-2026 02:12:21.719 INFO [main] org.apache.catalina.startup.VersionLoggerListener.log Command line argument: -Djava.util.logging.manager=org.apache.juli.ClassLoaderLogManager
21-Jul-2026 02:12:21.719 INFO [main] org.apache.catalina.startup.VersionLoggerListener.log Command line argument: --enable-native-access=ALL-UNNAMED
21-Jul-2026 02:12:21.720 INFO [main] org.apache.catalina.startup.VersionLoggerListener.log Command line argument: -Dfile.encoding=UTF-8
21-Jul-2026 02:12:21.720 INFO [main] org.apache.catalina.startup.VersionLoggerListener.log Command line argument: -Duser.timezone=Europe/Lisbon
21-Jul-2026 02:12:21.720 INFO [main] org.apache.catalina.startup.VersionLoggerListener.log Command line argument: -Dgape.upload.dir=C:\Users\Fábio Gabriel\Documents\1. Faculdade\3 ANO\2025-2026\2 SEMESTRE\1. PRJ\4. Codigo\5. Codigo\GAPE\uploads
21-Jul-2026 02:12:21.720 INFO [main] org.apache.catalina.startup.VersionLoggerListener.log Command line argument: -Dgape.webp.native.dir=C:\Users\Fábio Gabriel\Documents\1. Faculdade\3 ANO\2025-2026\2 SEMESTRE\1. PRJ\4. Codigo\5. Codigo\GAPE\docs\dev\.gape-webp-native
21-Jul-2026 02:12:21.720 INFO [main] org.apache.catalina.startup.VersionLoggerListener.log Command line argument: -Djdk.tls.ephemeralDHKeySize=2048
21-Jul-2026 02:12:21.721 INFO [main] org.apache.catalina.startup.VersionLoggerListener.log Command line argument: -Djava.protocol.handler.pkgs=org.apache.catalina.webresources
21-Jul-2026 02:12:21.721 INFO [main] org.apache.catalina.startup.VersionLoggerListener.log Command line argument: --add-opens=java.base/java.lang=ALL-UNNAMED
21-Jul-2026 02:12:21.721 INFO [main] org.apache.catalina.startup.VersionLoggerListener.log Command line argument: --add-opens=java.base/java.io=ALL-UNNAMED
21-Jul-2026 02:12:21.721 INFO [main] org.apache.catalina.startup.VersionLoggerListener.log Command line argument: --add-opens=java.base/java.util=ALL-UNNAMED
21-Jul-2026 02:12:21.721 INFO [main] org.apache.catalina.startup.VersionLoggerListener.log Command line argument: --add-opens=java.base/java.util.concurrent=ALL-UNNAMED
21-Jul-2026 02:12:21.721 INFO [main] org.apache.catalina.startup.VersionLoggerListener.log Command line argument: --add-opens=java.rmi/sun.rmi.transport=ALL-UNNAMED
21-Jul-2026 02:12:21.722 INFO [main] org.apache.catalina.startup.VersionLoggerListener.log Command line argument: -Dcatalina.base=C:\Users\Fábio Gabriel\Documents\1. Faculdade\3 ANO\2025-2026\2 SEMESTRE\1. PRJ\4. Codigo\5. Codigo\GAPE\target\browser-tomcat10
21-Jul-2026 02:12:21.722 INFO [main] org.apache.catalina.startup.VersionLoggerListener.log Command line argument: -Dcatalina.home=C:\Users\Fábio Gabriel\Documents\1. Faculdade\3 ANO\2025-2026\2 SEMESTRE\1. PRJ\4. Codigo\5. Codigo\GAPE\docs\dev\.tools\apache-tomcat-10.1.24
21-Jul-2026 02:12:21.722 INFO [main] org.apache.catalina.startup.VersionLoggerListener.log Command line argument: -Djava.io.tmpdir=C:\Users\Fábio Gabriel\Documents\1. Faculdade\3 ANO\2025-2026\2 SEMESTRE\1. PRJ\4. Codigo\5. Codigo\GAPE\target\browser-tomcat10\temp
21-Jul-2026 02:12:21.724 INFO [main] org.apache.catalina.core.AprLifecycleListener.lifecycleEvent Loaded Apache Tomcat Native library [2.0.7] using APR version [1.7.4].
21-Jul-2026 02:12:21.733 INFO [main] org.apache.catalina.core.AprLifecycleListener.initializeSSL OpenSSL successfully initialized [OpenSSL 3.0.13 30 Jan 2024]
21-Jul-2026 02:12:21.955 INFO [main] org.apache.coyote.AbstractProtocol.init Initializing ProtocolHandler ["http-nio-8080"]
21-Jul-2026 02:12:21.974 INFO [main] org.apache.catalina.startup.Catalina.load Server initialization in [412] milliseconds
21-Jul-2026 02:12:22.017 INFO [main] org.apache.catalina.core.StandardService.startInternal Starting service [Catalina]
21-Jul-2026 02:12:22.018 INFO [main] org.apache.catalina.core.StandardEngine.startInternal Starting Servlet engine: [Apache Tomcat/10.1.24]
21-Jul-2026 02:12:22.028 INFO [main] org.apache.catalina.startup.HostConfig.deployDirectory Deploying web application directory [C:\Users\Fábio Gabriel\Documents\1. Faculdade\3 ANO\2025-2026\2 SEMESTRE\1. PRJ\4. Codigo\5. Codigo\GAPE\target\browser-tomcat10\webapps\GAPE]
21-Jul-2026 02:12:24.737 INFO [main] org.apache.jasper.servlet.TldScanner.scanJars At least one JAR was scanned for TLDs yet contained no TLDs. Enable debug logging for this logger for a complete list of JARs that were scanned but no TLDs were found in them. Skipping unneeded JARs during scanning can improve startup time and JSP compilation time.
21-Jul-2026 02:12:34.366 INFO [main] org.apache.catalina.startup.HostConfig.deployDirectory Deployment of web application directory [C:\Users\Fábio Gabriel\Documents\1. Faculdade\3 ANO\2025-2026\2 SEMESTRE\1. PRJ\4. Codigo\5. Codigo\GAPE\target\browser-tomcat10\webapps\GAPE] has finished in [12,333] ms
21-Jul-2026 02:12:34.370 INFO [main] org.apache.coyote.AbstractProtocol.start Starting ProtocolHandler ["http-nio-8080"]
21-Jul-2026 02:12:34.383 INFO [main] org.apache.catalina.startup.Catalina.start Server startup in [12406] milliseconds
21-Jul-2026 02:26:27.465 INFO [main] org.apache.catalina.startup.VersionLoggerListener.log Server version name:   Apache Tomcat/10.1.24
21-Jul-2026 02:26:27.476 INFO [main] org.apache.catalina.startup.VersionLoggerListener.log Server built:          May 9 2024 17:41:23 UTC
21-Jul-2026 02:26:27.477 INFO [main] org.apache.catalina.startup.VersionLoggerListener.log Server version number: 10.1.24.0
21-Jul-2026 02:26:27.478 INFO [main] org.apache.catalina.startup.VersionLoggerListener.log OS Name:               Windows 11
21-Jul-2026 02:26:27.478 INFO [main] org.apache.catalina.startup.VersionLoggerListener.log OS Version:            10.0
21-Jul-2026 02:26:27.478 INFO [main] org.apache.catalina.startup.VersionLoggerListener.log Architecture:          amd64
21-Jul-2026 02:26:27.479 INFO [main] org.apache.catalina.startup.VersionLoggerListener.log Java Home:             C:\Program Files\Java\jdk-25
21-Jul-2026 02:26:27.479 INFO [main] org.apache.catalina.startup.VersionLoggerListener.log JVM Version:           25.0.1+8-LTS-27
21-Jul-2026 02:26:27.479 INFO [main] org.apache.catalina.startup.VersionLoggerListener.log JVM Vendor:            Oracle Corporation
21-Jul-2026 02:26:27.480 INFO [main] org.apache.catalina.startup.VersionLoggerListener.log CATALINA_BASE:         C:\Users\Fábio Gabriel\Documents\1. Faculdade\3 ANO\2025-2026\2 SEMESTRE\1. PRJ\4. Codigo\5. Codigo\GAPE\target\browser-tomcat10
21-Jul-2026 02:26:27.480 INFO [main] org.apache.catalina.startup.VersionLoggerListener.log CATALINA_HOME:         C:\Users\Fábio Gabriel\Documents\1. Faculdade\3 ANO\2025-2026\2 SEMESTRE\1. PRJ\4. Codigo\5. Codigo\GAPE\docs\dev\.tools\apache-tomcat-10.1.24
21-Jul-2026 02:26:27.484 INFO [main] org.apache.catalina.startup.VersionLoggerListener.log Command line argument: -Djava.util.logging.config.file=C:\Users\Fábio Gabriel\Documents\1. Faculdade\3 ANO\2025-2026\2 SEMESTRE\1. PRJ\4. Codigo\5. Codigo\GAPE\target\browser-tomcat10\conf\logging.properties
21-Jul-2026 02:26:27.485 INFO [main] org.apache.catalina.startup.VersionLoggerListener.log Command line argument: -Djava.util.logging.manager=org.apache.juli.ClassLoaderLogManager
21-Jul-2026 02:26:27.485 INFO [main] org.apache.catalina.startup.VersionLoggerListener.log Command line argument: --enable-native-access=ALL-UNNAMED
21-Jul-2026 02:26:27.485 INFO [main] org.apache.catalina.startup.VersionLoggerListener.log Command line argument: -Dfile.encoding=UTF-8
21-Jul-2026 02:26:27.486 INFO [main] org.apache.catalina.startup.VersionLoggerListener.log Command line argument: -Duser.timezone=Europe/Lisbon
21-Jul-2026 02:26:27.486 INFO [main] org.apache.catalina.startup.VersionLoggerListener.log Command line argument: -Dgape.upload.dir=C:\Users\Fábio Gabriel\Documents\1. Faculdade\3 ANO\2025-2026\2 SEMESTRE\1. PRJ\4. Codigo\5. Codigo\GAPE\uploads
21-Jul-2026 02:26:27.486 INFO [main] org.apache.catalina.startup.VersionLoggerListener.log Command line argument: -Dgape.webp.native.dir=C:\Users\Fábio Gabriel\Documents\1. Faculdade\3 ANO\2025-2026\2 SEMESTRE\1. PRJ\4. Codigo\5. Codigo\GAPE\docs\dev\.gape-webp-native
21-Jul-2026 02:26:27.487 INFO [main] org.apache.catalina.startup.VersionLoggerListener.log Command line argument: -Djdk.tls.ephemeralDHKeySize=2048
21-Jul-2026 02:26:27.487 INFO [main] org.apache.catalina.startup.VersionLoggerListener.log Command line argument: -Djava.protocol.handler.pkgs=org.apache.catalina.webresources
21-Jul-2026 02:26:27.487 INFO [main] org.apache.catalina.startup.VersionLoggerListener.log Command line argument: --add-opens=java.base/java.lang=ALL-UNNAMED
21-Jul-2026 02:26:27.488 INFO [main] org.apache.catalina.startup.VersionLoggerListener.log Command line argument: --add-opens=java.base/java.io=ALL-UNNAMED
21-Jul-2026 02:26:27.488 INFO [main] org.apache.catalina.startup.VersionLoggerListener.log Command line argument: --add-opens=java.base/java.util=ALL-UNNAMED
21-Jul-2026 02:26:27.488 INFO [main] org.apache.catalina.startup.VersionLoggerListener.log Command line argument: --add-opens=java.base/java.util.concurrent=ALL-UNNAMED
21-Jul-2026 02:26:27.489 INFO [main] org.apache.catalina.startup.VersionLoggerListener.log Command line argument: --add-opens=java.rmi/sun.rmi.transport=ALL-UNNAMED
21-Jul-2026 02:26:27.489 INFO [main] org.apache.catalina.startup.VersionLoggerListener.log Command line argument: -Dcatalina.base=C:\Users\Fábio Gabriel\Documents\1. Faculdade\3 ANO\2025-2026\2 SEMESTRE\1. PRJ\4. Codigo\5. Codigo\GAPE\target\browser-tomcat10
21-Jul-2026 02:26:27.490 INFO [main] org.apache.catalina.startup.VersionLoggerListener.log Command line argument: -Dcatalina.home=C:\Users\Fábio Gabriel\Documents\1. Faculdade\3 ANO\2025-2026\2 SEMESTRE\1. PRJ\4. Codigo\5. Codigo\GAPE\docs\dev\.tools\apache-tomcat-10.1.24
21-Jul-2026 02:26:27.490 INFO [main] org.apache.catalina.startup.VersionLoggerListener.log Command line argument: -Djava.io.tmpdir=C:\Users\Fábio Gabriel\Documents\1. Faculdade\3 ANO\2025-2026\2 SEMESTRE\1. PRJ\4. Codigo\5. Codigo\GAPE\target\browser-tomcat10\temp
21-Jul-2026 02:26:27.494 INFO [main] org.apache.catalina.core.AprLifecycleListener.lifecycleEvent Loaded Apache Tomcat Native library [2.0.7] using APR version [1.7.4].
21-Jul-2026 02:26:27.499 INFO [main] org.apache.catalina.core.AprLifecycleListener.initializeSSL OpenSSL successfully initialized [OpenSSL 3.0.13 30 Jan 2024]
21-Jul-2026 02:26:27.726 INFO [main] org.apache.coyote.AbstractProtocol.init Initializing ProtocolHandler ["http-nio-8080"]
21-Jul-2026 02:26:27.746 INFO [main] org.apache.catalina.startup.Catalina.load Server initialization in [436] milliseconds
21-Jul-2026 02:26:27.787 INFO [main] org.apache.catalina.core.StandardService.startInternal Starting service [Catalina]
21-Jul-2026 02:26:27.788 INFO [main] org.apache.catalina.core.StandardEngine.startInternal Starting Servlet engine: [Apache Tomcat/10.1.24]
21-Jul-2026 02:26:27.798 INFO [main] org.apache.catalina.startup.HostConfig.deployDirectory Deploying web application directory [C:\Users\Fábio Gabriel\Documents\1. Faculdade\3 ANO\2025-2026\2 SEMESTRE\1. PRJ\4. Codigo\5. Codigo\GAPE\target\browser-tomcat10\webapps\GAPE]
21-Jul-2026 02:26:30.253 INFO [main] org.apache.jasper.servlet.TldScanner.scanJars At least one JAR was scanned for TLDs yet contained no TLDs. Enable debug logging for this logger for a complete list of JARs that were scanned but no TLDs were found in them. Skipping unneeded JARs during scanning can improve startup time and JSP compilation time.
21-Jul-2026 02:26:40.164 INFO [main] org.apache.catalina.startup.HostConfig.deployDirectory Deployment of web application directory [C:\Users\Fábio Gabriel\Documents\1. Faculdade\3 ANO\2025-2026\2 SEMESTRE\1. PRJ\4. Codigo\5. Codigo\GAPE\target\browser-tomcat10\webapps\GAPE] has finished in [12,362] ms
21-Jul-2026 02:26:40.169 INFO [main] org.apache.coyote.AbstractProtocol.start Starting ProtocolHandler ["http-nio-8080"]
21-Jul-2026 02:26:40.186 INFO [main] org.apache.catalina.startup.Catalina.start Server startup in [12437] milliseconds
21-Jul-2026 02:47:50.502 INFO [main] org.apache.catalina.startup.VersionLoggerListener.log Server version name:   Apache Tomcat/10.1.24
21-Jul-2026 02:47:50.505 INFO [main] org.apache.catalina.startup.VersionLoggerListener.log Server built:          May 9 2024 17:41:23 UTC
21-Jul-2026 02:47:50.505 INFO [main] org.apache.catalina.startup.VersionLoggerListener.log Server version number: 10.1.24.0
21-Jul-2026 02:47:50.505 INFO [main] org.apache.catalina.startup.VersionLoggerListener.log OS Name:               Windows 11
21-Jul-2026 02:47:50.505 INFO [main] org.apache.catalina.startup.VersionLoggerListener.log OS Version:            10.0
21-Jul-2026 02:47:50.506 INFO [main] org.apache.catalina.startup.VersionLoggerListener.log Architecture:          amd64
21-Jul-2026 02:47:50.506 INFO [main] org.apache.catalina.startup.VersionLoggerListener.log Java Home:             C:\Program Files\Java\jdk-25
21-Jul-2026 02:47:50.506 INFO [main] org.apache.catalina.startup.VersionLoggerListener.log JVM Version:           25.0.1+8-LTS-27
21-Jul-2026 02:47:50.506 INFO [main] org.apache.catalina.startup.VersionLoggerListener.log JVM Vendor:            Oracle Corporation
21-Jul-2026 02:47:50.506 INFO [main] org.apache.catalina.startup.VersionLoggerListener.log CATALINA_BASE:         C:\Users\Fábio Gabriel\Documents\1. Faculdade\3 ANO\2025-2026\2 SEMESTRE\1. PRJ\4. Codigo\5. Codigo\GAPE\target\browser-tomcat10
21-Jul-2026 02:47:50.507 INFO [main] org.apache.catalina.startup.VersionLoggerListener.log CATALINA_HOME:         C:\Users\Fábio Gabriel\Documents\1. Faculdade\3 ANO\2025-2026\2 SEMESTRE\1. PRJ\4. Codigo\5. Codigo\GAPE\docs\dev\.tools\apache-tomcat-10.1.24
21-Jul-2026 02:47:50.522 INFO [main] org.apache.catalina.startup.VersionLoggerListener.log Command line argument: -Djava.util.logging.config.file=C:\Users\Fábio Gabriel\Documents\1. Faculdade\3 ANO\2025-2026\2 SEMESTRE\1. PRJ\4. Codigo\5. Codigo\GAPE\target\browser-tomcat10\conf\logging.properties
21-Jul-2026 02:47:50.523 INFO [main] org.apache.catalina.startup.VersionLoggerListener.log Command line argument: -Djava.util.logging.manager=org.apache.juli.ClassLoaderLogManager
21-Jul-2026 02:47:50.523 INFO [main] org.apache.catalina.startup.VersionLoggerListener.log Command line argument: --enable-native-access=ALL-UNNAMED
21-Jul-2026 02:47:50.523 INFO [main] org.apache.catalina.startup.VersionLoggerListener.log Command line argument: -Dfile.encoding=UTF-8
21-Jul-2026 02:47:50.524 INFO [main] org.apache.catalina.startup.VersionLoggerListener.log Command line argument: -Duser.timezone=Europe/Lisbon
21-Jul-2026 02:47:50.524 INFO [main] org.apache.catalina.startup.VersionLoggerListener.log Command line argument: -Dgape.upload.dir=C:\Users\Fábio Gabriel\Documents\1. Faculdade\3 ANO\2025-2026\2 SEMESTRE\1. PRJ\4. Codigo\5. Codigo\GAPE\uploads
21-Jul-2026 02:47:50.524 INFO [main] org.apache.catalina.startup.VersionLoggerListener.log Command line argument: -Dgape.webp.native.dir=C:\Users\Fábio Gabriel\Documents\1. Faculdade\3 ANO\2025-2026\2 SEMESTRE\1. PRJ\4. Codigo\5. Codigo\GAPE\docs\dev\.gape-webp-native
21-Jul-2026 02:47:50.524 INFO [main] org.apache.catalina.startup.VersionLoggerListener.log Command line argument: -Djdk.tls.ephemeralDHKeySize=2048
21-Jul-2026 02:47:50.524 INFO [main] org.apache.catalina.startup.VersionLoggerListener.log Command line argument: -Djava.protocol.handler.pkgs=org.apache.catalina.webresources
21-Jul-2026 02:47:50.525 INFO [main] org.apache.catalina.startup.VersionLoggerListener.log Command line argument: --add-opens=java.base/java.lang=ALL-UNNAMED
21-Jul-2026 02:47:50.525 INFO [main] org.apache.catalina.startup.VersionLoggerListener.log Command line argument: --add-opens=java.base/java.io=ALL-UNNAMED
21-Jul-2026 02:47:50.526 INFO [main] org.apache.catalina.startup.VersionLoggerListener.log Command line argument: --add-opens=java.base/java.util=ALL-UNNAMED
21-Jul-2026 02:47:50.526 INFO [main] org.apache.catalina.startup.VersionLoggerListener.log Command line argument: --add-opens=java.base/java.util.concurrent=ALL-UNNAMED
21-Jul-2026 02:47:50.526 INFO [main] org.apache.catalina.startup.VersionLoggerListener.log Command line argument: --add-opens=java.rmi/sun.rmi.transport=ALL-UNNAMED
21-Jul-2026 02:47:50.526 INFO [main] org.apache.catalina.startup.VersionLoggerListener.log Command line argument: -Dcatalina.base=C:\Users\Fábio Gabriel\Documents\1. Faculdade\3 ANO\2025-2026\2 SEMESTRE\1. PRJ\4. Codigo\5. Codigo\GAPE\target\browser-tomcat10
21-Jul-2026 02:47:50.527 INFO [main] org.apache.catalina.startup.VersionLoggerListener.log Command line argument: -Dcatalina.home=C:\Users\Fábio Gabriel\Documents\1. Faculdade\3 ANO\2025-2026\2 SEMESTRE\1. PRJ\4. Codigo\5. Codigo\GAPE\docs\dev\.tools\apache-tomcat-10.1.24
21-Jul-2026 02:47:50.527 INFO [main] org.apache.catalina.startup.VersionLoggerListener.log Command line argument: -Djava.io.tmpdir=C:\Users\Fábio Gabriel\Documents\1. Faculdade\3 ANO\2025-2026\2 SEMESTRE\1. PRJ\4. Codigo\5. Codigo\GAPE\target\browser-tomcat10\temp
21-Jul-2026 02:47:50.530 INFO [main] org.apache.catalina.core.AprLifecycleListener.lifecycleEvent Loaded Apache Tomcat Native library [2.0.7] using APR version [1.7.4].
21-Jul-2026 02:47:50.538 INFO [main] org.apache.catalina.core.AprLifecycleListener.initializeSSL OpenSSL successfully initialized [OpenSSL 3.0.13 30 Jan 2024]
21-Jul-2026 02:47:50.780 INFO [main] org.apache.coyote.AbstractProtocol.init Initializing ProtocolHandler ["http-nio-8080"]
21-Jul-2026 02:47:50.805 INFO [main] org.apache.catalina.startup.Catalina.load Server initialization in [470] milliseconds
21-Jul-2026 02:47:50.847 INFO [main] org.apache.catalina.core.StandardService.startInternal Starting service [Catalina]
21-Jul-2026 02:47:50.847 INFO [main] org.apache.catalina.core.StandardEngine.startInternal Starting Servlet engine: [Apache Tomcat/10.1.24]
21-Jul-2026 02:47:50.857 INFO [main] org.apache.catalina.startup.HostConfig.deployDirectory Deploying web application directory [C:\Users\Fábio Gabriel\Documents\1. Faculdade\3 ANO\2025-2026\2 SEMESTRE\1. PRJ\4. Codigo\5. Codigo\GAPE\target\browser-tomcat10\webapps\GAPE]
21-Jul-2026 02:47:53.429 INFO [main] org.apache.jasper.servlet.TldScanner.scanJars At least one JAR was scanned for TLDs yet contained no TLDs. Enable debug logging for this logger for a complete list of JARs that were scanned but no TLDs were found in them. Skipping unneeded JARs during scanning can improve startup time and JSP compilation time.
21-Jul-2026 02:48:03.205 INFO [main] org.apache.catalina.startup.HostConfig.deployDirectory Deployment of web application directory [C:\Users\Fábio Gabriel\Documents\1. Faculdade\3 ANO\2025-2026\2 SEMESTRE\1. PRJ\4. Codigo\5. Codigo\GAPE\target\browser-tomcat10\webapps\GAPE] has finished in [12,343] ms
21-Jul-2026 02:48:03.209 INFO [main] org.apache.coyote.AbstractProtocol.start Starting ProtocolHandler ["http-nio-8080"]
21-Jul-2026 02:48:03.226 INFO [main] org.apache.catalina.startup.Catalina.start Server startup in [12418] milliseconds
21-Jul-2026 02:52:17.108 INFO [main] org.apache.catalina.startup.VersionLoggerListener.log Server version name:   Apache Tomcat/10.1.24
21-Jul-2026 02:52:17.111 INFO [main] org.apache.catalina.startup.VersionLoggerListener.log Server built:          May 9 2024 17:41:23 UTC
21-Jul-2026 02:52:17.111 INFO [main] org.apache.catalina.startup.VersionLoggerListener.log Server version number: 10.1.24.0
21-Jul-2026 02:52:17.112 INFO [main] org.apache.catalina.startup.VersionLoggerListener.log OS Name:               Windows 11
21-Jul-2026 02:52:17.112 INFO [main] org.apache.catalina.startup.VersionLoggerListener.log OS Version:            10.0
21-Jul-2026 02:52:17.112 INFO [main] org.apache.catalina.startup.VersionLoggerListener.log Architecture:          amd64
21-Jul-2026 02:52:17.112 INFO [main] org.apache.catalina.startup.VersionLoggerListener.log Java Home:             C:\Program Files\Java\jdk-25
21-Jul-2026 02:52:17.114 INFO [main] org.apache.catalina.startup.VersionLoggerListener.log JVM Version:           25.0.1+8-LTS-27
21-Jul-2026 02:52:17.114 INFO [main] org.apache.catalina.startup.VersionLoggerListener.log JVM Vendor:            Oracle Corporation
21-Jul-2026 02:52:17.114 INFO [main] org.apache.catalina.startup.VersionLoggerListener.log CATALINA_BASE:         C:\Users\Fábio Gabriel\Documents\1. Faculdade\3 ANO\2025-2026\2 SEMESTRE\1. PRJ\4. Codigo\5. Codigo\GAPE\target\browser-tomcat10
21-Jul-2026 02:52:17.115 INFO [main] org.apache.catalina.startup.VersionLoggerListener.log CATALINA_HOME:         C:\Users\Fábio Gabriel\Documents\1. Faculdade\3 ANO\2025-2026\2 SEMESTRE\1. PRJ\4. Codigo\5. Codigo\GAPE\docs\dev\.tools\apache-tomcat-10.1.24
21-Jul-2026 02:52:17.120 INFO [main] org.apache.catalina.startup.VersionLoggerListener.log Command line argument: -Djava.util.logging.config.file=C:\Users\Fábio Gabriel\Documents\1. Faculdade\3 ANO\2025-2026\2 SEMESTRE\1. PRJ\4. Codigo\5. Codigo\GAPE\target\browser-tomcat10\conf\logging.properties
21-Jul-2026 02:52:17.120 INFO [main] org.apache.catalina.startup.VersionLoggerListener.log Command line argument: -Djava.util.logging.manager=org.apache.juli.ClassLoaderLogManager
21-Jul-2026 02:52:17.120 INFO [main] org.apache.catalina.startup.VersionLoggerListener.log Command line argument: --enable-native-access=ALL-UNNAMED
21-Jul-2026 02:52:17.120 INFO [main] org.apache.catalina.startup.VersionLoggerListener.log Command line argument: -Dfile.encoding=UTF-8
21-Jul-2026 02:52:17.122 INFO [main] org.apache.catalina.startup.VersionLoggerListener.log Command line argument: -Duser.timezone=Europe/Lisbon
21-Jul-2026 02:52:17.122 INFO [main] org.apache.catalina.startup.VersionLoggerListener.log Command line argument: -Dgape.upload.dir=C:\Users\Fábio Gabriel\Documents\1. Faculdade\3 ANO\2025-2026\2 SEMESTRE\1. PRJ\4. Codigo\5. Codigo\GAPE\uploads
21-Jul-2026 02:52:17.122 INFO [main] org.apache.catalina.startup.VersionLoggerListener.log Command line argument: -Dgape.webp.native.dir=C:\Users\Fábio Gabriel\Documents\1. Faculdade\3 ANO\2025-2026\2 SEMESTRE\1. PRJ\4. Codigo\5. Codigo\GAPE\docs\dev\.gape-webp-native
21-Jul-2026 02:52:17.122 INFO [main] org.apache.catalina.startup.VersionLoggerListener.log Command line argument: -Djdk.tls.ephemeralDHKeySize=2048
21-Jul-2026 02:52:17.123 INFO [main] org.apache.catalina.startup.VersionLoggerListener.log Command line argument: -Djava.protocol.handler.pkgs=org.apache.catalina.webresources
21-Jul-2026 02:52:17.123 INFO [main] org.apache.catalina.startup.VersionLoggerListener.log Command line argument: --add-opens=java.base/java.lang=ALL-UNNAMED
21-Jul-2026 02:52:17.123 INFO [main] org.apache.catalina.startup.VersionLoggerListener.log Command line argument: --add-opens=java.base/java.io=ALL-UNNAMED
21-Jul-2026 02:52:17.123 INFO [main] org.apache.catalina.startup.VersionLoggerListener.log Command line argument: --add-opens=java.base/java.util=ALL-UNNAMED
21-Jul-2026 02:52:17.124 INFO [main] org.apache.catalina.startup.VersionLoggerListener.log Command line argument: --add-opens=java.base/java.util.concurrent=ALL-UNNAMED
21-Jul-2026 02:52:17.124 INFO [main] org.apache.catalina.startup.VersionLoggerListener.log Command line argument: --add-opens=java.rmi/sun.rmi.transport=ALL-UNNAMED
21-Jul-2026 02:52:17.124 INFO [main] org.apache.catalina.startup.VersionLoggerListener.log Command line argument: -Dcatalina.base=C:\Users\Fábio Gabriel\Documents\1. Faculdade\3 ANO\2025-2026\2 SEMESTRE\1. PRJ\4. Codigo\5. Codigo\GAPE\target\browser-tomcat10
21-Jul-2026 02:52:17.125 INFO [main] org.apache.catalina.startup.VersionLoggerListener.log Command line argument: -Dcatalina.home=C:\Users\Fábio Gabriel\Documents\1. Faculdade\3 ANO\2025-2026\2 SEMESTRE\1. PRJ\4. Codigo\5. Codigo\GAPE\docs\dev\.tools\apache-tomcat-10.1.24
21-Jul-2026 02:52:17.125 INFO [main] org.apache.catalina.startup.VersionLoggerListener.log Command line argument: -Djava.io.tmpdir=C:\Users\Fábio Gabriel\Documents\1. Faculdade\3 ANO\2025-2026\2 SEMESTRE\1. PRJ\4. Codigo\5. Codigo\GAPE\target\browser-tomcat10\temp
21-Jul-2026 02:52:17.128 INFO [main] org.apache.catalina.core.AprLifecycleListener.lifecycleEvent Loaded Apache Tomcat Native library [2.0.7] using APR version [1.7.4].
21-Jul-2026 02:52:17.134 INFO [main] org.apache.catalina.core.AprLifecycleListener.initializeSSL OpenSSL successfully initialized [OpenSSL 3.0.13 30 Jan 2024]
21-Jul-2026 02:52:17.367 INFO [main] org.apache.coyote.AbstractProtocol.init Initializing ProtocolHandler ["http-nio-8080"]
21-Jul-2026 02:52:17.392 INFO [main] org.apache.catalina.startup.Catalina.load Server initialization in [438] milliseconds
21-Jul-2026 02:52:17.439 INFO [main] org.apache.catalina.core.StandardService.startInternal Starting service [Catalina]
21-Jul-2026 02:52:17.439 INFO [main] org.apache.catalina.core.StandardEngine.startInternal Starting Servlet engine: [Apache Tomcat/10.1.24]
21-Jul-2026 02:52:17.452 INFO [main] org.apache.catalina.startup.HostConfig.deployDirectory Deploying web application directory [C:\Users\Fábio Gabriel\Documents\1. Faculdade\3 ANO\2025-2026\2 SEMESTRE\1. PRJ\4. Codigo\5. Codigo\GAPE\target\browser-tomcat10\webapps\GAPE]
21-Jul-2026 02:52:20.009 INFO [main] org.apache.jasper.servlet.TldScanner.scanJars At least one JAR was scanned for TLDs yet contained no TLDs. Enable debug logging for this logger for a complete list of JARs that were scanned but no TLDs were found in them. Skipping unneeded JARs during scanning can improve startup time and JSP compilation time.
21-Jul-2026 02:52:29.409 INFO [main] org.apache.catalina.startup.HostConfig.deployDirectory Deployment of web application directory [C:\Users\Fábio Gabriel\Documents\1. Faculdade\3 ANO\2025-2026\2 SEMESTRE\1. PRJ\4. Codigo\5. Codigo\GAPE\target\browser-tomcat10\webapps\GAPE] has finished in [11,953] ms
21-Jul-2026 02:52:29.413 INFO [main] org.apache.coyote.AbstractProtocol.start Starting ProtocolHandler ["http-nio-8080"]
21-Jul-2026 02:52:29.427 INFO [main] org.apache.catalina.startup.Catalina.start Server startup in [12032] milliseconds
21-Jul-2026 02:54:15.842 INFO [main] org.apache.catalina.startup.VersionLoggerListener.log Server version name:   Apache Tomcat/10.1.24
21-Jul-2026 02:54:15.846 INFO [main] org.apache.catalina.startup.VersionLoggerListener.log Server built:          May 9 2024 17:41:23 UTC
21-Jul-2026 02:54:15.846 INFO [main] org.apache.catalina.startup.VersionLoggerListener.log Server version number: 10.1.24.0
21-Jul-2026 02:54:15.846 INFO [main] org.apache.catalina.startup.VersionLoggerListener.log OS Name:               Windows 11
21-Jul-2026 02:54:15.847 INFO [main] org.apache.catalina.startup.VersionLoggerListener.log OS Version:            10.0
21-Jul-2026 02:54:15.847 INFO [main] org.apache.catalina.startup.VersionLoggerListener.log Architecture:          amd64
21-Jul-2026 02:54:15.847 INFO [main] org.apache.catalina.startup.VersionLoggerListener.log Java Home:             C:\Program Files\Java\jdk-25
21-Jul-2026 02:54:15.847 INFO [main] org.apache.catalina.startup.VersionLoggerListener.log JVM Version:           25.0.1+8-LTS-27
21-Jul-2026 02:54:15.847 INFO [main] org.apache.catalina.startup.VersionLoggerListener.log JVM Vendor:            Oracle Corporation
21-Jul-2026 02:54:15.848 INFO [main] org.apache.catalina.startup.VersionLoggerListener.log CATALINA_BASE:         C:\Users\Fábio Gabriel\Documents\1. Faculdade\3 ANO\2025-2026\2 SEMESTRE\1. PRJ\4. Codigo\5. Codigo\GAPE\target\browser-tomcat10
21-Jul-2026 02:54:15.848 INFO [main] org.apache.catalina.startup.VersionLoggerListener.log CATALINA_HOME:         C:\Users\Fábio Gabriel\Documents\1. Faculdade\3 ANO\2025-2026\2 SEMESTRE\1. PRJ\4. Codigo\5. Codigo\GAPE\docs\dev\.tools\apache-tomcat-10.1.24
21-Jul-2026 02:54:15.855 INFO [main] org.apache.catalina.startup.VersionLoggerListener.log Command line argument: -Djava.util.logging.config.file=C:\Users\Fábio Gabriel\Documents\1. Faculdade\3 ANO\2025-2026\2 SEMESTRE\1. PRJ\4. Codigo\5. Codigo\GAPE\target\browser-tomcat10\conf\logging.properties
21-Jul-2026 02:54:15.855 INFO [main] org.apache.catalina.startup.VersionLoggerListener.log Command line argument: -Djava.util.logging.manager=org.apache.juli.ClassLoaderLogManager
21-Jul-2026 02:54:15.855 INFO [main] org.apache.catalina.startup.VersionLoggerListener.log Command line argument: --enable-native-access=ALL-UNNAMED
21-Jul-2026 02:54:15.856 INFO [main] org.apache.catalina.startup.VersionLoggerListener.log Command line argument: -Dfile.encoding=UTF-8
21-Jul-2026 02:54:15.856 INFO [main] org.apache.catalina.startup.VersionLoggerListener.log Command line argument: -Duser.timezone=Europe/Lisbon
21-Jul-2026 02:54:15.856 INFO [main] org.apache.catalina.startup.VersionLoggerListener.log Command line argument: -Dgape.upload.dir=C:\Users\Fábio Gabriel\Documents\1. Faculdade\3 ANO\2025-2026\2 SEMESTRE\1. PRJ\4. Codigo\5. Codigo\GAPE\uploads
21-Jul-2026 02:54:15.857 INFO [main] org.apache.catalina.startup.VersionLoggerListener.log Command line argument: -Dgape.webp.native.dir=C:\Users\Fábio Gabriel\Documents\1. Faculdade\3 ANO\2025-2026\2 SEMESTRE\1. PRJ\4. Codigo\5. Codigo\GAPE\docs\dev\.gape-webp-native
21-Jul-2026 02:54:15.857 INFO [main] org.apache.catalina.startup.VersionLoggerListener.log Command line argument: -Djdk.tls.ephemeralDHKeySize=2048
21-Jul-2026 02:54:15.857 INFO [main] org.apache.catalina.startup.VersionLoggerListener.log Command line argument: -Djava.protocol.handler.pkgs=org.apache.catalina.webresources
21-Jul-2026 02:54:15.857 INFO [main] org.apache.catalina.startup.VersionLoggerListener.log Command line argument: --add-opens=java.base/java.lang=ALL-UNNAMED
21-Jul-2026 02:54:15.857 INFO [main] org.apache.catalina.startup.VersionLoggerListener.log Command line argument: --add-opens=java.base/java.io=ALL-UNNAMED
21-Jul-2026 02:54:15.858 INFO [main] org.apache.catalina.startup.VersionLoggerListener.log Command line argument: --add-opens=java.base/java.util=ALL-UNNAMED
21-Jul-2026 02:54:15.858 INFO [main] org.apache.catalina.startup.VersionLoggerListener.log Command line argument: --add-opens=java.base/java.util.concurrent=ALL-UNNAMED
21-Jul-2026 02:54:15.858 INFO [main] org.apache.catalina.startup.VersionLoggerListener.log Command line argument: --add-opens=java.rmi/sun.rmi.transport=ALL-UNNAMED
21-Jul-2026 02:54:15.858 INFO [main] org.apache.catalina.startup.VersionLoggerListener.log Command line argument: -Dcatalina.base=C:\Users\Fábio Gabriel\Documents\1. Faculdade\3 ANO\2025-2026\2 SEMESTRE\1. PRJ\4. Codigo\5. Codigo\GAPE\target\browser-tomcat10
21-Jul-2026 02:54:15.859 INFO [main] org.apache.catalina.startup.VersionLoggerListener.log Command line argument: -Dcatalina.home=C:\Users\Fábio Gabriel\Documents\1. Faculdade\3 ANO\2025-2026\2 SEMESTRE\1. PRJ\4. Codigo\5. Codigo\GAPE\docs\dev\.tools\apache-tomcat-10.1.24
21-Jul-2026 02:54:15.859 INFO [main] org.apache.catalina.startup.VersionLoggerListener.log Command line argument: -Djava.io.tmpdir=C:\Users\Fábio Gabriel\Documents\1. Faculdade\3 ANO\2025-2026\2 SEMESTRE\1. PRJ\4. Codigo\5. Codigo\GAPE\target\browser-tomcat10\temp
21-Jul-2026 02:54:15.861 INFO [main] org.apache.catalina.core.AprLifecycleListener.lifecycleEvent Loaded Apache Tomcat Native library [2.0.7] using APR version [1.7.4].
21-Jul-2026 02:54:15.868 INFO [main] org.apache.catalina.core.AprLifecycleListener.initializeSSL OpenSSL successfully initialized [OpenSSL 3.0.13 30 Jan 2024]
21-Jul-2026 02:54:16.093 INFO [main] org.apache.coyote.AbstractProtocol.init Initializing ProtocolHandler ["http-nio-8080"]
21-Jul-2026 02:54:16.113 INFO [main] org.apache.catalina.startup.Catalina.load Server initialization in [411] milliseconds
21-Jul-2026 02:54:16.154 INFO [main] org.apache.catalina.core.StandardService.startInternal Starting service [Catalina]
21-Jul-2026 02:54:16.155 INFO [main] org.apache.catalina.core.StandardEngine.startInternal Starting Servlet engine: [Apache Tomcat/10.1.24]
21-Jul-2026 02:54:16.165 INFO [main] org.apache.catalina.startup.HostConfig.deployDirectory Deploying web application directory [C:\Users\Fábio Gabriel\Documents\1. Faculdade\3 ANO\2025-2026\2 SEMESTRE\1. PRJ\4. Codigo\5. Codigo\GAPE\target\browser-tomcat10\webapps\GAPE]
21-Jul-2026 02:54:18.967 INFO [main] org.apache.jasper.servlet.TldScanner.scanJars At least one JAR was scanned for TLDs yet contained no TLDs. Enable debug logging for this logger for a complete list of JARs that were scanned but no TLDs were found in them. Skipping unneeded JARs during scanning can improve startup time and JSP compilation time.
21-Jul-2026 02:54:28.621 INFO [main] org.apache.catalina.startup.HostConfig.deployDirectory Deployment of web application directory [C:\Users\Fábio Gabriel\Documents\1. Faculdade\3 ANO\2025-2026\2 SEMESTRE\1. PRJ\4. Codigo\5. Codigo\GAPE\target\browser-tomcat10\webapps\GAPE] has finished in [12,453] ms
21-Jul-2026 02:54:28.626 INFO [main] org.apache.coyote.AbstractProtocol.start Starting ProtocolHandler ["http-nio-8080"]
21-Jul-2026 02:54:28.638 INFO [main] org.apache.catalina.startup.Catalina.start Server startup in [12524] milliseconds
21-Jul-2026 03:06:00.303 INFO [main] org.apache.catalina.startup.VersionLoggerListener.log Server version name:   Apache Tomcat/10.1.24
21-Jul-2026 03:06:00.307 INFO [main] org.apache.catalina.startup.VersionLoggerListener.log Server built:          May 9 2024 17:41:23 UTC
21-Jul-2026 03:06:00.307 INFO [main] org.apache.catalina.startup.VersionLoggerListener.log Server version number: 10.1.24.0
21-Jul-2026 03:06:00.307 INFO [main] org.apache.catalina.startup.VersionLoggerListener.log OS Name:               Windows 11
21-Jul-2026 03:06:00.308 INFO [main] org.apache.catalina.startup.VersionLoggerListener.log OS Version:            10.0
21-Jul-2026 03:06:00.308 INFO [main] org.apache.catalina.startup.VersionLoggerListener.log Architecture:          amd64
21-Jul-2026 03:06:00.308 INFO [main] org.apache.catalina.startup.VersionLoggerListener.log Java Home:             C:\Program Files\Java\jdk-25
21-Jul-2026 03:06:00.309 INFO [main] org.apache.catalina.startup.VersionLoggerListener.log JVM Version:           25.0.1+8-LTS-27
21-Jul-2026 03:06:00.309 INFO [main] org.apache.catalina.startup.VersionLoggerListener.log JVM Vendor:            Oracle Corporation
21-Jul-2026 03:06:00.309 INFO [main] org.apache.catalina.startup.VersionLoggerListener.log CATALINA_BASE:         C:\Users\Fábio Gabriel\Documents\1. Faculdade\3 ANO\2025-2026\2 SEMESTRE\1. PRJ\4. Codigo\5. Codigo\GAPE\target\browser-tomcat10
21-Jul-2026 03:06:00.309 INFO [main] org.apache.catalina.startup.VersionLoggerListener.log CATALINA_HOME:         C:\Users\Fábio Gabriel\Documents\1. Faculdade\3 ANO\2025-2026\2 SEMESTRE\1. PRJ\4. Codigo\5. Codigo\GAPE\docs\dev\.tools\apache-tomcat-10.1.24
21-Jul-2026 03:06:00.313 INFO [main] org.apache.catalina.startup.VersionLoggerListener.log Command line argument: -Djava.util.logging.config.file=C:\Users\Fábio Gabriel\Documents\1. Faculdade\3 ANO\2025-2026\2 SEMESTRE\1. PRJ\4. Codigo\5. Codigo\GAPE\target\browser-tomcat10\conf\logging.properties
21-Jul-2026 03:06:00.314 INFO [main] org.apache.catalina.startup.VersionLoggerListener.log Command line argument: -Djava.util.logging.manager=org.apache.juli.ClassLoaderLogManager
21-Jul-2026 03:06:00.314 INFO [main] org.apache.catalina.startup.VersionLoggerListener.log Command line argument: --enable-native-access=ALL-UNNAMED
21-Jul-2026 03:06:00.314 INFO [main] org.apache.catalina.startup.VersionLoggerListener.log Command line argument: -Dfile.encoding=UTF-8
21-Jul-2026 03:06:00.314 INFO [main] org.apache.catalina.startup.VersionLoggerListener.log Command line argument: -Duser.timezone=Europe/Lisbon
21-Jul-2026 03:06:00.314 INFO [main] org.apache.catalina.startup.VersionLoggerListener.log Command line argument: -Dgape.upload.dir=C:\Users\Fábio Gabriel\Documents\1. Faculdade\3 ANO\2025-2026\2 SEMESTRE\1. PRJ\4. Codigo\5. Codigo\GAPE\uploads
21-Jul-2026 03:06:00.315 INFO [main] org.apache.catalina.startup.VersionLoggerListener.log Command line argument: -Dgape.webp.native.dir=C:\Users\Fábio Gabriel\Documents\1. Faculdade\3 ANO\2025-2026\2 SEMESTRE\1. PRJ\4. Codigo\5. Codigo\GAPE\docs\dev\.gape-webp-native
21-Jul-2026 03:06:00.315 INFO [main] org.apache.catalina.startup.VersionLoggerListener.log Command line argument: -Djdk.tls.ephemeralDHKeySize=2048
21-Jul-2026 03:06:00.315 INFO [main] org.apache.catalina.startup.VersionLoggerListener.log Command line argument: -Djava.protocol.handler.pkgs=org.apache.catalina.webresources
21-Jul-2026 03:06:00.315 INFO [main] org.apache.catalina.startup.VersionLoggerListener.log Command line argument: --add-opens=java.base/java.lang=ALL-UNNAMED
21-Jul-2026 03:06:00.315 INFO [main] org.apache.catalina.startup.VersionLoggerListener.log Command line argument: --add-opens=java.base/java.io=ALL-UNNAMED
21-Jul-2026 03:06:00.315 INFO [main] org.apache.catalina.startup.VersionLoggerListener.log Command line argument: --add-opens=java.base/java.util=ALL-UNNAMED
21-Jul-2026 03:06:00.316 INFO [main] org.apache.catalina.startup.VersionLoggerListener.log Command line argument: --add-opens=java.base/java.util.concurrent=ALL-UNNAMED
21-Jul-2026 03:06:00.316 INFO [main] org.apache.catalina.startup.VersionLoggerListener.log Command line argument: --add-opens=java.rmi/sun.rmi.transport=ALL-UNNAMED
21-Jul-2026 03:06:00.316 INFO [main] org.apache.catalina.startup.VersionLoggerListener.log Command line argument: -Dcatalina.base=C:\Users\Fábio Gabriel\Documents\1. Faculdade\3 ANO\2025-2026\2 SEMESTRE\1. PRJ\4. Codigo\5. Codigo\GAPE\target\browser-tomcat10
21-Jul-2026 03:06:00.316 INFO [main] org.apache.catalina.startup.VersionLoggerListener.log Command line argument: -Dcatalina.home=C:\Users\Fábio Gabriel\Documents\1. Faculdade\3 ANO\2025-2026\2 SEMESTRE\1. PRJ\4. Codigo\5. Codigo\GAPE\docs\dev\.tools\apache-tomcat-10.1.24
21-Jul-2026 03:06:00.316 INFO [main] org.apache.catalina.startup.VersionLoggerListener.log Command line argument: -Djava.io.tmpdir=C:\Users\Fábio Gabriel\Documents\1. Faculdade\3 ANO\2025-2026\2 SEMESTRE\1. PRJ\4. Codigo\5. Codigo\GAPE\target\browser-tomcat10\temp
21-Jul-2026 03:06:00.319 INFO [main] org.apache.catalina.core.AprLifecycleListener.lifecycleEvent Loaded Apache Tomcat Native library [2.0.7] using APR version [1.7.4].
21-Jul-2026 03:06:00.324 INFO [main] org.apache.catalina.core.AprLifecycleListener.initializeSSL OpenSSL successfully initialized [OpenSSL 3.0.13 30 Jan 2024]
21-Jul-2026 03:06:00.486 INFO [main] org.apache.coyote.AbstractProtocol.init Initializing ProtocolHandler ["http-nio-8080"]
21-Jul-2026 03:06:00.500 INFO [main] org.apache.catalina.startup.Catalina.load Server initialization in [307] milliseconds
21-Jul-2026 03:06:00.527 INFO [main] org.apache.catalina.core.StandardService.startInternal Starting service [Catalina]
21-Jul-2026 03:06:00.528 INFO [main] org.apache.catalina.core.StandardEngine.startInternal Starting Servlet engine: [Apache Tomcat/10.1.24]
21-Jul-2026 03:06:00.535 INFO [main] org.apache.catalina.startup.HostConfig.deployDirectory Deploying web application directory [C:\Users\Fábio Gabriel\Documents\1. Faculdade\3 ANO\2025-2026\2 SEMESTRE\1. PRJ\4. Codigo\5. Codigo\GAPE\target\browser-tomcat10\webapps\GAPE]
21-Jul-2026 03:06:02.553 INFO [main] org.apache.jasper.servlet.TldScanner.scanJars At least one JAR was scanned for TLDs yet contained no TLDs. Enable debug logging for this logger for a complete list of JARs that were scanned but no TLDs were found in them. Skipping unneeded JARs during scanning can improve startup time and JSP compilation time.
21-Jul-2026 03:06:08.996 INFO [main] org.apache.catalina.startup.HostConfig.deployDirectory Deployment of web application directory [C:\Users\Fábio Gabriel\Documents\1. Faculdade\3 ANO\2025-2026\2 SEMESTRE\1. PRJ\4. Codigo\5. Codigo\GAPE\target\browser-tomcat10\webapps\GAPE] has finished in [8,458] ms
21-Jul-2026 03:06:09.000 INFO [main] org.apache.coyote.AbstractProtocol.start Starting ProtocolHandler ["http-nio-8080"]
21-Jul-2026 03:06:09.014 INFO [main] org.apache.catalina.startup.Catalina.start Server startup in [8511] milliseconds
21-Jul-2026 03:21:11.245 INFO [main] org.apache.catalina.startup.VersionLoggerListener.log Server version name:   Apache Tomcat/10.1.24
21-Jul-2026 03:21:11.249 INFO [main] org.apache.catalina.startup.VersionLoggerListener.log Server built:          May 9 2024 17:41:23 UTC
21-Jul-2026 03:21:11.249 INFO [main] org.apache.catalina.startup.VersionLoggerListener.log Server version number: 10.1.24.0
21-Jul-2026 03:21:11.250 INFO [main] org.apache.catalina.startup.VersionLoggerListener.log OS Name:               Windows 11
21-Jul-2026 03:21:11.250 INFO [main] org.apache.catalina.startup.VersionLoggerListener.log OS Version:            10.0
21-Jul-2026 03:21:11.250 INFO [main] org.apache.catalina.startup.VersionLoggerListener.log Architecture:          amd64
21-Jul-2026 03:21:11.250 INFO [main] org.apache.catalina.startup.VersionLoggerListener.log Java Home:             C:\Program Files\Java\jdk-25
21-Jul-2026 03:21:11.250 INFO [main] org.apache.catalina.startup.VersionLoggerListener.log JVM Version:           25.0.1+8-LTS-27
21-Jul-2026 03:21:11.250 INFO [main] org.apache.catalina.startup.VersionLoggerListener.log JVM Vendor:            Oracle Corporation
21-Jul-2026 03:21:11.251 INFO [main] org.apache.catalina.startup.VersionLoggerListener.log CATALINA_BASE:         C:\Users\Fábio Gabriel\Documents\1. Faculdade\3 ANO\2025-2026\2 SEMESTRE\1. PRJ\4. Codigo\5. Codigo\GAPE\target\browser-tomcat10
21-Jul-2026 03:21:11.251 INFO [main] org.apache.catalina.startup.VersionLoggerListener.log CATALINA_HOME:         C:\Users\Fábio Gabriel\Documents\1. Faculdade\3 ANO\2025-2026\2 SEMESTRE\1. PRJ\4. Codigo\5. Codigo\GAPE\docs\dev\.tools\apache-tomcat-10.1.24
21-Jul-2026 03:21:11.258 INFO [main] org.apache.catalina.startup.VersionLoggerListener.log Command line argument: -Djava.util.logging.config.file=C:\Users\Fábio Gabriel\Documents\1. Faculdade\3 ANO\2025-2026\2 SEMESTRE\1. PRJ\4. Codigo\5. Codigo\GAPE\target\browser-tomcat10\conf\logging.properties
21-Jul-2026 03:21:11.258 INFO [main] org.apache.catalina.startup.VersionLoggerListener.log Command line argument: -Djava.util.logging.manager=org.apache.juli.ClassLoaderLogManager
21-Jul-2026 03:21:11.258 INFO [main] org.apache.catalina.startup.VersionLoggerListener.log Command line argument: --enable-native-access=ALL-UNNAMED
21-Jul-2026 03:21:11.258 INFO [main] org.apache.catalina.startup.VersionLoggerListener.log Command line argument: -Dfile.encoding=UTF-8
21-Jul-2026 03:21:11.269 INFO [main] org.apache.catalina.startup.VersionLoggerListener.log Command line argument: -Duser.timezone=Europe/Lisbon
21-Jul-2026 03:21:11.271 INFO [main] org.apache.catalina.startup.VersionLoggerListener.log Command line argument: -Dgape.upload.dir=C:\Users\Fábio Gabriel\Documents\1. Faculdade\3 ANO\2025-2026\2 SEMESTRE\1. PRJ\4. Codigo\5. Codigo\GAPE\uploads
21-Jul-2026 03:21:11.271 INFO [main] org.apache.catalina.startup.VersionLoggerListener.log Command line argument: -Dgape.webp.native.dir=C:\Users\Fábio Gabriel\Documents\1. Faculdade\3 ANO\2025-2026\2 SEMESTRE\1. PRJ\4. Codigo\5. Codigo\GAPE\docs\dev\.gape-webp-native
21-Jul-2026 03:21:11.271 INFO [main] org.apache.catalina.startup.VersionLoggerListener.log Command line argument: -Djdk.tls.ephemeralDHKeySize=2048
21-Jul-2026 03:21:11.271 INFO [main] org.apache.catalina.startup.VersionLoggerListener.log Command line argument: -Djava.protocol.handler.pkgs=org.apache.catalina.webresources
21-Jul-2026 03:21:11.272 INFO [main] org.apache.catalina.startup.VersionLoggerListener.log Command line argument: --add-opens=java.base/java.lang=ALL-UNNAMED
21-Jul-2026 03:21:11.272 INFO [main] org.apache.catalina.startup.VersionLoggerListener.log Command line argument: --add-opens=java.base/java.io=ALL-UNNAMED
21-Jul-2026 03:21:11.272 INFO [main] org.apache.catalina.startup.VersionLoggerListener.log Command line argument: --add-opens=java.base/java.util=ALL-UNNAMED
21-Jul-2026 03:21:11.272 INFO [main] org.apache.catalina.startup.VersionLoggerListener.log Command line argument: --add-opens=java.base/java.util.concurrent=ALL-UNNAMED
21-Jul-2026 03:21:11.272 INFO [main] org.apache.catalina.startup.VersionLoggerListener.log Command line argument: --add-opens=java.rmi/sun.rmi.transport=ALL-UNNAMED
21-Jul-2026 03:21:11.273 INFO [main] org.apache.catalina.startup.VersionLoggerListener.log Command line argument: -Dcatalina.base=C:\Users\Fábio Gabriel\Documents\1. Faculdade\3 ANO\2025-2026\2 SEMESTRE\1. PRJ\4. Codigo\5. Codigo\GAPE\target\browser-tomcat10
21-Jul-2026 03:21:11.273 INFO [main] org.apache.catalina.startup.VersionLoggerListener.log Command line argument: -Dcatalina.home=C:\Users\Fábio Gabriel\Documents\1. Faculdade\3 ANO\2025-2026\2 SEMESTRE\1. PRJ\4. Codigo\5. Codigo\GAPE\docs\dev\.tools\apache-tomcat-10.1.24
21-Jul-2026 03:21:11.273 INFO [main] org.apache.catalina.startup.VersionLoggerListener.log Command line argument: -Djava.io.tmpdir=C:\Users\Fábio Gabriel\Documents\1. Faculdade\3 ANO\2025-2026\2 SEMESTRE\1. PRJ\4. Codigo\5. Codigo\GAPE\target\browser-tomcat10\temp
21-Jul-2026 03:21:11.274 INFO [main] org.apache.catalina.core.AprLifecycleListener.lifecycleEvent Loaded Apache Tomcat Native library [2.0.7] using APR version [1.7.4].
21-Jul-2026 03:21:11.280 INFO [main] org.apache.catalina.core.AprLifecycleListener.initializeSSL OpenSSL successfully initialized [OpenSSL 3.0.13 30 Jan 2024]
21-Jul-2026 03:21:11.444 INFO [main] org.apache.coyote.AbstractProtocol.init Initializing ProtocolHandler ["http-nio-8080"]
21-Jul-2026 03:21:11.458 INFO [main] org.apache.catalina.startup.Catalina.load Server initialization in [353] milliseconds
21-Jul-2026 03:21:11.490 INFO [main] org.apache.catalina.core.StandardService.startInternal Starting service [Catalina]
21-Jul-2026 03:21:11.490 INFO [main] org.apache.catalina.core.StandardEngine.startInternal Starting Servlet engine: [Apache Tomcat/10.1.24]
21-Jul-2026 03:21:11.498 INFO [main] org.apache.catalina.startup.HostConfig.deployDirectory Deploying web application directory [C:\Users\Fábio Gabriel\Documents\1. Faculdade\3 ANO\2025-2026\2 SEMESTRE\1. PRJ\4. Codigo\5. Codigo\GAPE\target\browser-tomcat10\webapps\GAPE]
21-Jul-2026 03:21:13.556 INFO [main] org.apache.jasper.servlet.TldScanner.scanJars At least one JAR was scanned for TLDs yet contained no TLDs. Enable debug logging for this logger for a complete list of JARs that were scanned but no TLDs were found in them. Skipping unneeded JARs during scanning can improve startup time and JSP compilation time.
21-Jul-2026 03:21:27.199 INFO [main] org.apache.catalina.startup.HostConfig.deployDirectory Deployment of web application directory [C:\Users\Fábio Gabriel\Documents\1. Faculdade\3 ANO\2025-2026\2 SEMESTRE\1. PRJ\4. Codigo\5. Codigo\GAPE\target\browser-tomcat10\webapps\GAPE] has finished in [15,695] ms
21-Jul-2026 03:21:27.205 INFO [main] org.apache.coyote.AbstractProtocol.start Starting ProtocolHandler ["http-nio-8080"]
21-Jul-2026 03:21:27.225 INFO [main] org.apache.catalina.startup.Catalina.start Server startup in [15765] milliseconds
21-Jul-2026 03:23:34.618 INFO [main] org.apache.catalina.startup.VersionLoggerListener.log Server version name:   Apache Tomcat/10.1.24
21-Jul-2026 03:23:34.620 INFO [main] org.apache.catalina.startup.VersionLoggerListener.log Server built:          May 9 2024 17:41:23 UTC
21-Jul-2026 03:23:34.621 INFO [main] org.apache.catalina.startup.VersionLoggerListener.log Server version number: 10.1.24.0
21-Jul-2026 03:23:34.621 INFO [main] org.apache.catalina.startup.VersionLoggerListener.log OS Name:               Windows 11
21-Jul-2026 03:23:34.621 INFO [main] org.apache.catalina.startup.VersionLoggerListener.log OS Version:            10.0
21-Jul-2026 03:23:34.622 INFO [main] org.apache.catalina.startup.VersionLoggerListener.log Architecture:          amd64
21-Jul-2026 03:23:34.622 INFO [main] org.apache.catalina.startup.VersionLoggerListener.log Java Home:             C:\Program Files\Java\jdk-25
21-Jul-2026 03:23:34.622 INFO [main] org.apache.catalina.startup.VersionLoggerListener.log JVM Version:           25.0.1+8-LTS-27
21-Jul-2026 03:23:34.623 INFO [main] org.apache.catalina.startup.VersionLoggerListener.log JVM Vendor:            Oracle Corporation
21-Jul-2026 03:23:34.623 INFO [main] org.apache.catalina.startup.VersionLoggerListener.log CATALINA_BASE:         C:\Users\Fábio Gabriel\Documents\1. Faculdade\3 ANO\2025-2026\2 SEMESTRE\1. PRJ\4. Codigo\5. Codigo\GAPE\target\browser-tomcat10
21-Jul-2026 03:23:34.623 INFO [main] org.apache.catalina.startup.VersionLoggerListener.log CATALINA_HOME:         C:\Users\Fábio Gabriel\Documents\1. Faculdade\3 ANO\2025-2026\2 SEMESTRE\1. PRJ\4. Codigo\5. Codigo\GAPE\docs\dev\.tools\apache-tomcat-10.1.24
21-Jul-2026 03:23:34.627 INFO [main] org.apache.catalina.startup.VersionLoggerListener.log Command line argument: -Djava.util.logging.config.file=C:\Users\Fábio Gabriel\Documents\1. Faculdade\3 ANO\2025-2026\2 SEMESTRE\1. PRJ\4. Codigo\5. Codigo\GAPE\target\browser-tomcat10\conf\logging.properties
21-Jul-2026 03:23:34.627 INFO [main] org.apache.catalina.startup.VersionLoggerListener.log Command line argument: -Djava.util.logging.manager=org.apache.juli.ClassLoaderLogManager
21-Jul-2026 03:23:34.628 INFO [main] org.apache.catalina.startup.VersionLoggerListener.log Command line argument: --enable-native-access=ALL-UNNAMED
21-Jul-2026 03:23:34.628 INFO [main] org.apache.catalina.startup.VersionLoggerListener.log Command line argument: -Dfile.encoding=UTF-8
21-Jul-2026 03:23:34.628 INFO [main] org.apache.catalina.startup.VersionLoggerListener.log Command line argument: -Duser.timezone=Europe/Lisbon
21-Jul-2026 03:23:34.629 INFO [main] org.apache.catalina.startup.VersionLoggerListener.log Command line argument: -Dgape.upload.dir=C:\Users\Fábio Gabriel\Documents\1. Faculdade\3 ANO\2025-2026\2 SEMESTRE\1. PRJ\4. Codigo\5. Codigo\GAPE\uploads
21-Jul-2026 03:23:34.629 INFO [main] org.apache.catalina.startup.VersionLoggerListener.log Command line argument: -Dgape.webp.native.dir=C:\Users\Fábio Gabriel\Documents\1. Faculdade\3 ANO\2025-2026\2 SEMESTRE\1. PRJ\4. Codigo\5. Codigo\GAPE\docs\dev\.gape-webp-native
21-Jul-2026 03:23:34.630 INFO [main] org.apache.catalina.startup.VersionLoggerListener.log Command line argument: -Djdk.tls.ephemeralDHKeySize=2048
21-Jul-2026 03:23:34.630 INFO [main] org.apache.catalina.startup.VersionLoggerListener.log Command line argument: -Djava.protocol.handler.pkgs=org.apache.catalina.webresources
21-Jul-2026 03:23:34.630 INFO [main] org.apache.catalina.startup.VersionLoggerListener.log Command line argument: --add-opens=java.base/java.lang=ALL-UNNAMED
21-Jul-2026 03:23:34.630 INFO [main] org.apache.catalina.startup.VersionLoggerListener.log Command line argument: --add-opens=java.base/java.io=ALL-UNNAMED
21-Jul-2026 03:23:34.630 INFO [main] org.apache.catalina.startup.VersionLoggerListener.log Command line argument: --add-opens=java.base/java.util=ALL-UNNAMED
21-Jul-2026 03:23:34.630 INFO [main] org.apache.catalina.startup.VersionLoggerListener.log Command line argument: --add-opens=java.base/java.util.concurrent=ALL-UNNAMED
21-Jul-2026 03:23:34.631 INFO [main] org.apache.catalina.startup.VersionLoggerListener.log Command line argument: --add-opens=java.rmi/sun.rmi.transport=ALL-UNNAMED
21-Jul-2026 03:23:34.631 INFO [main] org.apache.catalina.startup.VersionLoggerListener.log Command line argument: -Dcatalina.base=C:\Users\Fábio Gabriel\Documents\1. Faculdade\3 ANO\2025-2026\2 SEMESTRE\1. PRJ\4. Codigo\5. Codigo\GAPE\target\browser-tomcat10
21-Jul-2026 03:23:34.631 INFO [main] org.apache.catalina.startup.VersionLoggerListener.log Command line argument: -Dcatalina.home=C:\Users\Fábio Gabriel\Documents\1. Faculdade\3 ANO\2025-2026\2 SEMESTRE\1. PRJ\4. Codigo\5. Codigo\GAPE\docs\dev\.tools\apache-tomcat-10.1.24
21-Jul-2026 03:23:34.631 INFO [main] org.apache.catalina.startup.VersionLoggerListener.log Command line argument: -Djava.io.tmpdir=C:\Users\Fábio Gabriel\Documents\1. Faculdade\3 ANO\2025-2026\2 SEMESTRE\1. PRJ\4. Codigo\5. Codigo\GAPE\target\browser-tomcat10\temp
21-Jul-2026 03:23:34.633 INFO [main] org.apache.catalina.core.AprLifecycleListener.lifecycleEvent Loaded Apache Tomcat Native library [2.0.7] using APR version [1.7.4].
21-Jul-2026 03:23:34.639 INFO [main] org.apache.catalina.core.AprLifecycleListener.initializeSSL OpenSSL successfully initialized [OpenSSL 3.0.13 30 Jan 2024]
21-Jul-2026 03:23:34.811 INFO [main] org.apache.coyote.AbstractProtocol.init Initializing ProtocolHandler ["http-nio-8080"]
21-Jul-2026 03:23:34.829 INFO [main] org.apache.catalina.startup.Catalina.load Server initialization in [327] milliseconds
21-Jul-2026 03:23:34.864 INFO [main] org.apache.catalina.core.StandardService.startInternal Starting service [Catalina]
21-Jul-2026 03:23:34.865 INFO [main] org.apache.catalina.core.StandardEngine.startInternal Starting Servlet engine: [Apache Tomcat/10.1.24]
21-Jul-2026 03:23:34.873 INFO [main] org.apache.catalina.startup.HostConfig.deployDirectory Deploying web application directory [C:\Users\Fábio Gabriel\Documents\1. Faculdade\3 ANO\2025-2026\2 SEMESTRE\1. PRJ\4. Codigo\5. Codigo\GAPE\target\browser-tomcat10\webapps\GAPE]
21-Jul-2026 03:23:37.057 INFO [main] org.apache.jasper.servlet.TldScanner.scanJars At least one JAR was scanned for TLDs yet contained no TLDs. Enable debug logging for this logger for a complete list of JARs that were scanned but no TLDs were found in them. Skipping unneeded JARs during scanning can improve startup time and JSP compilation time.
21-Jul-2026 03:23:49.206 INFO [main] org.apache.catalina.startup.HostConfig.deployDirectory Deployment of web application directory [C:\Users\Fábio Gabriel\Documents\1. Faculdade\3 ANO\2025-2026\2 SEMESTRE\1. PRJ\4. Codigo\5. Codigo\GAPE\target\browser-tomcat10\webapps\GAPE] has finished in [14,330] ms
21-Jul-2026 03:23:49.211 INFO [main] org.apache.coyote.AbstractProtocol.start Starting ProtocolHandler ["http-nio-8080"]
21-Jul-2026 03:23:49.225 INFO [main] org.apache.catalina.startup.Catalina.start Server startup in [14394] milliseconds
