21-Jul-2026 00:02:12.298 SEVERE [http-nio-8080-exec-3] org.apache.catalina.core.ApplicationDispatcher.invoke Servlet.service() for servlet [jsp] threw exception
	org.apache.jasper.JasperException: /coordinator/coordinator/course/coordinator-courses.jsp (line: [907], column: [0]) Unterminated [&lt;c:when] tag
		at org.apache.jasper.compiler.DefaultErrorHandler.jspError(DefaultErrorHandler.java:41)
		at org.apache.jasper.compiler.ErrorDispatcher.dispatch(ErrorDispatcher.java:299)
		at org.apache.jasper.compiler.ErrorDispatcher.jspError(ErrorDispatcher.java:99)
		at org.apache.jasper.compiler.Parser.parseBody(Parser.java:1695)
		at org.apache.jasper.compiler.Parser.parseOptionalBody(Parser.java:1014)
		at org.apache.jasper.compiler.Parser.parseCustomTag(Parser.java:1289)
		at org.apache.jasper.compiler.Parser.parseElements(Parser.java:1469)
		at org.apache.jasper.compiler.Parser.parseBody(Parser.java:1682)
		at org.apache.jasper.compiler.Parser.parseOptionalBody(Parser.java:1014)
		at org.apache.jasper.compiler.Parser.parseCustomTag(Parser.java:1289)
		at org.apache.jasper.compiler.Parser.parseElements(Parser.java:1469)
		at org.apache.jasper.compiler.Parser.parseBody(Parser.java:1682)
		at org.apache.jasper.compiler.Parser.parseOptionalBody(Parser.java:1014)
		at org.apache.jasper.compiler.Parser.parseCustomTag(Parser.java:1289)
		at org.apache.jasper.compiler.Parser.parseElements(Parser.java:1469)
		at org.apache.jasper.compiler.Parser.parseBody(Parser.java:1682)
		at org.apache.jasper.compiler.Parser.parseOptionalBody(Parser.java:1014)
		at org.apache.jasper.compiler.Parser.parseCustomTag(Parser.java:1289)
		at org.apache.jasper.compiler.Parser.parseElements(Parser.java:1469)
		at org.apache.jasper.compiler.Parser.parse(Parser.java:138)
		at org.apache.jasper.compiler.ParserController.doParse(ParserController.java:245)
		at org.apache.jasper.compiler.ParserController.parse(ParserController.java:106)
		at org.apache.jasper.compiler.Compiler.generateJava(Compiler.java:211)
		at org.apache.jasper.compiler.Compiler.compile(Compiler.java:396)
		at org.apache.jasper.compiler.Compiler.compile(Compiler.java:372)
		at org.apache.jasper.compiler.Compiler.compile(Compiler.java:356)
		at org.apache.jasper.JspCompilationContext.compile(JspCompilationContext.java:603)
		at org.apache.jasper.servlet.JspServletWrapper.service(JspServletWrapper.java:396)
		at org.apache.jasper.servlet.JspServlet.serviceJspFile(JspServlet.java:380)
		at org.apache.jasper.servlet.JspServlet.service(JspServlet.java:328)
		at jakarta.servlet.http.HttpServlet.service(HttpServlet.java:658)
		at org.apache.catalina.core.ApplicationFilterChain.internalDoFilter(ApplicationFilterChain.java:195)
		at org.apache.catalina.core.ApplicationFilterChain.doFilter(ApplicationFilterChain.java:140)
		at org.apache.tomcat.websocket.server.WsFilter.doFilter(WsFilter.java:51)
		at org.apache.catalina.core.ApplicationFilterChain.internalDoFilter(ApplicationFilterChain.java:164)
		at org.apache.catalina.core.ApplicationFilterChain.doFilter(ApplicationFilterChain.java:140)
		at org.apache.catalina.core.ApplicationDispatcher.invoke(ApplicationDispatcher.java:632)
		at org.apache.catalina.core.ApplicationDispatcher.processRequest(ApplicationDispatcher.java:408)
		at org.apache.catalina.core.ApplicationDispatcher.doForward(ApplicationDispatcher.java:330)
		at org.apache.catalina.core.ApplicationDispatcher.forward(ApplicationDispatcher.java:267)
		at pt.isel.gape.web.controller.DashboardServletSupport.forward(DashboardServletSupport.java:121)
		at pt.isel.gape.web.controller.CourseManagementServlet.showList(CourseManagementServlet.java:342)
		at pt.isel.gape.web.controller.CourseManagementServlet.doGet(CourseManagementServlet.java:189)
		at jakarta.servlet.http.HttpServlet.service(HttpServlet.java:564)
		at jakarta.servlet.http.HttpServlet.service(HttpServlet.java:658)
		at org.apache.catalina.core.ApplicationFilterChain.internalDoFilter(ApplicationFilterChain.java:195)
		at org.apache.catalina.core.ApplicationFilterChain.doFilter(ApplicationFilterChain.java:140)
		at org.apache.tomcat.websocket.server.WsFilter.doFilter(WsFilter.java:51)
		at org.apache.catalina.core.ApplicationFilterChain.internalDoFilter(ApplicationFilterChain.java:164)
		at org.apache.catalina.core.ApplicationFilterChain.doFilter(ApplicationFilterChain.java:140)
		at pt.isel.gape.web.filter.DashboardEventUnreadFilter.doFilter(DashboardEventUnreadFilter.java:152)
		at org.apache.catalina.core.ApplicationFilterChain.internalDoFilter(ApplicationFilterChain.java:164)
		at org.apache.catalina.core.ApplicationFilterChain.doFilter(ApplicationFilterChain.java:140)
		at pt.isel.gape.web.filter.CsrfFilter.doFilter(CsrfFilter.java:48)
		at org.apache.catalina.core.ApplicationFilterChain.internalDoFilter(ApplicationFilterChain.java:164)
		at org.apache.catalina.core.ApplicationFilterChain.doFilter(ApplicationFilterChain.java:140)
		at pt.isel.gape.web.filter.AuthorizationFilter.doFilter(AuthorizationFilter.java:85)
		at org.apache.catalina.core.ApplicationFilterChain.internalDoFilter(ApplicationFilterChain.java:164)
		at org.apache.catalina.core.ApplicationFilterChain.doFilter(ApplicationFilterChain.java:140)
		at pt.isel.gape.web.filter.AuthenticationFilter.doFilter(AuthenticationFilter.java:87)
		at org.apache.catalina.core.ApplicationFilterChain.internalDoFilter(ApplicationFilterChain.java:164)
		at org.apache.catalina.core.ApplicationFilterChain.doFilter(ApplicationFilterChain.java:140)
		at pt.isel.gape.web.filter.SecurityHeadersFilter.doFilter(SecurityHeadersFilter.java:53)
		at org.apache.catalina.core.ApplicationFilterChain.internalDoFilter(ApplicationFilterChain.java:164)
		at org.apache.catalina.core.ApplicationFilterChain.doFilter(ApplicationFilterChain.java:140)
		at pt.isel.gape.web.filter.HttpsEnforcementFilter.doFilter(HttpsEnforcementFilter.java:36)
		at org.apache.catalina.core.ApplicationFilterChain.internalDoFilter(ApplicationFilterChain.java:164)
		at org.apache.catalina.core.ApplicationFilterChain.doFilter(ApplicationFilterChain.java:140)
		at org.apache.catalina.core.StandardWrapperValve.invoke(StandardWrapperValve.java:167)
		at org.apache.catalina.core.StandardContextValve.invoke(StandardContextValve.java:90)
		at org.apache.catalina.authenticator.AuthenticatorBase.invoke(AuthenticatorBase.java:482)
		at org.apache.catalina.core.StandardHostValve.invoke(StandardHostValve.java:115)
		at org.apache.catalina.valves.ErrorReportValve.invoke(ErrorReportValve.java:93)
		at org.apache.catalina.valves.AbstractAccessLogValve.invoke(AbstractAccessLogValve.java:663)
		at org.apache.catalina.core.StandardEngineValve.invoke(StandardEngineValve.java:74)
		at org.apache.catalina.connector.CoyoteAdapter.service(CoyoteAdapter.java:344)
		at org.apache.coyote.http11.Http11Processor.service(Http11Processor.java:389)
		at org.apache.coyote.AbstractProcessorLight.process(AbstractProcessorLight.java:63)
		at org.apache.coyote.AbstractProtocol$ConnectionHandler.process(AbstractProtocol.java:896)
		at org.apache.tomcat.util.net.NioEndpoint$SocketProcessor.doRun(NioEndpoint.java:1741)
		at org.apache.tomcat.util.net.SocketProcessorBase.run(SocketProcessorBase.java:52)
		at org.apache.tomcat.util.threads.ThreadPoolExecutor.runWorker(ThreadPoolExecutor.java:1190)
		at org.apache.tomcat.util.threads.ThreadPoolExecutor$Worker.run(ThreadPoolExecutor.java:659)
		at org.apache.tomcat.util.threads.TaskThread$WrappingRunnable.run(TaskThread.java:63)
		at java.base/java.lang.Thread.run(Thread.java:1474)
21-Jul-2026 00:02:12.298 SEVERE [http-nio-8080-exec-3] org.apache.catalina.core.StandardWrapperValve.invoke Servlet.service() for servlet [courseManagementServlet] in context with path [/GAPE] threw exception [/coordinator/coordinator/course/coordinator-courses.jsp (line: [907], column: [0]) Unterminated [&lt;c:when] tag] with root cause
	org.apache.jasper.JasperException: /coordinator/coordinator/course/coordinator-courses.jsp (line: [907], column: [0]) Unterminated [&lt;c:when] tag
		at org.apache.jasper.compiler.DefaultErrorHandler.jspError(DefaultErrorHandler.java:41)
		at org.apache.jasper.compiler.ErrorDispatcher.dispatch(ErrorDispatcher.java:299)
		at org.apache.jasper.compiler.ErrorDispatcher.jspError(ErrorDispatcher.java:99)
		at org.apache.jasper.compiler.Parser.parseBody(Parser.java:1695)
		at org.apache.jasper.compiler.Parser.parseOptionalBody(Parser.java:1014)
		at org.apache.jasper.compiler.Parser.parseCustomTag(Parser.java:1289)
		at org.apache.jasper.compiler.Parser.parseElements(Parser.java:1469)
		at org.apache.jasper.compiler.Parser.parseBody(Parser.java:1682)
		at org.apache.jasper.compiler.Parser.parseOptionalBody(Parser.java:1014)
		at org.apache.jasper.compiler.Parser.parseCustomTag(Parser.java:1289)
		at org.apache.jasper.compiler.Parser.parseElements(Parser.java:1469)
		at org.apache.jasper.compiler.Parser.parseBody(Parser.java:1682)
		at org.apache.jasper.compiler.Parser.parseOptionalBody(Parser.java:1014)
		at org.apache.jasper.compiler.Parser.parseCustomTag(Parser.java:1289)
		at org.apache.jasper.compiler.Parser.parseElements(Parser.java:1469)
		at org.apache.jasper.compiler.Parser.parseBody(Parser.java:1682)
		at org.apache.jasper.compiler.Parser.parseOptionalBody(Parser.java:1014)
		at org.apache.jasper.compiler.Parser.parseCustomTag(Parser.java:1289)
		at org.apache.jasper.compiler.Parser.parseElements(Parser.java:1469)
		at org.apache.jasper.compiler.Parser.parse(Parser.java:138)
		at org.apache.jasper.compiler.ParserController.doParse(ParserController.java:245)
		at org.apache.jasper.compiler.ParserController.parse(ParserController.java:106)
		at org.apache.jasper.compiler.Compiler.generateJava(Compiler.java:211)
		at org.apache.jasper.compiler.Compiler.compile(Compiler.java:396)
		at org.apache.jasper.compiler.Compiler.compile(Compiler.java:372)
		at org.apache.jasper.compiler.Compiler.compile(Compiler.java:356)
		at org.apache.jasper.JspCompilationContext.compile(JspCompilationContext.java:603)
		at org.apache.jasper.servlet.JspServletWrapper.service(JspServletWrapper.java:396)
		at org.apache.jasper.servlet.JspServlet.serviceJspFile(JspServlet.java:380)
		at org.apache.jasper.servlet.JspServlet.service(JspServlet.java:328)
		at jakarta.servlet.http.HttpServlet.service(HttpServlet.java:658)
		at org.apache.catalina.core.ApplicationFilterChain.internalDoFilter(ApplicationFilterChain.java:195)
		at org.apache.catalina.core.ApplicationFilterChain.doFilter(ApplicationFilterChain.java:140)
		at org.apache.tomcat.websocket.server.WsFilter.doFilter(WsFilter.java:51)
		at org.apache.catalina.core.ApplicationFilterChain.internalDoFilter(ApplicationFilterChain.java:164)
		at org.apache.catalina.core.ApplicationFilterChain.doFilter(ApplicationFilterChain.java:140)
		at org.apache.catalina.core.ApplicationDispatcher.invoke(ApplicationDispatcher.java:632)
		at org.apache.catalina.core.ApplicationDispatcher.processRequest(ApplicationDispatcher.java:408)
		at org.apache.catalina.core.ApplicationDispatcher.doForward(ApplicationDispatcher.java:330)
		at org.apache.catalina.core.ApplicationDispatcher.forward(ApplicationDispatcher.java:267)
		at pt.isel.gape.web.controller.DashboardServletSupport.forward(DashboardServletSupport.java:121)
		at pt.isel.gape.web.controller.CourseManagementServlet.showList(CourseManagementServlet.java:342)
		at pt.isel.gape.web.controller.CourseManagementServlet.doGet(CourseManagementServlet.java:189)
		at jakarta.servlet.http.HttpServlet.service(HttpServlet.java:564)
		at jakarta.servlet.http.HttpServlet.service(HttpServlet.java:658)
		at org.apache.catalina.core.ApplicationFilterChain.internalDoFilter(ApplicationFilterChain.java:195)
		at org.apache.catalina.core.ApplicationFilterChain.doFilter(ApplicationFilterChain.java:140)
		at org.apache.tomcat.websocket.server.WsFilter.doFilter(WsFilter.java:51)
		at org.apache.catalina.core.ApplicationFilterChain.internalDoFilter(ApplicationFilterChain.java:164)
		at org.apache.catalina.core.ApplicationFilterChain.doFilter(ApplicationFilterChain.java:140)
		at pt.isel.gape.web.filter.DashboardEventUnreadFilter.doFilter(DashboardEventUnreadFilter.java:152)
		at org.apache.catalina.core.ApplicationFilterChain.internalDoFilter(ApplicationFilterChain.java:164)
		at org.apache.catalina.core.ApplicationFilterChain.doFilter(ApplicationFilterChain.java:140)
		at pt.isel.gape.web.filter.CsrfFilter.doFilter(CsrfFilter.java:48)
		at org.apache.catalina.core.ApplicationFilterChain.internalDoFilter(ApplicationFilterChain.java:164)
		at org.apache.catalina.core.ApplicationFilterChain.doFilter(ApplicationFilterChain.java:140)
		at pt.isel.gape.web.filter.AuthorizationFilter.doFilter(AuthorizationFilter.java:85)
		at org.apache.catalina.core.ApplicationFilterChain.internalDoFilter(ApplicationFilterChain.java:164)
		at org.apache.catalina.core.ApplicationFilterChain.doFilter(ApplicationFilterChain.java:140)
		at pt.isel.gape.web.filter.AuthenticationFilter.doFilter(AuthenticationFilter.java:87)
		at org.apache.catalina.core.ApplicationFilterChain.internalDoFilter(ApplicationFilterChain.java:164)
		at org.apache.catalina.core.ApplicationFilterChain.doFilter(ApplicationFilterChain.java:140)
		at pt.isel.gape.web.filter.SecurityHeadersFilter.doFilter(SecurityHeadersFilter.java:53)
		at org.apache.catalina.core.ApplicationFilterChain.internalDoFilter(ApplicationFilterChain.java:164)
		at org.apache.catalina.core.ApplicationFilterChain.doFilter(ApplicationFilterChain.java:140)
		at pt.isel.gape.web.filter.HttpsEnforcementFilter.doFilter(HttpsEnforcementFilter.java:36)
		at org.apache.catalina.core.ApplicationFilterChain.internalDoFilter(ApplicationFilterChain.java:164)
		at org.apache.catalina.core.ApplicationFilterChain.doFilter(ApplicationFilterChain.java:140)
		at org.apache.catalina.core.StandardWrapperValve.invoke(StandardWrapperValve.java:167)
		at org.apache.catalina.core.StandardContextValve.invoke(StandardContextValve.java:90)
		at org.apache.catalina.authenticator.AuthenticatorBase.invoke(AuthenticatorBase.java:482)
		at org.apache.catalina.core.StandardHostValve.invoke(StandardHostValve.java:115)
		at org.apache.catalina.valves.ErrorReportValve.invoke(ErrorReportValve.java:93)
		at org.apache.catalina.valves.AbstractAccessLogValve.invoke(AbstractAccessLogValve.java:663)
		at org.apache.catalina.core.StandardEngineValve.invoke(StandardEngineValve.java:74)
		at org.apache.catalina.connector.CoyoteAdapter.service(CoyoteAdapter.java:344)
		at org.apache.coyote.http11.Http11Processor.service(Http11Processor.java:389)
		at org.apache.coyote.AbstractProcessorLight.process(AbstractProcessorLight.java:63)
		at org.apache.coyote.AbstractProtocol$ConnectionHandler.process(AbstractProtocol.java:896)
		at org.apache.tomcat.util.net.NioEndpoint$SocketProcessor.doRun(NioEndpoint.java:1741)
		at org.apache.tomcat.util.net.SocketProcessorBase.run(SocketProcessorBase.java:52)
		at org.apache.tomcat.util.threads.ThreadPoolExecutor.runWorker(ThreadPoolExecutor.java:1190)
		at org.apache.tomcat.util.threads.ThreadPoolExecutor$Worker.run(ThreadPoolExecutor.java:659)
		at org.apache.tomcat.util.threads.TaskThread$WrappingRunnable.run(TaskThread.java:63)
		at java.base/java.lang.Thread.run(Thread.java:1474)
21-Jul-2026 00:02:12.304 SEVERE [http-nio-8080-exec-2] org.apache.catalina.core.ApplicationDispatcher.invoke Servlet.service() for servlet [jsp] threw exception
	java.lang.ClassNotFoundException: org.apache.jsp.coordinator.coordinator.course.coordinator_002dcourses_jsp
		at java.base/java.net.URLClassLoader.findClass(URLClassLoader.java:377)
		at org.apache.jasper.servlet.JasperLoader.loadClass(JasperLoader.java:129)
		at org.apache.jasper.servlet.JasperLoader.loadClass(JasperLoader.java:58)
		at org.apache.catalina.core.DefaultInstanceManager.newInstance(DefaultInstanceManager.java:151)
		at org.apache.jasper.servlet.JspServletWrapper.getServlet(JspServletWrapper.java:189)
		at org.apache.jasper.servlet.JspServletWrapper.service(JspServletWrapper.java:410)
		at org.apache.jasper.servlet.JspServlet.serviceJspFile(JspServlet.java:380)
		at org.apache.jasper.servlet.JspServlet.service(JspServlet.java:328)
		at jakarta.servlet.http.HttpServlet.service(HttpServlet.java:658)
		at org.apache.catalina.core.ApplicationFilterChain.internalDoFilter(ApplicationFilterChain.java:195)
		at org.apache.catalina.core.ApplicationFilterChain.doFilter(ApplicationFilterChain.java:140)
		at org.apache.tomcat.websocket.server.WsFilter.doFilter(WsFilter.java:51)
		at org.apache.catalina.core.ApplicationFilterChain.internalDoFilter(ApplicationFilterChain.java:164)
		at org.apache.catalina.core.ApplicationFilterChain.doFilter(ApplicationFilterChain.java:140)
		at org.apache.catalina.core.ApplicationDispatcher.invoke(ApplicationDispatcher.java:632)
		at org.apache.catalina.core.ApplicationDispatcher.processRequest(ApplicationDispatcher.java:408)
		at org.apache.catalina.core.ApplicationDispatcher.doForward(ApplicationDispatcher.java:330)
		at org.apache.catalina.core.ApplicationDispatcher.forward(ApplicationDispatcher.java:267)
		at pt.isel.gape.web.controller.DashboardServletSupport.forward(DashboardServletSupport.java:121)
		at pt.isel.gape.web.controller.CourseManagementServlet.showList(CourseManagementServlet.java:342)
		at pt.isel.gape.web.controller.CourseManagementServlet.doGet(CourseManagementServlet.java:189)
		at jakarta.servlet.http.HttpServlet.service(HttpServlet.java:564)
		at jakarta.servlet.http.HttpServlet.service(HttpServlet.java:658)
		at org.apache.catalina.core.ApplicationFilterChain.internalDoFilter(ApplicationFilterChain.java:195)
		at org.apache.catalina.core.ApplicationFilterChain.doFilter(ApplicationFilterChain.java:140)
		at org.apache.tomcat.websocket.server.WsFilter.doFilter(WsFilter.java:51)
		at org.apache.catalina.core.ApplicationFilterChain.internalDoFilter(ApplicationFilterChain.java:164)
		at org.apache.catalina.core.ApplicationFilterChain.doFilter(ApplicationFilterChain.java:140)
		at pt.isel.gape.web.filter.DashboardEventUnreadFilter.doFilter(DashboardEventUnreadFilter.java:152)
		at org.apache.catalina.core.ApplicationFilterChain.internalDoFilter(ApplicationFilterChain.java:164)
		at org.apache.catalina.core.ApplicationFilterChain.doFilter(ApplicationFilterChain.java:140)
		at pt.isel.gape.web.filter.CsrfFilter.doFilter(CsrfFilter.java:48)
		at org.apache.catalina.core.ApplicationFilterChain.internalDoFilter(ApplicationFilterChain.java:164)
		at org.apache.catalina.core.ApplicationFilterChain.doFilter(ApplicationFilterChain.java:140)
		at pt.isel.gape.web.filter.AuthorizationFilter.doFilter(AuthorizationFilter.java:85)
		at org.apache.catalina.core.ApplicationFilterChain.internalDoFilter(ApplicationFilterChain.java:164)
		at org.apache.catalina.core.ApplicationFilterChain.doFilter(ApplicationFilterChain.java:140)
		at pt.isel.gape.web.filter.AuthenticationFilter.doFilter(AuthenticationFilter.java:87)
		at org.apache.catalina.core.ApplicationFilterChain.internalDoFilter(ApplicationFilterChain.java:164)
		at org.apache.catalina.core.ApplicationFilterChain.doFilter(ApplicationFilterChain.java:140)
		at pt.isel.gape.web.filter.SecurityHeadersFilter.doFilter(SecurityHeadersFilter.java:53)
		at org.apache.catalina.core.ApplicationFilterChain.internalDoFilter(ApplicationFilterChain.java:164)
		at org.apache.catalina.core.ApplicationFilterChain.doFilter(ApplicationFilterChain.java:140)
		at pt.isel.gape.web.filter.HttpsEnforcementFilter.doFilter(HttpsEnforcementFilter.java:36)
		at org.apache.catalina.core.ApplicationFilterChain.internalDoFilter(ApplicationFilterChain.java:164)
		at org.apache.catalina.core.ApplicationFilterChain.doFilter(ApplicationFilterChain.java:140)
		at org.apache.catalina.core.StandardWrapperValve.invoke(StandardWrapperValve.java:167)
		at org.apache.catalina.core.StandardContextValve.invoke(StandardContextValve.java:90)
		at org.apache.catalina.authenticator.AuthenticatorBase.invoke(AuthenticatorBase.java:482)
		at org.apache.catalina.core.StandardHostValve.invoke(StandardHostValve.java:115)
		at org.apache.catalina.valves.ErrorReportValve.invoke(ErrorReportValve.java:93)
		at org.apache.catalina.valves.AbstractAccessLogValve.invoke(AbstractAccessLogValve.java:663)
		at org.apache.catalina.core.StandardEngineValve.invoke(StandardEngineValve.java:74)
		at org.apache.catalina.connector.CoyoteAdapter.service(CoyoteAdapter.java:344)
		at org.apache.coyote.http11.Http11Processor.service(Http11Processor.java:389)
		at org.apache.coyote.AbstractProcessorLight.process(AbstractProcessorLight.java:63)
		at org.apache.coyote.AbstractProtocol$ConnectionHandler.process(AbstractProtocol.java:896)
		at org.apache.tomcat.util.net.NioEndpoint$SocketProcessor.doRun(NioEndpoint.java:1741)
		at org.apache.tomcat.util.net.SocketProcessorBase.run(SocketProcessorBase.java:52)
		at org.apache.tomcat.util.threads.ThreadPoolExecutor.runWorker(ThreadPoolExecutor.java:1190)
		at org.apache.tomcat.util.threads.ThreadPoolExecutor$Worker.run(ThreadPoolExecutor.java:659)
		at org.apache.tomcat.util.threads.TaskThread$WrappingRunnable.run(TaskThread.java:63)
		at java.base/java.lang.Thread.run(Thread.java:1474)
21-Jul-2026 00:02:12.304 SEVERE [http-nio-8080-exec-2] org.apache.catalina.core.StandardWrapperValve.invoke Servlet.service() for servlet [courseManagementServlet] in context with path [/GAPE] threw exception [org.apache.jasper.JasperException: java.lang.ClassNotFoundException: org.apache.jsp.coordinator.coordinator.course.coordinator_002dcourses_jsp] with root cause
	java.lang.ClassNotFoundException: org.apache.jsp.coordinator.coordinator.course.coordinator_002dcourses_jsp
		at java.base/java.net.URLClassLoader.findClass(URLClassLoader.java:377)
		at org.apache.jasper.servlet.JasperLoader.loadClass(JasperLoader.java:129)
		at org.apache.jasper.servlet.JasperLoader.loadClass(JasperLoader.java:58)
		at org.apache.catalina.core.DefaultInstanceManager.newInstance(DefaultInstanceManager.java:151)
		at org.apache.jasper.servlet.JspServletWrapper.getServlet(JspServletWrapper.java:189)
		at org.apache.jasper.servlet.JspServletWrapper.service(JspServletWrapper.java:410)
		at org.apache.jasper.servlet.JspServlet.serviceJspFile(JspServlet.java:380)
		at org.apache.jasper.servlet.JspServlet.service(JspServlet.java:328)
		at jakarta.servlet.http.HttpServlet.service(HttpServlet.java:658)
		at org.apache.catalina.core.ApplicationFilterChain.internalDoFilter(ApplicationFilterChain.java:195)
		at org.apache.catalina.core.ApplicationFilterChain.doFilter(ApplicationFilterChain.java:140)
		at org.apache.tomcat.websocket.server.WsFilter.doFilter(WsFilter.java:51)
		at org.apache.catalina.core.ApplicationFilterChain.internalDoFilter(ApplicationFilterChain.java:164)
		at org.apache.catalina.core.ApplicationFilterChain.doFilter(ApplicationFilterChain.java:140)
		at org.apache.catalina.core.ApplicationDispatcher.invoke(ApplicationDispatcher.java:632)
		at org.apache.catalina.core.ApplicationDispatcher.processRequest(ApplicationDispatcher.java:408)
		at org.apache.catalina.core.ApplicationDispatcher.doForward(ApplicationDispatcher.java:330)
		at org.apache.catalina.core.ApplicationDispatcher.forward(ApplicationDispatcher.java:267)
		at pt.isel.gape.web.controller.DashboardServletSupport.forward(DashboardServletSupport.java:121)
		at pt.isel.gape.web.controller.CourseManagementServlet.showList(CourseManagementServlet.java:342)
		at pt.isel.gape.web.controller.CourseManagementServlet.doGet(CourseManagementServlet.java:189)
		at jakarta.servlet.http.HttpServlet.service(HttpServlet.java:564)
		at jakarta.servlet.http.HttpServlet.service(HttpServlet.java:658)
		at org.apache.catalina.core.ApplicationFilterChain.internalDoFilter(ApplicationFilterChain.java:195)
		at org.apache.catalina.core.ApplicationFilterChain.doFilter(ApplicationFilterChain.java:140)
		at org.apache.tomcat.websocket.server.WsFilter.doFilter(WsFilter.java:51)
		at org.apache.catalina.core.ApplicationFilterChain.internalDoFilter(ApplicationFilterChain.java:164)
		at org.apache.catalina.core.ApplicationFilterChain.doFilter(ApplicationFilterChain.java:140)
		at pt.isel.gape.web.filter.DashboardEventUnreadFilter.doFilter(DashboardEventUnreadFilter.java:152)
		at org.apache.catalina.core.ApplicationFilterChain.internalDoFilter(ApplicationFilterChain.java:164)
		at org.apache.catalina.core.ApplicationFilterChain.doFilter(ApplicationFilterChain.java:140)
		at pt.isel.gape.web.filter.CsrfFilter.doFilter(CsrfFilter.java:48)
		at org.apache.catalina.core.ApplicationFilterChain.internalDoFilter(ApplicationFilterChain.java:164)
		at org.apache.catalina.core.ApplicationFilterChain.doFilter(ApplicationFilterChain.java:140)
		at pt.isel.gape.web.filter.AuthorizationFilter.doFilter(AuthorizationFilter.java:85)
		at org.apache.catalina.core.ApplicationFilterChain.internalDoFilter(ApplicationFilterChain.java:164)
		at org.apache.catalina.core.ApplicationFilterChain.doFilter(ApplicationFilterChain.java:140)
		at pt.isel.gape.web.filter.AuthenticationFilter.doFilter(AuthenticationFilter.java:87)
		at org.apache.catalina.core.ApplicationFilterChain.internalDoFilter(ApplicationFilterChain.java:164)
		at org.apache.catalina.core.ApplicationFilterChain.doFilter(ApplicationFilterChain.java:140)
		at pt.isel.gape.web.filter.SecurityHeadersFilter.doFilter(SecurityHeadersFilter.java:53)
		at org.apache.catalina.core.ApplicationFilterChain.internalDoFilter(ApplicationFilterChain.java:164)
		at org.apache.catalina.core.ApplicationFilterChain.doFilter(ApplicationFilterChain.java:140)
		at pt.isel.gape.web.filter.HttpsEnforcementFilter.doFilter(HttpsEnforcementFilter.java:36)
		at org.apache.catalina.core.ApplicationFilterChain.internalDoFilter(ApplicationFilterChain.java:164)
		at org.apache.catalina.core.ApplicationFilterChain.doFilter(ApplicationFilterChain.java:140)
		at org.apache.catalina.core.StandardWrapperValve.invoke(StandardWrapperValve.java:167)
		at org.apache.catalina.core.StandardContextValve.invoke(StandardContextValve.java:90)
		at org.apache.catalina.authenticator.AuthenticatorBase.invoke(AuthenticatorBase.java:482)
		at org.apache.catalina.core.StandardHostValve.invoke(StandardHostValve.java:115)
		at org.apache.catalina.valves.ErrorReportValve.invoke(ErrorReportValve.java:93)
		at org.apache.catalina.valves.AbstractAccessLogValve.invoke(AbstractAccessLogValve.java:663)
		at org.apache.catalina.core.StandardEngineValve.invoke(StandardEngineValve.java:74)
		at org.apache.catalina.connector.CoyoteAdapter.service(CoyoteAdapter.java:344)
		at org.apache.coyote.http11.Http11Processor.service(Http11Processor.java:389)
		at org.apache.coyote.AbstractProcessorLight.process(AbstractProcessorLight.java:63)
		at org.apache.coyote.AbstractProtocol$ConnectionHandler.process(AbstractProtocol.java:896)
		at org.apache.tomcat.util.net.NioEndpoint$SocketProcessor.doRun(NioEndpoint.java:1741)
		at org.apache.tomcat.util.net.SocketProcessorBase.run(SocketProcessorBase.java:52)
		at org.apache.tomcat.util.threads.ThreadPoolExecutor.runWorker(ThreadPoolExecutor.java:1190)
		at org.apache.tomcat.util.threads.ThreadPoolExecutor$Worker.run(ThreadPoolExecutor.java:659)
		at org.apache.tomcat.util.threads.TaskThread$WrappingRunnable.run(TaskThread.java:63)
		at java.base/java.lang.Thread.run(Thread.java:1474)
21-Jul-2026 00:06:24.270 SEVERE [http-nio-8080-exec-8] org.apache.catalina.core.ApplicationDispatcher.invoke Servlet.service() for servlet [jsp] threw exception
	org.apache.jasper.JasperException: /instructor/instructor/subject/instructor-subjects.jsp (line: [967], column: [0]) Unterminated [&lt;c:if] tag
		at org.apache.jasper.compiler.DefaultErrorHandler.jspError(DefaultErrorHandler.java:41)
		at org.apache.jasper.compiler.ErrorDispatcher.dispatch(ErrorDispatcher.java:299)
		at org.apache.jasper.compiler.ErrorDispatcher.jspError(ErrorDispatcher.java:99)
		at org.apache.jasper.compiler.Parser.parseBody(Parser.java:1695)
		at org.apache.jasper.compiler.Parser.parseOptionalBody(Parser.java:1014)
		at org.apache.jasper.compiler.Parser.parseCustomTag(Parser.java:1289)
		at org.apache.jasper.compiler.Parser.parseElements(Parser.java:1469)
		at org.apache.jasper.compiler.Parser.parse(Parser.java:138)
		at org.apache.jasper.compiler.ParserController.doParse(ParserController.java:245)
		at org.apache.jasper.compiler.ParserController.parse(ParserController.java:106)
		at org.apache.jasper.compiler.Compiler.generateJava(Compiler.java:211)
		at org.apache.jasper.compiler.Compiler.compile(Compiler.java:396)
		at org.apache.jasper.compiler.Compiler.compile(Compiler.java:372)
		at org.apache.jasper.compiler.Compiler.compile(Compiler.java:356)
		at org.apache.jasper.JspCompilationContext.compile(JspCompilationContext.java:603)
		at org.apache.jasper.servlet.JspServletWrapper.service(JspServletWrapper.java:396)
		at org.apache.jasper.servlet.JspServlet.serviceJspFile(JspServlet.java:380)
		at org.apache.jasper.servlet.JspServlet.service(JspServlet.java:328)
		at jakarta.servlet.http.HttpServlet.service(HttpServlet.java:658)
		at org.apache.catalina.core.ApplicationFilterChain.internalDoFilter(ApplicationFilterChain.java:195)
		at org.apache.catalina.core.ApplicationFilterChain.doFilter(ApplicationFilterChain.java:140)
		at org.apache.tomcat.websocket.server.WsFilter.doFilter(WsFilter.java:51)
		at org.apache.catalina.core.ApplicationFilterChain.internalDoFilter(ApplicationFilterChain.java:164)
		at org.apache.catalina.core.ApplicationFilterChain.doFilter(ApplicationFilterChain.java:140)
		at org.apache.catalina.core.ApplicationDispatcher.invoke(ApplicationDispatcher.java:632)
		at org.apache.catalina.core.ApplicationDispatcher.processRequest(ApplicationDispatcher.java:408)
		at org.apache.catalina.core.ApplicationDispatcher.doForward(ApplicationDispatcher.java:330)
		at org.apache.catalina.core.ApplicationDispatcher.forward(ApplicationDispatcher.java:267)
		at pt.isel.gape.web.controller.DashboardServletSupport.forward(DashboardServletSupport.java:121)
		at pt.isel.gape.web.controller.SubjectManagementServlet.showList(SubjectManagementServlet.java:346)
		at pt.isel.gape.web.controller.SubjectManagementServlet.doGet(SubjectManagementServlet.java:200)
		at jakarta.servlet.http.HttpServlet.service(HttpServlet.java:564)
		at jakarta.servlet.http.HttpServlet.service(HttpServlet.java:658)
		at org.apache.catalina.core.ApplicationFilterChain.internalDoFilter(ApplicationFilterChain.java:195)
		at org.apache.catalina.core.ApplicationFilterChain.doFilter(ApplicationFilterChain.java:140)
		at org.apache.tomcat.websocket.server.WsFilter.doFilter(WsFilter.java:51)
		at org.apache.catalina.core.ApplicationFilterChain.internalDoFilter(ApplicationFilterChain.java:164)
		at org.apache.catalina.core.ApplicationFilterChain.doFilter(ApplicationFilterChain.java:140)
		at pt.isel.gape.web.filter.DashboardEventUnreadFilter.doFilter(DashboardEventUnreadFilter.java:152)
		at org.apache.catalina.core.ApplicationFilterChain.internalDoFilter(ApplicationFilterChain.java:164)
		at org.apache.catalina.core.ApplicationFilterChain.doFilter(ApplicationFilterChain.java:140)
		at pt.isel.gape.web.filter.CsrfFilter.doFilter(CsrfFilter.java:48)
		at org.apache.catalina.core.ApplicationFilterChain.internalDoFilter(ApplicationFilterChain.java:164)
		at org.apache.catalina.core.ApplicationFilterChain.doFilter(ApplicationFilterChain.java:140)
		at pt.isel.gape.web.filter.AuthorizationFilter.doFilter(AuthorizationFilter.java:85)
		at org.apache.catalina.core.ApplicationFilterChain.internalDoFilter(ApplicationFilterChain.java:164)
		at org.apache.catalina.core.ApplicationFilterChain.doFilter(ApplicationFilterChain.java:140)
		at pt.isel.gape.web.filter.AuthenticationFilter.doFilter(AuthenticationFilter.java:87)
		at org.apache.catalina.core.ApplicationFilterChain.internalDoFilter(ApplicationFilterChain.java:164)
		at org.apache.catalina.core.ApplicationFilterChain.doFilter(ApplicationFilterChain.java:140)
		at pt.isel.gape.web.filter.SecurityHeadersFilter.doFilter(SecurityHeadersFilter.java:53)
		at org.apache.catalina.core.ApplicationFilterChain.internalDoFilter(ApplicationFilterChain.java:164)
		at org.apache.catalina.core.ApplicationFilterChain.doFilter(ApplicationFilterChain.java:140)
		at pt.isel.gape.web.filter.HttpsEnforcementFilter.doFilter(HttpsEnforcementFilter.java:36)
		at org.apache.catalina.core.ApplicationFilterChain.internalDoFilter(ApplicationFilterChain.java:164)
		at org.apache.catalina.core.ApplicationFilterChain.doFilter(ApplicationFilterChain.java:140)
		at org.apache.catalina.core.StandardWrapperValve.invoke(StandardWrapperValve.java:167)
		at org.apache.catalina.core.StandardContextValve.invoke(StandardContextValve.java:90)
		at org.apache.catalina.authenticator.AuthenticatorBase.invoke(AuthenticatorBase.java:482)
		at org.apache.catalina.core.StandardHostValve.invoke(StandardHostValve.java:115)
		at org.apache.catalina.valves.ErrorReportValve.invoke(ErrorReportValve.java:93)
		at org.apache.catalina.valves.AbstractAccessLogValve.invoke(AbstractAccessLogValve.java:663)
		at org.apache.catalina.core.StandardEngineValve.invoke(StandardEngineValve.java:74)
		at org.apache.catalina.connector.CoyoteAdapter.service(CoyoteAdapter.java:344)
		at org.apache.coyote.http11.Http11Processor.service(Http11Processor.java:389)
		at org.apache.coyote.AbstractProcessorLight.process(AbstractProcessorLight.java:63)
		at org.apache.coyote.AbstractProtocol$ConnectionHandler.process(AbstractProtocol.java:896)
		at org.apache.tomcat.util.net.NioEndpoint$SocketProcessor.doRun(NioEndpoint.java:1741)
		at org.apache.tomcat.util.net.SocketProcessorBase.run(SocketProcessorBase.java:52)
		at org.apache.tomcat.util.threads.ThreadPoolExecutor.runWorker(ThreadPoolExecutor.java:1190)
		at org.apache.tomcat.util.threads.ThreadPoolExecutor$Worker.run(ThreadPoolExecutor.java:659)
		at org.apache.tomcat.util.threads.TaskThread$WrappingRunnable.run(TaskThread.java:63)
		at java.base/java.lang.Thread.run(Thread.java:1474)
21-Jul-2026 00:06:24.270 SEVERE [http-nio-8080-exec-8] org.apache.catalina.core.StandardWrapperValve.invoke Servlet.service() for servlet [subjectManagementServlet] in context with path [/GAPE] threw exception [/instructor/instructor/subject/instructor-subjects.jsp (line: [967], column: [0]) Unterminated [&lt;c:if] tag] with root cause
	org.apache.jasper.JasperException: /instructor/instructor/subject/instructor-subjects.jsp (line: [967], column: [0]) Unterminated [&lt;c:if] tag
		at org.apache.jasper.compiler.DefaultErrorHandler.jspError(DefaultErrorHandler.java:41)
		at org.apache.jasper.compiler.ErrorDispatcher.dispatch(ErrorDispatcher.java:299)
		at org.apache.jasper.compiler.ErrorDispatcher.jspError(ErrorDispatcher.java:99)
		at org.apache.jasper.compiler.Parser.parseBody(Parser.java:1695)
		at org.apache.jasper.compiler.Parser.parseOptionalBody(Parser.java:1014)
		at org.apache.jasper.compiler.Parser.parseCustomTag(Parser.java:1289)
		at org.apache.jasper.compiler.Parser.parseElements(Parser.java:1469)
		at org.apache.jasper.compiler.Parser.parse(Parser.java:138)
		at org.apache.jasper.compiler.ParserController.doParse(ParserController.java:245)
		at org.apache.jasper.compiler.ParserController.parse(ParserController.java:106)
		at org.apache.jasper.compiler.Compiler.generateJava(Compiler.java:211)
		at org.apache.jasper.compiler.Compiler.compile(Compiler.java:396)
		at org.apache.jasper.compiler.Compiler.compile(Compiler.java:372)
		at org.apache.jasper.compiler.Compiler.compile(Compiler.java:356)
		at org.apache.jasper.JspCompilationContext.compile(JspCompilationContext.java:603)
		at org.apache.jasper.servlet.JspServletWrapper.service(JspServletWrapper.java:396)
		at org.apache.jasper.servlet.JspServlet.serviceJspFile(JspServlet.java:380)
		at org.apache.jasper.servlet.JspServlet.service(JspServlet.java:328)
		at jakarta.servlet.http.HttpServlet.service(HttpServlet.java:658)
		at org.apache.catalina.core.ApplicationFilterChain.internalDoFilter(ApplicationFilterChain.java:195)
		at org.apache.catalina.core.ApplicationFilterChain.doFilter(ApplicationFilterChain.java:140)
		at org.apache.tomcat.websocket.server.WsFilter.doFilter(WsFilter.java:51)
		at org.apache.catalina.core.ApplicationFilterChain.internalDoFilter(ApplicationFilterChain.java:164)
		at org.apache.catalina.core.ApplicationFilterChain.doFilter(ApplicationFilterChain.java:140)
		at org.apache.catalina.core.ApplicationDispatcher.invoke(ApplicationDispatcher.java:632)
		at org.apache.catalina.core.ApplicationDispatcher.processRequest(ApplicationDispatcher.java:408)
		at org.apache.catalina.core.ApplicationDispatcher.doForward(ApplicationDispatcher.java:330)
		at org.apache.catalina.core.ApplicationDispatcher.forward(ApplicationDispatcher.java:267)
		at pt.isel.gape.web.controller.DashboardServletSupport.forward(DashboardServletSupport.java:121)
		at pt.isel.gape.web.controller.SubjectManagementServlet.showList(SubjectManagementServlet.java:346)
		at pt.isel.gape.web.controller.SubjectManagementServlet.doGet(SubjectManagementServlet.java:200)
		at jakarta.servlet.http.HttpServlet.service(HttpServlet.java:564)
		at jakarta.servlet.http.HttpServlet.service(HttpServlet.java:658)
		at org.apache.catalina.core.ApplicationFilterChain.internalDoFilter(ApplicationFilterChain.java:195)
		at org.apache.catalina.core.ApplicationFilterChain.doFilter(ApplicationFilterChain.java:140)
		at org.apache.tomcat.websocket.server.WsFilter.doFilter(WsFilter.java:51)
		at org.apache.catalina.core.ApplicationFilterChain.internalDoFilter(ApplicationFilterChain.java:164)
		at org.apache.catalina.core.ApplicationFilterChain.doFilter(ApplicationFilterChain.java:140)
		at pt.isel.gape.web.filter.DashboardEventUnreadFilter.doFilter(DashboardEventUnreadFilter.java:152)
		at org.apache.catalina.core.ApplicationFilterChain.internalDoFilter(ApplicationFilterChain.java:164)
		at org.apache.catalina.core.ApplicationFilterChain.doFilter(ApplicationFilterChain.java:140)
		at pt.isel.gape.web.filter.CsrfFilter.doFilter(CsrfFilter.java:48)
		at org.apache.catalina.core.ApplicationFilterChain.internalDoFilter(ApplicationFilterChain.java:164)
		at org.apache.catalina.core.ApplicationFilterChain.doFilter(ApplicationFilterChain.java:140)
		at pt.isel.gape.web.filter.AuthorizationFilter.doFilter(AuthorizationFilter.java:85)
		at org.apache.catalina.core.ApplicationFilterChain.internalDoFilter(ApplicationFilterChain.java:164)
		at org.apache.catalina.core.ApplicationFilterChain.doFilter(ApplicationFilterChain.java:140)
		at pt.isel.gape.web.filter.AuthenticationFilter.doFilter(AuthenticationFilter.java:87)
		at org.apache.catalina.core.ApplicationFilterChain.internalDoFilter(ApplicationFilterChain.java:164)
		at org.apache.catalina.core.ApplicationFilterChain.doFilter(ApplicationFilterChain.java:140)
		at pt.isel.gape.web.filter.SecurityHeadersFilter.doFilter(SecurityHeadersFilter.java:53)
		at org.apache.catalina.core.ApplicationFilterChain.internalDoFilter(ApplicationFilterChain.java:164)
		at org.apache.catalina.core.ApplicationFilterChain.doFilter(ApplicationFilterChain.java:140)
		at pt.isel.gape.web.filter.HttpsEnforcementFilter.doFilter(HttpsEnforcementFilter.java:36)
		at org.apache.catalina.core.ApplicationFilterChain.internalDoFilter(ApplicationFilterChain.java:164)
		at org.apache.catalina.core.ApplicationFilterChain.doFilter(ApplicationFilterChain.java:140)
		at org.apache.catalina.core.StandardWrapperValve.invoke(StandardWrapperValve.java:167)
		at org.apache.catalina.core.StandardContextValve.invoke(StandardContextValve.java:90)
		at org.apache.catalina.authenticator.AuthenticatorBase.invoke(AuthenticatorBase.java:482)
		at org.apache.catalina.core.StandardHostValve.invoke(StandardHostValve.java:115)
		at org.apache.catalina.valves.ErrorReportValve.invoke(ErrorReportValve.java:93)
		at org.apache.catalina.valves.AbstractAccessLogValve.invoke(AbstractAccessLogValve.java:663)
		at org.apache.catalina.core.StandardEngineValve.invoke(StandardEngineValve.java:74)
		at org.apache.catalina.connector.CoyoteAdapter.service(CoyoteAdapter.java:344)
		at org.apache.coyote.http11.Http11Processor.service(Http11Processor.java:389)
		at org.apache.coyote.AbstractProcessorLight.process(AbstractProcessorLight.java:63)
		at org.apache.coyote.AbstractProtocol$ConnectionHandler.process(AbstractProtocol.java:896)
		at org.apache.tomcat.util.net.NioEndpoint$SocketProcessor.doRun(NioEndpoint.java:1741)
		at org.apache.tomcat.util.net.SocketProcessorBase.run(SocketProcessorBase.java:52)
		at org.apache.tomcat.util.threads.ThreadPoolExecutor.runWorker(ThreadPoolExecutor.java:1190)
		at org.apache.tomcat.util.threads.ThreadPoolExecutor$Worker.run(ThreadPoolExecutor.java:659)
		at org.apache.tomcat.util.threads.TaskThread$WrappingRunnable.run(TaskThread.java:63)
		at java.base/java.lang.Thread.run(Thread.java:1474)
21-Jul-2026 00:06:24.789 SEVERE [http-nio-8080-exec-6] org.apache.catalina.core.ApplicationDispatcher.invoke Servlet.service() for servlet [jsp] threw exception
	java.lang.ClassNotFoundException: org.apache.jsp.instructor.instructor.subject.instructor_002dsubjects_jsp
		at java.base/java.net.URLClassLoader.findClass(URLClassLoader.java:377)
		at org.apache.jasper.servlet.JasperLoader.loadClass(JasperLoader.java:129)
		at org.apache.jasper.servlet.JasperLoader.loadClass(JasperLoader.java:58)
		at org.apache.catalina.core.DefaultInstanceManager.newInstance(DefaultInstanceManager.java:151)
		at org.apache.jasper.servlet.JspServletWrapper.getServlet(JspServletWrapper.java:189)
		at org.apache.jasper.servlet.JspServletWrapper.service(JspServletWrapper.java:410)
		at org.apache.jasper.servlet.JspServlet.serviceJspFile(JspServlet.java:380)
		at org.apache.jasper.servlet.JspServlet.service(JspServlet.java:328)
		at jakarta.servlet.http.HttpServlet.service(HttpServlet.java:658)
		at org.apache.catalina.core.ApplicationFilterChain.internalDoFilter(ApplicationFilterChain.java:195)
		at org.apache.catalina.core.ApplicationFilterChain.doFilter(ApplicationFilterChain.java:140)
		at org.apache.tomcat.websocket.server.WsFilter.doFilter(WsFilter.java:51)
		at org.apache.catalina.core.ApplicationFilterChain.internalDoFilter(ApplicationFilterChain.java:164)
		at org.apache.catalina.core.ApplicationFilterChain.doFilter(ApplicationFilterChain.java:140)
		at org.apache.catalina.core.ApplicationDispatcher.invoke(ApplicationDispatcher.java:632)
		at org.apache.catalina.core.ApplicationDispatcher.processRequest(ApplicationDispatcher.java:408)
		at org.apache.catalina.core.ApplicationDispatcher.doForward(ApplicationDispatcher.java:330)
		at org.apache.catalina.core.ApplicationDispatcher.forward(ApplicationDispatcher.java:267)
		at pt.isel.gape.web.controller.DashboardServletSupport.forward(DashboardServletSupport.java:121)
		at pt.isel.gape.web.controller.SubjectManagementServlet.showList(SubjectManagementServlet.java:346)
		at pt.isel.gape.web.controller.SubjectManagementServlet.doGet(SubjectManagementServlet.java:200)
		at jakarta.servlet.http.HttpServlet.service(HttpServlet.java:564)
		at jakarta.servlet.http.HttpServlet.service(HttpServlet.java:658)
		at org.apache.catalina.core.ApplicationFilterChain.internalDoFilter(ApplicationFilterChain.java:195)
		at org.apache.catalina.core.ApplicationFilterChain.doFilter(ApplicationFilterChain.java:140)
		at org.apache.tomcat.websocket.server.WsFilter.doFilter(WsFilter.java:51)
		at org.apache.catalina.core.ApplicationFilterChain.internalDoFilter(ApplicationFilterChain.java:164)
		at org.apache.catalina.core.ApplicationFilterChain.doFilter(ApplicationFilterChain.java:140)
		at pt.isel.gape.web.filter.DashboardEventUnreadFilter.doFilter(DashboardEventUnreadFilter.java:152)
		at org.apache.catalina.core.ApplicationFilterChain.internalDoFilter(ApplicationFilterChain.java:164)
		at org.apache.catalina.core.ApplicationFilterChain.doFilter(ApplicationFilterChain.java:140)
		at pt.isel.gape.web.filter.CsrfFilter.doFilter(CsrfFilter.java:48)
		at org.apache.catalina.core.ApplicationFilterChain.internalDoFilter(ApplicationFilterChain.java:164)
		at org.apache.catalina.core.ApplicationFilterChain.doFilter(ApplicationFilterChain.java:140)
		at pt.isel.gape.web.filter.AuthorizationFilter.doFilter(AuthorizationFilter.java:85)
		at org.apache.catalina.core.ApplicationFilterChain.internalDoFilter(ApplicationFilterChain.java:164)
		at org.apache.catalina.core.ApplicationFilterChain.doFilter(ApplicationFilterChain.java:140)
		at pt.isel.gape.web.filter.AuthenticationFilter.doFilter(AuthenticationFilter.java:87)
		at org.apache.catalina.core.ApplicationFilterChain.internalDoFilter(ApplicationFilterChain.java:164)
		at org.apache.catalina.core.ApplicationFilterChain.doFilter(ApplicationFilterChain.java:140)
		at pt.isel.gape.web.filter.SecurityHeadersFilter.doFilter(SecurityHeadersFilter.java:53)
		at org.apache.catalina.core.ApplicationFilterChain.internalDoFilter(ApplicationFilterChain.java:164)
		at org.apache.catalina.core.ApplicationFilterChain.doFilter(ApplicationFilterChain.java:140)
		at pt.isel.gape.web.filter.HttpsEnforcementFilter.doFilter(HttpsEnforcementFilter.java:36)
		at org.apache.catalina.core.ApplicationFilterChain.internalDoFilter(ApplicationFilterChain.java:164)
		at org.apache.catalina.core.ApplicationFilterChain.doFilter(ApplicationFilterChain.java:140)
		at org.apache.catalina.core.StandardWrapperValve.invoke(StandardWrapperValve.java:167)
		at org.apache.catalina.core.StandardContextValve.invoke(StandardContextValve.java:90)
		at org.apache.catalina.authenticator.AuthenticatorBase.invoke(AuthenticatorBase.java:482)
		at org.apache.catalina.core.StandardHostValve.invoke(StandardHostValve.java:115)
		at org.apache.catalina.valves.ErrorReportValve.invoke(ErrorReportValve.java:93)
		at org.apache.catalina.valves.AbstractAccessLogValve.invoke(AbstractAccessLogValve.java:663)
		at org.apache.catalina.core.StandardEngineValve.invoke(StandardEngineValve.java:74)
		at org.apache.catalina.connector.CoyoteAdapter.service(CoyoteAdapter.java:344)
		at org.apache.coyote.http11.Http11Processor.service(Http11Processor.java:389)
		at org.apache.coyote.AbstractProcessorLight.process(AbstractProcessorLight.java:63)
		at org.apache.coyote.AbstractProtocol$ConnectionHandler.process(AbstractProtocol.java:896)
		at org.apache.tomcat.util.net.NioEndpoint$SocketProcessor.doRun(NioEndpoint.java:1741)
		at org.apache.tomcat.util.net.SocketProcessorBase.run(SocketProcessorBase.java:52)
		at org.apache.tomcat.util.threads.ThreadPoolExecutor.runWorker(ThreadPoolExecutor.java:1190)
		at org.apache.tomcat.util.threads.ThreadPoolExecutor$Worker.run(ThreadPoolExecutor.java:659)
		at org.apache.tomcat.util.threads.TaskThread$WrappingRunnable.run(TaskThread.java:63)
		at java.base/java.lang.Thread.run(Thread.java:1474)
21-Jul-2026 00:06:24.789 SEVERE [http-nio-8080-exec-6] org.apache.catalina.core.StandardWrapperValve.invoke Servlet.service() for servlet [subjectManagementServlet] in context with path [/GAPE] threw exception [org.apache.jasper.JasperException: java.lang.ClassNotFoundException: org.apache.jsp.instructor.instructor.subject.instructor_002dsubjects_jsp] with root cause
	java.lang.ClassNotFoundException: org.apache.jsp.instructor.instructor.subject.instructor_002dsubjects_jsp
		at java.base/java.net.URLClassLoader.findClass(URLClassLoader.java:377)
		at org.apache.jasper.servlet.JasperLoader.loadClass(JasperLoader.java:129)
		at org.apache.jasper.servlet.JasperLoader.loadClass(JasperLoader.java:58)
		at org.apache.catalina.core.DefaultInstanceManager.newInstance(DefaultInstanceManager.java:151)
		at org.apache.jasper.servlet.JspServletWrapper.getServlet(JspServletWrapper.java:189)
		at org.apache.jasper.servlet.JspServletWrapper.service(JspServletWrapper.java:410)
		at org.apache.jasper.servlet.JspServlet.serviceJspFile(JspServlet.java:380)
		at org.apache.jasper.servlet.JspServlet.service(JspServlet.java:328)
		at jakarta.servlet.http.HttpServlet.service(HttpServlet.java:658)
		at org.apache.catalina.core.ApplicationFilterChain.internalDoFilter(ApplicationFilterChain.java:195)
		at org.apache.catalina.core.ApplicationFilterChain.doFilter(ApplicationFilterChain.java:140)
		at org.apache.tomcat.websocket.server.WsFilter.doFilter(WsFilter.java:51)
		at org.apache.catalina.core.ApplicationFilterChain.internalDoFilter(ApplicationFilterChain.java:164)
		at org.apache.catalina.core.ApplicationFilterChain.doFilter(ApplicationFilterChain.java:140)
		at org.apache.catalina.core.ApplicationDispatcher.invoke(ApplicationDispatcher.java:632)
		at org.apache.catalina.core.ApplicationDispatcher.processRequest(ApplicationDispatcher.java:408)
		at org.apache.catalina.core.ApplicationDispatcher.doForward(ApplicationDispatcher.java:330)
		at org.apache.catalina.core.ApplicationDispatcher.forward(ApplicationDispatcher.java:267)
		at pt.isel.gape.web.controller.DashboardServletSupport.forward(DashboardServletSupport.java:121)
		at pt.isel.gape.web.controller.SubjectManagementServlet.showList(SubjectManagementServlet.java:346)
		at pt.isel.gape.web.controller.SubjectManagementServlet.doGet(SubjectManagementServlet.java:200)
		at jakarta.servlet.http.HttpServlet.service(HttpServlet.java:564)
		at jakarta.servlet.http.HttpServlet.service(HttpServlet.java:658)
		at org.apache.catalina.core.ApplicationFilterChain.internalDoFilter(ApplicationFilterChain.java:195)
		at org.apache.catalina.core.ApplicationFilterChain.doFilter(ApplicationFilterChain.java:140)
		at org.apache.tomcat.websocket.server.WsFilter.doFilter(WsFilter.java:51)
		at org.apache.catalina.core.ApplicationFilterChain.internalDoFilter(ApplicationFilterChain.java:164)
		at org.apache.catalina.core.ApplicationFilterChain.doFilter(ApplicationFilterChain.java:140)
		at pt.isel.gape.web.filter.DashboardEventUnreadFilter.doFilter(DashboardEventUnreadFilter.java:152)
		at org.apache.catalina.core.ApplicationFilterChain.internalDoFilter(ApplicationFilterChain.java:164)
		at org.apache.catalina.core.ApplicationFilterChain.doFilter(ApplicationFilterChain.java:140)
		at pt.isel.gape.web.filter.CsrfFilter.doFilter(CsrfFilter.java:48)
		at org.apache.catalina.core.ApplicationFilterChain.internalDoFilter(ApplicationFilterChain.java:164)
		at org.apache.catalina.core.ApplicationFilterChain.doFilter(ApplicationFilterChain.java:140)
		at pt.isel.gape.web.filter.AuthorizationFilter.doFilter(AuthorizationFilter.java:85)
		at org.apache.catalina.core.ApplicationFilterChain.internalDoFilter(ApplicationFilterChain.java:164)
		at org.apache.catalina.core.ApplicationFilterChain.doFilter(ApplicationFilterChain.java:140)
		at pt.isel.gape.web.filter.AuthenticationFilter.doFilter(AuthenticationFilter.java:87)
		at org.apache.catalina.core.ApplicationFilterChain.internalDoFilter(ApplicationFilterChain.java:164)
		at org.apache.catalina.core.ApplicationFilterChain.doFilter(ApplicationFilterChain.java:140)
		at pt.isel.gape.web.filter.SecurityHeadersFilter.doFilter(SecurityHeadersFilter.java:53)
		at org.apache.catalina.core.ApplicationFilterChain.internalDoFilter(ApplicationFilterChain.java:164)
		at org.apache.catalina.core.ApplicationFilterChain.doFilter(ApplicationFilterChain.java:140)
		at pt.isel.gape.web.filter.HttpsEnforcementFilter.doFilter(HttpsEnforcementFilter.java:36)
		at org.apache.catalina.core.ApplicationFilterChain.internalDoFilter(ApplicationFilterChain.java:164)
		at org.apache.catalina.core.ApplicationFilterChain.doFilter(ApplicationFilterChain.java:140)
		at org.apache.catalina.core.StandardWrapperValve.invoke(StandardWrapperValve.java:167)
		at org.apache.catalina.core.StandardContextValve.invoke(StandardContextValve.java:90)
		at org.apache.catalina.authenticator.AuthenticatorBase.invoke(AuthenticatorBase.java:482)
		at org.apache.catalina.core.StandardHostValve.invoke(StandardHostValve.java:115)
		at org.apache.catalina.valves.ErrorReportValve.invoke(ErrorReportValve.java:93)
		at org.apache.catalina.valves.AbstractAccessLogValve.invoke(AbstractAccessLogValve.java:663)
		at org.apache.catalina.core.StandardEngineValve.invoke(StandardEngineValve.java:74)
		at org.apache.catalina.connector.CoyoteAdapter.service(CoyoteAdapter.java:344)
		at org.apache.coyote.http11.Http11Processor.service(Http11Processor.java:389)
		at org.apache.coyote.AbstractProcessorLight.process(AbstractProcessorLight.java:63)
		at org.apache.coyote.AbstractProtocol$ConnectionHandler.process(AbstractProtocol.java:896)
		at org.apache.tomcat.util.net.NioEndpoint$SocketProcessor.doRun(NioEndpoint.java:1741)
		at org.apache.tomcat.util.net.SocketProcessorBase.run(SocketProcessorBase.java:52)
		at org.apache.tomcat.util.threads.ThreadPoolExecutor.runWorker(ThreadPoolExecutor.java:1190)
		at org.apache.tomcat.util.threads.ThreadPoolExecutor$Worker.run(ThreadPoolExecutor.java:659)
		at org.apache.tomcat.util.threads.TaskThread$WrappingRunnable.run(TaskThread.java:63)
		at java.base/java.lang.Thread.run(Thread.java:1474)
21-Jul-2026 00:07:55.131 SEVERE [http-nio-8080-exec-1] org.apache.catalina.core.ApplicationDispatcher.invoke Servlet.service() for servlet [jsp] threw exception
	org.apache.jasper.JasperException: /instructor/instructor/subject/instructor-subjects.jsp (line: [967], column: [0]) Unterminated [&lt;c:if] tag
		at org.apache.jasper.compiler.DefaultErrorHandler.jspError(DefaultErrorHandler.java:41)
		at org.apache.jasper.compiler.ErrorDispatcher.dispatch(ErrorDispatcher.java:299)
		at org.apache.jasper.compiler.ErrorDispatcher.jspError(ErrorDispatcher.java:99)
		at org.apache.jasper.compiler.Parser.parseBody(Parser.java:1695)
		at org.apache.jasper.compiler.Parser.parseOptionalBody(Parser.java:1014)
		at org.apache.jasper.compiler.Parser.parseCustomTag(Parser.java:1289)
		at org.apache.jasper.compiler.Parser.parseElements(Parser.java:1469)
		at org.apache.jasper.compiler.Parser.parse(Parser.java:138)
		at org.apache.jasper.compiler.ParserController.doParse(ParserController.java:245)
		at org.apache.jasper.compiler.ParserController.parse(ParserController.java:106)
		at org.apache.jasper.compiler.Compiler.generateJava(Compiler.java:211)
		at org.apache.jasper.compiler.Compiler.compile(Compiler.java:396)
		at org.apache.jasper.compiler.Compiler.compile(Compiler.java:372)
		at org.apache.jasper.compiler.Compiler.compile(Compiler.java:356)
		at org.apache.jasper.JspCompilationContext.compile(JspCompilationContext.java:603)
		at org.apache.jasper.servlet.JspServletWrapper.service(JspServletWrapper.java:396)
		at org.apache.jasper.servlet.JspServlet.serviceJspFile(JspServlet.java:380)
		at org.apache.jasper.servlet.JspServlet.service(JspServlet.java:328)
		at jakarta.servlet.http.HttpServlet.service(HttpServlet.java:658)
		at org.apache.catalina.core.ApplicationFilterChain.internalDoFilter(ApplicationFilterChain.java:195)
		at org.apache.catalina.core.ApplicationFilterChain.doFilter(ApplicationFilterChain.java:140)
		at org.apache.tomcat.websocket.server.WsFilter.doFilter(WsFilter.java:51)
		at org.apache.catalina.core.ApplicationFilterChain.internalDoFilter(ApplicationFilterChain.java:164)
		at org.apache.catalina.core.ApplicationFilterChain.doFilter(ApplicationFilterChain.java:140)
		at org.apache.catalina.core.ApplicationDispatcher.invoke(ApplicationDispatcher.java:632)
		at org.apache.catalina.core.ApplicationDispatcher.processRequest(ApplicationDispatcher.java:408)
		at org.apache.catalina.core.ApplicationDispatcher.doForward(ApplicationDispatcher.java:330)
		at org.apache.catalina.core.ApplicationDispatcher.forward(ApplicationDispatcher.java:267)
		at pt.isel.gape.web.controller.DashboardServletSupport.forward(DashboardServletSupport.java:121)
		at pt.isel.gape.web.controller.SubjectManagementServlet.showList(SubjectManagementServlet.java:346)
		at pt.isel.gape.web.controller.SubjectManagementServlet.doGet(SubjectManagementServlet.java:200)
		at jakarta.servlet.http.HttpServlet.service(HttpServlet.java:564)
		at jakarta.servlet.http.HttpServlet.service(HttpServlet.java:658)
		at org.apache.catalina.core.ApplicationFilterChain.internalDoFilter(ApplicationFilterChain.java:195)
		at org.apache.catalina.core.ApplicationFilterChain.doFilter(ApplicationFilterChain.java:140)
		at org.apache.tomcat.websocket.server.WsFilter.doFilter(WsFilter.java:51)
		at org.apache.catalina.core.ApplicationFilterChain.internalDoFilter(ApplicationFilterChain.java:164)
		at org.apache.catalina.core.ApplicationFilterChain.doFilter(ApplicationFilterChain.java:140)
		at pt.isel.gape.web.filter.DashboardEventUnreadFilter.doFilter(DashboardEventUnreadFilter.java:152)
		at org.apache.catalina.core.ApplicationFilterChain.internalDoFilter(ApplicationFilterChain.java:164)
		at org.apache.catalina.core.ApplicationFilterChain.doFilter(ApplicationFilterChain.java:140)
		at pt.isel.gape.web.filter.CsrfFilter.doFilter(CsrfFilter.java:48)
		at org.apache.catalina.core.ApplicationFilterChain.internalDoFilter(ApplicationFilterChain.java:164)
		at org.apache.catalina.core.ApplicationFilterChain.doFilter(ApplicationFilterChain.java:140)
		at pt.isel.gape.web.filter.AuthorizationFilter.doFilter(AuthorizationFilter.java:85)
		at org.apache.catalina.core.ApplicationFilterChain.internalDoFilter(ApplicationFilterChain.java:164)
		at org.apache.catalina.core.ApplicationFilterChain.doFilter(ApplicationFilterChain.java:140)
		at pt.isel.gape.web.filter.AuthenticationFilter.doFilter(AuthenticationFilter.java:87)
		at org.apache.catalina.core.ApplicationFilterChain.internalDoFilter(ApplicationFilterChain.java:164)
		at org.apache.catalina.core.ApplicationFilterChain.doFilter(ApplicationFilterChain.java:140)
		at pt.isel.gape.web.filter.SecurityHeadersFilter.doFilter(SecurityHeadersFilter.java:53)
		at org.apache.catalina.core.ApplicationFilterChain.internalDoFilter(ApplicationFilterChain.java:164)
		at org.apache.catalina.core.ApplicationFilterChain.doFilter(ApplicationFilterChain.java:140)
		at pt.isel.gape.web.filter.HttpsEnforcementFilter.doFilter(HttpsEnforcementFilter.java:36)
		at org.apache.catalina.core.ApplicationFilterChain.internalDoFilter(ApplicationFilterChain.java:164)
		at org.apache.catalina.core.ApplicationFilterChain.doFilter(ApplicationFilterChain.java:140)
		at org.apache.catalina.core.StandardWrapperValve.invoke(StandardWrapperValve.java:167)
		at org.apache.catalina.core.StandardContextValve.invoke(StandardContextValve.java:90)
		at org.apache.catalina.authenticator.AuthenticatorBase.invoke(AuthenticatorBase.java:482)
		at org.apache.catalina.core.StandardHostValve.invoke(StandardHostValve.java:115)
		at org.apache.catalina.valves.ErrorReportValve.invoke(ErrorReportValve.java:93)
		at org.apache.catalina.valves.AbstractAccessLogValve.invoke(AbstractAccessLogValve.java:663)
		at org.apache.catalina.core.StandardEngineValve.invoke(StandardEngineValve.java:74)
		at org.apache.catalina.connector.CoyoteAdapter.service(CoyoteAdapter.java:344)
		at org.apache.coyote.http11.Http11Processor.service(Http11Processor.java:389)
		at org.apache.coyote.AbstractProcessorLight.process(AbstractProcessorLight.java:63)
		at org.apache.coyote.AbstractProtocol$ConnectionHandler.process(AbstractProtocol.java:896)
		at org.apache.tomcat.util.net.NioEndpoint$SocketProcessor.doRun(NioEndpoint.java:1741)
		at org.apache.tomcat.util.net.SocketProcessorBase.run(SocketProcessorBase.java:52)
		at org.apache.tomcat.util.threads.ThreadPoolExecutor.runWorker(ThreadPoolExecutor.java:1190)
		at org.apache.tomcat.util.threads.ThreadPoolExecutor$Worker.run(ThreadPoolExecutor.java:659)
		at org.apache.tomcat.util.threads.TaskThread$WrappingRunnable.run(TaskThread.java:63)
		at java.base/java.lang.Thread.run(Thread.java:1474)
21-Jul-2026 00:07:55.131 SEVERE [http-nio-8080-exec-1] org.apache.catalina.core.StandardWrapperValve.invoke Servlet.service() for servlet [subjectManagementServlet] in context with path [/GAPE] threw exception [/instructor/instructor/subject/instructor-subjects.jsp (line: [967], column: [0]) Unterminated [&lt;c:if] tag] with root cause
	org.apache.jasper.JasperException: /instructor/instructor/subject/instructor-subjects.jsp (line: [967], column: [0]) Unterminated [&lt;c:if] tag
		at org.apache.jasper.compiler.DefaultErrorHandler.jspError(DefaultErrorHandler.java:41)
		at org.apache.jasper.compiler.ErrorDispatcher.dispatch(ErrorDispatcher.java:299)
		at org.apache.jasper.compiler.ErrorDispatcher.jspError(ErrorDispatcher.java:99)
		at org.apache.jasper.compiler.Parser.parseBody(Parser.java:1695)
		at org.apache.jasper.compiler.Parser.parseOptionalBody(Parser.java:1014)
		at org.apache.jasper.compiler.Parser.parseCustomTag(Parser.java:1289)
		at org.apache.jasper.compiler.Parser.parseElements(Parser.java:1469)
		at org.apache.jasper.compiler.Parser.parse(Parser.java:138)
		at org.apache.jasper.compiler.ParserController.doParse(ParserController.java:245)
		at org.apache.jasper.compiler.ParserController.parse(ParserController.java:106)
		at org.apache.jasper.compiler.Compiler.generateJava(Compiler.java:211)
		at org.apache.jasper.compiler.Compiler.compile(Compiler.java:396)
		at org.apache.jasper.compiler.Compiler.compile(Compiler.java:372)
		at org.apache.jasper.compiler.Compiler.compile(Compiler.java:356)
		at org.apache.jasper.JspCompilationContext.compile(JspCompilationContext.java:603)
		at org.apache.jasper.servlet.JspServletWrapper.service(JspServletWrapper.java:396)
		at org.apache.jasper.servlet.JspServlet.serviceJspFile(JspServlet.java:380)
		at org.apache.jasper.servlet.JspServlet.service(JspServlet.java:328)
		at jakarta.servlet.http.HttpServlet.service(HttpServlet.java:658)
		at org.apache.catalina.core.ApplicationFilterChain.internalDoFilter(ApplicationFilterChain.java:195)
		at org.apache.catalina.core.ApplicationFilterChain.doFilter(ApplicationFilterChain.java:140)
		at org.apache.tomcat.websocket.server.WsFilter.doFilter(WsFilter.java:51)
		at org.apache.catalina.core.ApplicationFilterChain.internalDoFilter(ApplicationFilterChain.java:164)
		at org.apache.catalina.core.ApplicationFilterChain.doFilter(ApplicationFilterChain.java:140)
		at org.apache.catalina.core.ApplicationDispatcher.invoke(ApplicationDispatcher.java:632)
		at org.apache.catalina.core.ApplicationDispatcher.processRequest(ApplicationDispatcher.java:408)
		at org.apache.catalina.core.ApplicationDispatcher.doForward(ApplicationDispatcher.java:330)
		at org.apache.catalina.core.ApplicationDispatcher.forward(ApplicationDispatcher.java:267)
		at pt.isel.gape.web.controller.DashboardServletSupport.forward(DashboardServletSupport.java:121)
		at pt.isel.gape.web.controller.SubjectManagementServlet.showList(SubjectManagementServlet.java:346)
		at pt.isel.gape.web.controller.SubjectManagementServlet.doGet(SubjectManagementServlet.java:200)
		at jakarta.servlet.http.HttpServlet.service(HttpServlet.java:564)
		at jakarta.servlet.http.HttpServlet.service(HttpServlet.java:658)
		at org.apache.catalina.core.ApplicationFilterChain.internalDoFilter(ApplicationFilterChain.java:195)
		at org.apache.catalina.core.ApplicationFilterChain.doFilter(ApplicationFilterChain.java:140)
		at org.apache.tomcat.websocket.server.WsFilter.doFilter(WsFilter.java:51)
		at org.apache.catalina.core.ApplicationFilterChain.internalDoFilter(ApplicationFilterChain.java:164)
		at org.apache.catalina.core.ApplicationFilterChain.doFilter(ApplicationFilterChain.java:140)
		at pt.isel.gape.web.filter.DashboardEventUnreadFilter.doFilter(DashboardEventUnreadFilter.java:152)
		at org.apache.catalina.core.ApplicationFilterChain.internalDoFilter(ApplicationFilterChain.java:164)
		at org.apache.catalina.core.ApplicationFilterChain.doFilter(ApplicationFilterChain.java:140)
		at pt.isel.gape.web.filter.CsrfFilter.doFilter(CsrfFilter.java:48)
		at org.apache.catalina.core.ApplicationFilterChain.internalDoFilter(ApplicationFilterChain.java:164)
		at org.apache.catalina.core.ApplicationFilterChain.doFilter(ApplicationFilterChain.java:140)
		at pt.isel.gape.web.filter.AuthorizationFilter.doFilter(AuthorizationFilter.java:85)
		at org.apache.catalina.core.ApplicationFilterChain.internalDoFilter(ApplicationFilterChain.java:164)
		at org.apache.catalina.core.ApplicationFilterChain.doFilter(ApplicationFilterChain.java:140)
		at pt.isel.gape.web.filter.AuthenticationFilter.doFilter(AuthenticationFilter.java:87)
		at org.apache.catalina.core.ApplicationFilterChain.internalDoFilter(ApplicationFilterChain.java:164)
		at org.apache.catalina.core.ApplicationFilterChain.doFilter(ApplicationFilterChain.java:140)
		at pt.isel.gape.web.filter.SecurityHeadersFilter.doFilter(SecurityHeadersFilter.java:53)
		at org.apache.catalina.core.ApplicationFilterChain.internalDoFilter(ApplicationFilterChain.java:164)
		at org.apache.catalina.core.ApplicationFilterChain.doFilter(ApplicationFilterChain.java:140)
		at pt.isel.gape.web.filter.HttpsEnforcementFilter.doFilter(HttpsEnforcementFilter.java:36)
		at org.apache.catalina.core.ApplicationFilterChain.internalDoFilter(ApplicationFilterChain.java:164)
		at org.apache.catalina.core.ApplicationFilterChain.doFilter(ApplicationFilterChain.java:140)
		at org.apache.catalina.core.StandardWrapperValve.invoke(StandardWrapperValve.java:167)
		at org.apache.catalina.core.StandardContextValve.invoke(StandardContextValve.java:90)
		at org.apache.catalina.authenticator.AuthenticatorBase.invoke(AuthenticatorBase.java:482)
		at org.apache.catalina.core.StandardHostValve.invoke(StandardHostValve.java:115)
		at org.apache.catalina.valves.ErrorReportValve.invoke(ErrorReportValve.java:93)
		at org.apache.catalina.valves.AbstractAccessLogValve.invoke(AbstractAccessLogValve.java:663)
		at org.apache.catalina.core.StandardEngineValve.invoke(StandardEngineValve.java:74)
		at org.apache.catalina.connector.CoyoteAdapter.service(CoyoteAdapter.java:344)
		at org.apache.coyote.http11.Http11Processor.service(Http11Processor.java:389)
		at org.apache.coyote.AbstractProcessorLight.process(AbstractProcessorLight.java:63)
		at org.apache.coyote.AbstractProtocol$ConnectionHandler.process(AbstractProtocol.java:896)
		at org.apache.tomcat.util.net.NioEndpoint$SocketProcessor.doRun(NioEndpoint.java:1741)
		at org.apache.tomcat.util.net.SocketProcessorBase.run(SocketProcessorBase.java:52)
		at org.apache.tomcat.util.threads.ThreadPoolExecutor.runWorker(ThreadPoolExecutor.java:1190)
		at org.apache.tomcat.util.threads.ThreadPoolExecutor$Worker.run(ThreadPoolExecutor.java:659)
		at org.apache.tomcat.util.threads.TaskThread$WrappingRunnable.run(TaskThread.java:63)
		at java.base/java.lang.Thread.run(Thread.java:1474)
21-Jul-2026 00:07:55.515 SEVERE [http-nio-8080-exec-9] org.apache.catalina.core.ApplicationDispatcher.invoke Servlet.service() for servlet [jsp] threw exception
	java.lang.ClassNotFoundException: org.apache.jsp.instructor.instructor.subject.instructor_002dsubjects_jsp
		at java.base/java.net.URLClassLoader.findClass(URLClassLoader.java:377)
		at org.apache.jasper.servlet.JasperLoader.loadClass(JasperLoader.java:129)
		at org.apache.jasper.servlet.JasperLoader.loadClass(JasperLoader.java:58)
		at org.apache.catalina.core.DefaultInstanceManager.newInstance(DefaultInstanceManager.java:151)
		at org.apache.jasper.servlet.JspServletWrapper.getServlet(JspServletWrapper.java:189)
		at org.apache.jasper.servlet.JspServletWrapper.service(JspServletWrapper.java:410)
		at org.apache.jasper.servlet.JspServlet.serviceJspFile(JspServlet.java:380)
		at org.apache.jasper.servlet.JspServlet.service(JspServlet.java:328)
		at jakarta.servlet.http.HttpServlet.service(HttpServlet.java:658)
		at org.apache.catalina.core.ApplicationFilterChain.internalDoFilter(ApplicationFilterChain.java:195)
		at org.apache.catalina.core.ApplicationFilterChain.doFilter(ApplicationFilterChain.java:140)
		at org.apache.tomcat.websocket.server.WsFilter.doFilter(WsFilter.java:51)
		at org.apache.catalina.core.ApplicationFilterChain.internalDoFilter(ApplicationFilterChain.java:164)
		at org.apache.catalina.core.ApplicationFilterChain.doFilter(ApplicationFilterChain.java:140)
		at org.apache.catalina.core.ApplicationDispatcher.invoke(ApplicationDispatcher.java:632)
		at org.apache.catalina.core.ApplicationDispatcher.processRequest(ApplicationDispatcher.java:408)
		at org.apache.catalina.core.ApplicationDispatcher.doForward(ApplicationDispatcher.java:330)
		at org.apache.catalina.core.ApplicationDispatcher.forward(ApplicationDispatcher.java:267)
		at pt.isel.gape.web.controller.DashboardServletSupport.forward(DashboardServletSupport.java:121)
		at pt.isel.gape.web.controller.SubjectManagementServlet.showList(SubjectManagementServlet.java:346)
		at pt.isel.gape.web.controller.SubjectManagementServlet.doGet(SubjectManagementServlet.java:200)
		at jakarta.servlet.http.HttpServlet.service(HttpServlet.java:564)
		at jakarta.servlet.http.HttpServlet.service(HttpServlet.java:658)
		at org.apache.catalina.core.ApplicationFilterChain.internalDoFilter(ApplicationFilterChain.java:195)
		at org.apache.catalina.core.ApplicationFilterChain.doFilter(ApplicationFilterChain.java:140)
		at org.apache.tomcat.websocket.server.WsFilter.doFilter(WsFilter.java:51)
		at org.apache.catalina.core.ApplicationFilterChain.internalDoFilter(ApplicationFilterChain.java:164)
		at org.apache.catalina.core.ApplicationFilterChain.doFilter(ApplicationFilterChain.java:140)
		at pt.isel.gape.web.filter.DashboardEventUnreadFilter.doFilter(DashboardEventUnreadFilter.java:152)
		at org.apache.catalina.core.ApplicationFilterChain.internalDoFilter(ApplicationFilterChain.java:164)
		at org.apache.catalina.core.ApplicationFilterChain.doFilter(ApplicationFilterChain.java:140)
		at pt.isel.gape.web.filter.CsrfFilter.doFilter(CsrfFilter.java:48)
		at org.apache.catalina.core.ApplicationFilterChain.internalDoFilter(ApplicationFilterChain.java:164)
		at org.apache.catalina.core.ApplicationFilterChain.doFilter(ApplicationFilterChain.java:140)
		at pt.isel.gape.web.filter.AuthorizationFilter.doFilter(AuthorizationFilter.java:85)
		at org.apache.catalina.core.ApplicationFilterChain.internalDoFilter(ApplicationFilterChain.java:164)
		at org.apache.catalina.core.ApplicationFilterChain.doFilter(ApplicationFilterChain.java:140)
		at pt.isel.gape.web.filter.AuthenticationFilter.doFilter(AuthenticationFilter.java:87)
		at org.apache.catalina.core.ApplicationFilterChain.internalDoFilter(ApplicationFilterChain.java:164)
		at org.apache.catalina.core.ApplicationFilterChain.doFilter(ApplicationFilterChain.java:140)
		at pt.isel.gape.web.filter.SecurityHeadersFilter.doFilter(SecurityHeadersFilter.java:53)
		at org.apache.catalina.core.ApplicationFilterChain.internalDoFilter(ApplicationFilterChain.java:164)
		at org.apache.catalina.core.ApplicationFilterChain.doFilter(ApplicationFilterChain.java:140)
		at pt.isel.gape.web.filter.HttpsEnforcementFilter.doFilter(HttpsEnforcementFilter.java:36)
		at org.apache.catalina.core.ApplicationFilterChain.internalDoFilter(ApplicationFilterChain.java:164)
		at org.apache.catalina.core.ApplicationFilterChain.doFilter(ApplicationFilterChain.java:140)
		at org.apache.catalina.core.StandardWrapperValve.invoke(StandardWrapperValve.java:167)
		at org.apache.catalina.core.StandardContextValve.invoke(StandardContextValve.java:90)
		at org.apache.catalina.authenticator.AuthenticatorBase.invoke(AuthenticatorBase.java:482)
		at org.apache.catalina.core.StandardHostValve.invoke(StandardHostValve.java:115)
		at org.apache.catalina.valves.ErrorReportValve.invoke(ErrorReportValve.java:93)
		at org.apache.catalina.valves.AbstractAccessLogValve.invoke(AbstractAccessLogValve.java:663)
		at org.apache.catalina.core.StandardEngineValve.invoke(StandardEngineValve.java:74)
		at org.apache.catalina.connector.CoyoteAdapter.service(CoyoteAdapter.java:344)
		at org.apache.coyote.http11.Http11Processor.service(Http11Processor.java:389)
		at org.apache.coyote.AbstractProcessorLight.process(AbstractProcessorLight.java:63)
		at org.apache.coyote.AbstractProtocol$ConnectionHandler.process(AbstractProtocol.java:896)
		at org.apache.tomcat.util.net.NioEndpoint$SocketProcessor.doRun(NioEndpoint.java:1741)
		at org.apache.tomcat.util.net.SocketProcessorBase.run(SocketProcessorBase.java:52)
		at org.apache.tomcat.util.threads.ThreadPoolExecutor.runWorker(ThreadPoolExecutor.java:1190)
		at org.apache.tomcat.util.threads.ThreadPoolExecutor$Worker.run(ThreadPoolExecutor.java:659)
		at org.apache.tomcat.util.threads.TaskThread$WrappingRunnable.run(TaskThread.java:63)
		at java.base/java.lang.Thread.run(Thread.java:1474)
21-Jul-2026 00:07:55.515 SEVERE [http-nio-8080-exec-9] org.apache.catalina.core.StandardWrapperValve.invoke Servlet.service() for servlet [subjectManagementServlet] in context with path [/GAPE] threw exception [org.apache.jasper.JasperException: java.lang.ClassNotFoundException: org.apache.jsp.instructor.instructor.subject.instructor_002dsubjects_jsp] with root cause
	java.lang.ClassNotFoundException: org.apache.jsp.instructor.instructor.subject.instructor_002dsubjects_jsp
		at java.base/java.net.URLClassLoader.findClass(URLClassLoader.java:377)
		at org.apache.jasper.servlet.JasperLoader.loadClass(JasperLoader.java:129)
		at org.apache.jasper.servlet.JasperLoader.loadClass(JasperLoader.java:58)
		at org.apache.catalina.core.DefaultInstanceManager.newInstance(DefaultInstanceManager.java:151)
		at org.apache.jasper.servlet.JspServletWrapper.getServlet(JspServletWrapper.java:189)
		at org.apache.jasper.servlet.JspServletWrapper.service(JspServletWrapper.java:410)
		at org.apache.jasper.servlet.JspServlet.serviceJspFile(JspServlet.java:380)
		at org.apache.jasper.servlet.JspServlet.service(JspServlet.java:328)
		at jakarta.servlet.http.HttpServlet.service(HttpServlet.java:658)
		at org.apache.catalina.core.ApplicationFilterChain.internalDoFilter(ApplicationFilterChain.java:195)
		at org.apache.catalina.core.ApplicationFilterChain.doFilter(ApplicationFilterChain.java:140)
		at org.apache.tomcat.websocket.server.WsFilter.doFilter(WsFilter.java:51)
		at org.apache.catalina.core.ApplicationFilterChain.internalDoFilter(ApplicationFilterChain.java:164)
		at org.apache.catalina.core.ApplicationFilterChain.doFilter(ApplicationFilterChain.java:140)
		at org.apache.catalina.core.ApplicationDispatcher.invoke(ApplicationDispatcher.java:632)
		at org.apache.catalina.core.ApplicationDispatcher.processRequest(ApplicationDispatcher.java:408)
		at org.apache.catalina.core.ApplicationDispatcher.doForward(ApplicationDispatcher.java:330)
		at org.apache.catalina.core.ApplicationDispatcher.forward(ApplicationDispatcher.java:267)
		at pt.isel.gape.web.controller.DashboardServletSupport.forward(DashboardServletSupport.java:121)
		at pt.isel.gape.web.controller.SubjectManagementServlet.showList(SubjectManagementServlet.java:346)
		at pt.isel.gape.web.controller.SubjectManagementServlet.doGet(SubjectManagementServlet.java:200)
		at jakarta.servlet.http.HttpServlet.service(HttpServlet.java:564)
		at jakarta.servlet.http.HttpServlet.service(HttpServlet.java:658)
		at org.apache.catalina.core.ApplicationFilterChain.internalDoFilter(ApplicationFilterChain.java:195)
		at org.apache.catalina.core.ApplicationFilterChain.doFilter(ApplicationFilterChain.java:140)
		at org.apache.tomcat.websocket.server.WsFilter.doFilter(WsFilter.java:51)
		at org.apache.catalina.core.ApplicationFilterChain.internalDoFilter(ApplicationFilterChain.java:164)
		at org.apache.catalina.core.ApplicationFilterChain.doFilter(ApplicationFilterChain.java:140)
		at pt.isel.gape.web.filter.DashboardEventUnreadFilter.doFilter(DashboardEventUnreadFilter.java:152)
		at org.apache.catalina.core.ApplicationFilterChain.internalDoFilter(ApplicationFilterChain.java:164)
		at org.apache.catalina.core.ApplicationFilterChain.doFilter(ApplicationFilterChain.java:140)
		at pt.isel.gape.web.filter.CsrfFilter.doFilter(CsrfFilter.java:48)
		at org.apache.catalina.core.ApplicationFilterChain.internalDoFilter(ApplicationFilterChain.java:164)
		at org.apache.catalina.core.ApplicationFilterChain.doFilter(ApplicationFilterChain.java:140)
		at pt.isel.gape.web.filter.AuthorizationFilter.doFilter(AuthorizationFilter.java:85)
		at org.apache.catalina.core.ApplicationFilterChain.internalDoFilter(ApplicationFilterChain.java:164)
		at org.apache.catalina.core.ApplicationFilterChain.doFilter(ApplicationFilterChain.java:140)
		at pt.isel.gape.web.filter.AuthenticationFilter.doFilter(AuthenticationFilter.java:87)
		at org.apache.catalina.core.ApplicationFilterChain.internalDoFilter(ApplicationFilterChain.java:164)
		at org.apache.catalina.core.ApplicationFilterChain.doFilter(ApplicationFilterChain.java:140)
		at pt.isel.gape.web.filter.SecurityHeadersFilter.doFilter(SecurityHeadersFilter.java:53)
		at org.apache.catalina.core.ApplicationFilterChain.internalDoFilter(ApplicationFilterChain.java:164)
		at org.apache.catalina.core.ApplicationFilterChain.doFilter(ApplicationFilterChain.java:140)
		at pt.isel.gape.web.filter.HttpsEnforcementFilter.doFilter(HttpsEnforcementFilter.java:36)
		at org.apache.catalina.core.ApplicationFilterChain.internalDoFilter(ApplicationFilterChain.java:164)
		at org.apache.catalina.core.ApplicationFilterChain.doFilter(ApplicationFilterChain.java:140)
		at org.apache.catalina.core.StandardWrapperValve.invoke(StandardWrapperValve.java:167)
		at org.apache.catalina.core.StandardContextValve.invoke(StandardContextValve.java:90)
		at org.apache.catalina.authenticator.AuthenticatorBase.invoke(AuthenticatorBase.java:482)
		at org.apache.catalina.core.StandardHostValve.invoke(StandardHostValve.java:115)
		at org.apache.catalina.valves.ErrorReportValve.invoke(ErrorReportValve.java:93)
		at org.apache.catalina.valves.AbstractAccessLogValve.invoke(AbstractAccessLogValve.java:663)
		at org.apache.catalina.core.StandardEngineValve.invoke(StandardEngineValve.java:74)
		at org.apache.catalina.connector.CoyoteAdapter.service(CoyoteAdapter.java:344)
		at org.apache.coyote.http11.Http11Processor.service(Http11Processor.java:389)
		at org.apache.coyote.AbstractProcessorLight.process(AbstractProcessorLight.java:63)
		at org.apache.coyote.AbstractProtocol$ConnectionHandler.process(AbstractProtocol.java:896)
		at org.apache.tomcat.util.net.NioEndpoint$SocketProcessor.doRun(NioEndpoint.java:1741)
		at org.apache.tomcat.util.net.SocketProcessorBase.run(SocketProcessorBase.java:52)
		at org.apache.tomcat.util.threads.ThreadPoolExecutor.runWorker(ThreadPoolExecutor.java:1190)
		at org.apache.tomcat.util.threads.ThreadPoolExecutor$Worker.run(ThreadPoolExecutor.java:659)
		at org.apache.tomcat.util.threads.TaskThread$WrappingRunnable.run(TaskThread.java:63)
		at java.base/java.lang.Thread.run(Thread.java:1474)
21-Jul-2026 00:09:34.114 SEVERE [http-nio-8080-exec-3] org.apache.catalina.core.ApplicationDispatcher.invoke Servlet.service() for servlet [jsp] threw exception
	org.apache.jasper.JasperException: /coordinator/coordinator/course/coordinator-courses.jsp (line: [907], column: [0]) Unterminated [&lt;c:when] tag
		at org.apache.jasper.compiler.DefaultErrorHandler.jspError(DefaultErrorHandler.java:41)
		at org.apache.jasper.compiler.ErrorDispatcher.dispatch(ErrorDispatcher.java:299)
		at org.apache.jasper.compiler.ErrorDispatcher.jspError(ErrorDispatcher.java:99)
		at org.apache.jasper.compiler.Parser.parseBody(Parser.java:1695)
		at org.apache.jasper.compiler.Parser.parseOptionalBody(Parser.java:1014)
		at org.apache.jasper.compiler.Parser.parseCustomTag(Parser.java:1289)
		at org.apache.jasper.compiler.Parser.parseElements(Parser.java:1469)
		at org.apache.jasper.compiler.Parser.parseBody(Parser.java:1682)
		at org.apache.jasper.compiler.Parser.parseOptionalBody(Parser.java:1014)
		at org.apache.jasper.compiler.Parser.parseCustomTag(Parser.java:1289)
		at org.apache.jasper.compiler.Parser.parseElements(Parser.java:1469)
		at org.apache.jasper.compiler.Parser.parseBody(Parser.java:1682)
		at org.apache.jasper.compiler.Parser.parseOptionalBody(Parser.java:1014)
		at org.apache.jasper.compiler.Parser.parseCustomTag(Parser.java:1289)
		at org.apache.jasper.compiler.Parser.parseElements(Parser.java:1469)
		at org.apache.jasper.compiler.Parser.parseBody(Parser.java:1682)
		at org.apache.jasper.compiler.Parser.parseOptionalBody(Parser.java:1014)
		at org.apache.jasper.compiler.Parser.parseCustomTag(Parser.java:1289)
		at org.apache.jasper.compiler.Parser.parseElements(Parser.java:1469)
		at org.apache.jasper.compiler.Parser.parse(Parser.java:138)
		at org.apache.jasper.compiler.ParserController.doParse(ParserController.java:245)
		at org.apache.jasper.compiler.ParserController.parse(ParserController.java:106)
		at org.apache.jasper.compiler.Compiler.generateJava(Compiler.java:211)
		at org.apache.jasper.compiler.Compiler.compile(Compiler.java:396)
		at org.apache.jasper.compiler.Compiler.compile(Compiler.java:372)
		at org.apache.jasper.compiler.Compiler.compile(Compiler.java:356)
		at org.apache.jasper.JspCompilationContext.compile(JspCompilationContext.java:603)
		at org.apache.jasper.servlet.JspServletWrapper.service(JspServletWrapper.java:396)
		at org.apache.jasper.servlet.JspServlet.serviceJspFile(JspServlet.java:380)
		at org.apache.jasper.servlet.JspServlet.service(JspServlet.java:328)
		at jakarta.servlet.http.HttpServlet.service(HttpServlet.java:658)
		at org.apache.catalina.core.ApplicationFilterChain.internalDoFilter(ApplicationFilterChain.java:195)
		at org.apache.catalina.core.ApplicationFilterChain.doFilter(ApplicationFilterChain.java:140)
		at org.apache.tomcat.websocket.server.WsFilter.doFilter(WsFilter.java:51)
		at org.apache.catalina.core.ApplicationFilterChain.internalDoFilter(ApplicationFilterChain.java:164)
		at org.apache.catalina.core.ApplicationFilterChain.doFilter(ApplicationFilterChain.java:140)
		at org.apache.catalina.core.ApplicationDispatcher.invoke(ApplicationDispatcher.java:632)
		at org.apache.catalina.core.ApplicationDispatcher.processRequest(ApplicationDispatcher.java:408)
		at org.apache.catalina.core.ApplicationDispatcher.doForward(ApplicationDispatcher.java:330)
		at org.apache.catalina.core.ApplicationDispatcher.forward(ApplicationDispatcher.java:267)
		at pt.isel.gape.web.controller.DashboardServletSupport.forward(DashboardServletSupport.java:121)
		at pt.isel.gape.web.controller.CourseManagementServlet.showList(CourseManagementServlet.java:342)
		at pt.isel.gape.web.controller.CourseManagementServlet.doGet(CourseManagementServlet.java:189)
		at jakarta.servlet.http.HttpServlet.service(HttpServlet.java:564)
		at jakarta.servlet.http.HttpServlet.service(HttpServlet.java:658)
		at org.apache.catalina.core.ApplicationFilterChain.internalDoFilter(ApplicationFilterChain.java:195)
		at org.apache.catalina.core.ApplicationFilterChain.doFilter(ApplicationFilterChain.java:140)
		at org.apache.tomcat.websocket.server.WsFilter.doFilter(WsFilter.java:51)
		at org.apache.catalina.core.ApplicationFilterChain.internalDoFilter(ApplicationFilterChain.java:164)
		at org.apache.catalina.core.ApplicationFilterChain.doFilter(ApplicationFilterChain.java:140)
		at pt.isel.gape.web.filter.DashboardEventUnreadFilter.doFilter(DashboardEventUnreadFilter.java:152)
		at org.apache.catalina.core.ApplicationFilterChain.internalDoFilter(ApplicationFilterChain.java:164)
		at org.apache.catalina.core.ApplicationFilterChain.doFilter(ApplicationFilterChain.java:140)
		at pt.isel.gape.web.filter.CsrfFilter.doFilter(CsrfFilter.java:48)
		at org.apache.catalina.core.ApplicationFilterChain.internalDoFilter(ApplicationFilterChain.java:164)
		at org.apache.catalina.core.ApplicationFilterChain.doFilter(ApplicationFilterChain.java:140)
		at pt.isel.gape.web.filter.AuthorizationFilter.doFilter(AuthorizationFilter.java:85)
		at org.apache.catalina.core.ApplicationFilterChain.internalDoFilter(ApplicationFilterChain.java:164)
		at org.apache.catalina.core.ApplicationFilterChain.doFilter(ApplicationFilterChain.java:140)
		at pt.isel.gape.web.filter.AuthenticationFilter.doFilter(AuthenticationFilter.java:87)
		at org.apache.catalina.core.ApplicationFilterChain.internalDoFilter(ApplicationFilterChain.java:164)
		at org.apache.catalina.core.ApplicationFilterChain.doFilter(ApplicationFilterChain.java:140)
		at pt.isel.gape.web.filter.SecurityHeadersFilter.doFilter(SecurityHeadersFilter.java:53)
		at org.apache.catalina.core.ApplicationFilterChain.internalDoFilter(ApplicationFilterChain.java:164)
		at org.apache.catalina.core.ApplicationFilterChain.doFilter(ApplicationFilterChain.java:140)
		at pt.isel.gape.web.filter.HttpsEnforcementFilter.doFilter(HttpsEnforcementFilter.java:36)
		at org.apache.catalina.core.ApplicationFilterChain.internalDoFilter(ApplicationFilterChain.java:164)
		at org.apache.catalina.core.ApplicationFilterChain.doFilter(ApplicationFilterChain.java:140)
		at org.apache.catalina.core.StandardWrapperValve.invoke(StandardWrapperValve.java:167)
		at org.apache.catalina.core.StandardContextValve.invoke(StandardContextValve.java:90)
		at org.apache.catalina.authenticator.AuthenticatorBase.invoke(AuthenticatorBase.java:482)
		at org.apache.catalina.core.StandardHostValve.invoke(StandardHostValve.java:115)
		at org.apache.catalina.valves.ErrorReportValve.invoke(ErrorReportValve.java:93)
		at org.apache.catalina.valves.AbstractAccessLogValve.invoke(AbstractAccessLogValve.java:663)
		at org.apache.catalina.core.StandardEngineValve.invoke(StandardEngineValve.java:74)
		at org.apache.catalina.connector.CoyoteAdapter.service(CoyoteAdapter.java:344)
		at org.apache.coyote.http11.Http11Processor.service(Http11Processor.java:389)
		at org.apache.coyote.AbstractProcessorLight.process(AbstractProcessorLight.java:63)
		at org.apache.coyote.AbstractProtocol$ConnectionHandler.process(AbstractProtocol.java:896)
		at org.apache.tomcat.util.net.NioEndpoint$SocketProcessor.doRun(NioEndpoint.java:1741)
		at org.apache.tomcat.util.net.SocketProcessorBase.run(SocketProcessorBase.java:52)
		at org.apache.tomcat.util.threads.ThreadPoolExecutor.runWorker(ThreadPoolExecutor.java:1190)
		at org.apache.tomcat.util.threads.ThreadPoolExecutor$Worker.run(ThreadPoolExecutor.java:659)
		at org.apache.tomcat.util.threads.TaskThread$WrappingRunnable.run(TaskThread.java:63)
		at java.base/java.lang.Thread.run(Thread.java:1474)
21-Jul-2026 00:09:34.114 SEVERE [http-nio-8080-exec-3] org.apache.catalina.core.StandardWrapperValve.invoke Servlet.service() for servlet [courseManagementServlet] in context with path [/GAPE] threw exception [/coordinator/coordinator/course/coordinator-courses.jsp (line: [907], column: [0]) Unterminated [&lt;c:when] tag] with root cause
	org.apache.jasper.JasperException: /coordinator/coordinator/course/coordinator-courses.jsp (line: [907], column: [0]) Unterminated [&lt;c:when] tag
		at org.apache.jasper.compiler.DefaultErrorHandler.jspError(DefaultErrorHandler.java:41)
		at org.apache.jasper.compiler.ErrorDispatcher.dispatch(ErrorDispatcher.java:299)
		at org.apache.jasper.compiler.ErrorDispatcher.jspError(ErrorDispatcher.java:99)
		at org.apache.jasper.compiler.Parser.parseBody(Parser.java:1695)
		at org.apache.jasper.compiler.Parser.parseOptionalBody(Parser.java:1014)
		at org.apache.jasper.compiler.Parser.parseCustomTag(Parser.java:1289)
		at org.apache.jasper.compiler.Parser.parseElements(Parser.java:1469)
		at org.apache.jasper.compiler.Parser.parseBody(Parser.java:1682)
		at org.apache.jasper.compiler.Parser.parseOptionalBody(Parser.java:1014)
		at org.apache.jasper.compiler.Parser.parseCustomTag(Parser.java:1289)
		at org.apache.jasper.compiler.Parser.parseElements(Parser.java:1469)
		at org.apache.jasper.compiler.Parser.parseBody(Parser.java:1682)
		at org.apache.jasper.compiler.Parser.parseOptionalBody(Parser.java:1014)
		at org.apache.jasper.compiler.Parser.parseCustomTag(Parser.java:1289)
		at org.apache.jasper.compiler.Parser.parseElements(Parser.java:1469)
		at org.apache.jasper.compiler.Parser.parseBody(Parser.java:1682)
		at org.apache.jasper.compiler.Parser.parseOptionalBody(Parser.java:1014)
		at org.apache.jasper.compiler.Parser.parseCustomTag(Parser.java:1289)
		at org.apache.jasper.compiler.Parser.parseElements(Parser.java:1469)
		at org.apache.jasper.compiler.Parser.parse(Parser.java:138)
		at org.apache.jasper.compiler.ParserController.doParse(ParserController.java:245)
		at org.apache.jasper.compiler.ParserController.parse(ParserController.java:106)
		at org.apache.jasper.compiler.Compiler.generateJava(Compiler.java:211)
		at org.apache.jasper.compiler.Compiler.compile(Compiler.java:396)
		at org.apache.jasper.compiler.Compiler.compile(Compiler.java:372)
		at org.apache.jasper.compiler.Compiler.compile(Compiler.java:356)
		at org.apache.jasper.JspCompilationContext.compile(JspCompilationContext.java:603)
		at org.apache.jasper.servlet.JspServletWrapper.service(JspServletWrapper.java:396)
		at org.apache.jasper.servlet.JspServlet.serviceJspFile(JspServlet.java:380)
		at org.apache.jasper.servlet.JspServlet.service(JspServlet.java:328)
		at jakarta.servlet.http.HttpServlet.service(HttpServlet.java:658)
		at org.apache.catalina.core.ApplicationFilterChain.internalDoFilter(ApplicationFilterChain.java:195)
		at org.apache.catalina.core.ApplicationFilterChain.doFilter(ApplicationFilterChain.java:140)
		at org.apache.tomcat.websocket.server.WsFilter.doFilter(WsFilter.java:51)
		at org.apache.catalina.core.ApplicationFilterChain.internalDoFilter(ApplicationFilterChain.java:164)
		at org.apache.catalina.core.ApplicationFilterChain.doFilter(ApplicationFilterChain.java:140)
		at org.apache.catalina.core.ApplicationDispatcher.invoke(ApplicationDispatcher.java:632)
		at org.apache.catalina.core.ApplicationDispatcher.processRequest(ApplicationDispatcher.java:408)
		at org.apache.catalina.core.ApplicationDispatcher.doForward(ApplicationDispatcher.java:330)
		at org.apache.catalina.core.ApplicationDispatcher.forward(ApplicationDispatcher.java:267)
		at pt.isel.gape.web.controller.DashboardServletSupport.forward(DashboardServletSupport.java:121)
		at pt.isel.gape.web.controller.CourseManagementServlet.showList(CourseManagementServlet.java:342)
		at pt.isel.gape.web.controller.CourseManagementServlet.doGet(CourseManagementServlet.java:189)
		at jakarta.servlet.http.HttpServlet.service(HttpServlet.java:564)
		at jakarta.servlet.http.HttpServlet.service(HttpServlet.java:658)
		at org.apache.catalina.core.ApplicationFilterChain.internalDoFilter(ApplicationFilterChain.java:195)
		at org.apache.catalina.core.ApplicationFilterChain.doFilter(ApplicationFilterChain.java:140)
		at org.apache.tomcat.websocket.server.WsFilter.doFilter(WsFilter.java:51)
		at org.apache.catalina.core.ApplicationFilterChain.internalDoFilter(ApplicationFilterChain.java:164)
		at org.apache.catalina.core.ApplicationFilterChain.doFilter(ApplicationFilterChain.java:140)
		at pt.isel.gape.web.filter.DashboardEventUnreadFilter.doFilter(DashboardEventUnreadFilter.java:152)
		at org.apache.catalina.core.ApplicationFilterChain.internalDoFilter(ApplicationFilterChain.java:164)
		at org.apache.catalina.core.ApplicationFilterChain.doFilter(ApplicationFilterChain.java:140)
		at pt.isel.gape.web.filter.CsrfFilter.doFilter(CsrfFilter.java:48)
		at org.apache.catalina.core.ApplicationFilterChain.internalDoFilter(ApplicationFilterChain.java:164)
		at org.apache.catalina.core.ApplicationFilterChain.doFilter(ApplicationFilterChain.java:140)
		at pt.isel.gape.web.filter.AuthorizationFilter.doFilter(AuthorizationFilter.java:85)
		at org.apache.catalina.core.ApplicationFilterChain.internalDoFilter(ApplicationFilterChain.java:164)
		at org.apache.catalina.core.ApplicationFilterChain.doFilter(ApplicationFilterChain.java:140)
		at pt.isel.gape.web.filter.AuthenticationFilter.doFilter(AuthenticationFilter.java:87)
		at org.apache.catalina.core.ApplicationFilterChain.internalDoFilter(ApplicationFilterChain.java:164)
		at org.apache.catalina.core.ApplicationFilterChain.doFilter(ApplicationFilterChain.java:140)
		at pt.isel.gape.web.filter.SecurityHeadersFilter.doFilter(SecurityHeadersFilter.java:53)
		at org.apache.catalina.core.ApplicationFilterChain.internalDoFilter(ApplicationFilterChain.java:164)
		at org.apache.catalina.core.ApplicationFilterChain.doFilter(ApplicationFilterChain.java:140)
		at pt.isel.gape.web.filter.HttpsEnforcementFilter.doFilter(HttpsEnforcementFilter.java:36)
		at org.apache.catalina.core.ApplicationFilterChain.internalDoFilter(ApplicationFilterChain.java:164)
		at org.apache.catalina.core.ApplicationFilterChain.doFilter(ApplicationFilterChain.java:140)
		at org.apache.catalina.core.StandardWrapperValve.invoke(StandardWrapperValve.java:167)
		at org.apache.catalina.core.StandardContextValve.invoke(StandardContextValve.java:90)
		at org.apache.catalina.authenticator.AuthenticatorBase.invoke(AuthenticatorBase.java:482)
		at org.apache.catalina.core.StandardHostValve.invoke(StandardHostValve.java:115)
		at org.apache.catalina.valves.ErrorReportValve.invoke(ErrorReportValve.java:93)
		at org.apache.catalina.valves.AbstractAccessLogValve.invoke(AbstractAccessLogValve.java:663)
		at org.apache.catalina.core.StandardEngineValve.invoke(StandardEngineValve.java:74)
		at org.apache.catalina.connector.CoyoteAdapter.service(CoyoteAdapter.java:344)
		at org.apache.coyote.http11.Http11Processor.service(Http11Processor.java:389)
		at org.apache.coyote.AbstractProcessorLight.process(AbstractProcessorLight.java:63)
		at org.apache.coyote.AbstractProtocol$ConnectionHandler.process(AbstractProtocol.java:896)
		at org.apache.tomcat.util.net.NioEndpoint$SocketProcessor.doRun(NioEndpoint.java:1741)
		at org.apache.tomcat.util.net.SocketProcessorBase.run(SocketProcessorBase.java:52)
		at org.apache.tomcat.util.threads.ThreadPoolExecutor.runWorker(ThreadPoolExecutor.java:1190)
		at org.apache.tomcat.util.threads.ThreadPoolExecutor$Worker.run(ThreadPoolExecutor.java:659)
		at org.apache.tomcat.util.threads.TaskThread$WrappingRunnable.run(TaskThread.java:63)
		at java.base/java.lang.Thread.run(Thread.java:1474)
21-Jul-2026 00:09:34.384 SEVERE [http-nio-8080-exec-6] org.apache.catalina.core.ApplicationDispatcher.invoke Servlet.service() for servlet [jsp] threw exception
	java.lang.ClassNotFoundException: org.apache.jsp.coordinator.coordinator.course.coordinator_002dcourses_jsp
		at java.base/java.net.URLClassLoader.findClass(URLClassLoader.java:377)
		at org.apache.jasper.servlet.JasperLoader.loadClass(JasperLoader.java:129)
		at org.apache.jasper.servlet.JasperLoader.loadClass(JasperLoader.java:58)
		at org.apache.catalina.core.DefaultInstanceManager.newInstance(DefaultInstanceManager.java:151)
		at org.apache.jasper.servlet.JspServletWrapper.getServlet(JspServletWrapper.java:189)
		at org.apache.jasper.servlet.JspServletWrapper.service(JspServletWrapper.java:410)
		at org.apache.jasper.servlet.JspServlet.serviceJspFile(JspServlet.java:380)
		at org.apache.jasper.servlet.JspServlet.service(JspServlet.java:328)
		at jakarta.servlet.http.HttpServlet.service(HttpServlet.java:658)
		at org.apache.catalina.core.ApplicationFilterChain.internalDoFilter(ApplicationFilterChain.java:195)
		at org.apache.catalina.core.ApplicationFilterChain.doFilter(ApplicationFilterChain.java:140)
		at org.apache.tomcat.websocket.server.WsFilter.doFilter(WsFilter.java:51)
		at org.apache.catalina.core.ApplicationFilterChain.internalDoFilter(ApplicationFilterChain.java:164)
		at org.apache.catalina.core.ApplicationFilterChain.doFilter(ApplicationFilterChain.java:140)
		at org.apache.catalina.core.ApplicationDispatcher.invoke(ApplicationDispatcher.java:632)
		at org.apache.catalina.core.ApplicationDispatcher.processRequest(ApplicationDispatcher.java:408)
		at org.apache.catalina.core.ApplicationDispatcher.doForward(ApplicationDispatcher.java:330)
		at org.apache.catalina.core.ApplicationDispatcher.forward(ApplicationDispatcher.java:267)
		at pt.isel.gape.web.controller.DashboardServletSupport.forward(DashboardServletSupport.java:121)
		at pt.isel.gape.web.controller.CourseManagementServlet.showList(CourseManagementServlet.java:342)
		at pt.isel.gape.web.controller.CourseManagementServlet.doGet(CourseManagementServlet.java:189)
		at jakarta.servlet.http.HttpServlet.service(HttpServlet.java:564)
		at jakarta.servlet.http.HttpServlet.service(HttpServlet.java:658)
		at org.apache.catalina.core.ApplicationFilterChain.internalDoFilter(ApplicationFilterChain.java:195)
		at org.apache.catalina.core.ApplicationFilterChain.doFilter(ApplicationFilterChain.java:140)
		at org.apache.tomcat.websocket.server.WsFilter.doFilter(WsFilter.java:51)
		at org.apache.catalina.core.ApplicationFilterChain.internalDoFilter(ApplicationFilterChain.java:164)
		at org.apache.catalina.core.ApplicationFilterChain.doFilter(ApplicationFilterChain.java:140)
		at pt.isel.gape.web.filter.DashboardEventUnreadFilter.doFilter(DashboardEventUnreadFilter.java:152)
		at org.apache.catalina.core.ApplicationFilterChain.internalDoFilter(ApplicationFilterChain.java:164)
		at org.apache.catalina.core.ApplicationFilterChain.doFilter(ApplicationFilterChain.java:140)
		at pt.isel.gape.web.filter.CsrfFilter.doFilter(CsrfFilter.java:48)
		at org.apache.catalina.core.ApplicationFilterChain.internalDoFilter(ApplicationFilterChain.java:164)
		at org.apache.catalina.core.ApplicationFilterChain.doFilter(ApplicationFilterChain.java:140)
		at pt.isel.gape.web.filter.AuthorizationFilter.doFilter(AuthorizationFilter.java:85)
		at org.apache.catalina.core.ApplicationFilterChain.internalDoFilter(ApplicationFilterChain.java:164)
		at org.apache.catalina.core.ApplicationFilterChain.doFilter(ApplicationFilterChain.java:140)
		at pt.isel.gape.web.filter.AuthenticationFilter.doFilter(AuthenticationFilter.java:87)
		at org.apache.catalina.core.ApplicationFilterChain.internalDoFilter(ApplicationFilterChain.java:164)
		at org.apache.catalina.core.ApplicationFilterChain.doFilter(ApplicationFilterChain.java:140)
		at pt.isel.gape.web.filter.SecurityHeadersFilter.doFilter(SecurityHeadersFilter.java:53)
		at org.apache.catalina.core.ApplicationFilterChain.internalDoFilter(ApplicationFilterChain.java:164)
		at org.apache.catalina.core.ApplicationFilterChain.doFilter(ApplicationFilterChain.java:140)
		at pt.isel.gape.web.filter.HttpsEnforcementFilter.doFilter(HttpsEnforcementFilter.java:36)
		at org.apache.catalina.core.ApplicationFilterChain.internalDoFilter(ApplicationFilterChain.java:164)
		at org.apache.catalina.core.ApplicationFilterChain.doFilter(ApplicationFilterChain.java:140)
		at org.apache.catalina.core.StandardWrapperValve.invoke(StandardWrapperValve.java:167)
		at org.apache.catalina.core.StandardContextValve.invoke(StandardContextValve.java:90)
		at org.apache.catalina.authenticator.AuthenticatorBase.invoke(AuthenticatorBase.java:482)
		at org.apache.catalina.core.StandardHostValve.invoke(StandardHostValve.java:115)
		at org.apache.catalina.valves.ErrorReportValve.invoke(ErrorReportValve.java:93)
		at org.apache.catalina.valves.AbstractAccessLogValve.invoke(AbstractAccessLogValve.java:663)
		at org.apache.catalina.core.StandardEngineValve.invoke(StandardEngineValve.java:74)
		at org.apache.catalina.connector.CoyoteAdapter.service(CoyoteAdapter.java:344)
		at org.apache.coyote.http11.Http11Processor.service(Http11Processor.java:389)
		at org.apache.coyote.AbstractProcessorLight.process(AbstractProcessorLight.java:63)
		at org.apache.coyote.AbstractProtocol$ConnectionHandler.process(AbstractProtocol.java:896)
		at org.apache.tomcat.util.net.NioEndpoint$SocketProcessor.doRun(NioEndpoint.java:1741)
		at org.apache.tomcat.util.net.SocketProcessorBase.run(SocketProcessorBase.java:52)
		at org.apache.tomcat.util.threads.ThreadPoolExecutor.runWorker(ThreadPoolExecutor.java:1190)
		at org.apache.tomcat.util.threads.ThreadPoolExecutor$Worker.run(ThreadPoolExecutor.java:659)
		at org.apache.tomcat.util.threads.TaskThread$WrappingRunnable.run(TaskThread.java:63)
		at java.base/java.lang.Thread.run(Thread.java:1474)
21-Jul-2026 00:09:34.384 SEVERE [http-nio-8080-exec-6] org.apache.catalina.core.StandardWrapperValve.invoke Servlet.service() for servlet [courseManagementServlet] in context with path [/GAPE] threw exception [org.apache.jasper.JasperException: java.lang.ClassNotFoundException: org.apache.jsp.coordinator.coordinator.course.coordinator_002dcourses_jsp] with root cause
	java.lang.ClassNotFoundException: org.apache.jsp.coordinator.coordinator.course.coordinator_002dcourses_jsp
		at java.base/java.net.URLClassLoader.findClass(URLClassLoader.java:377)
		at org.apache.jasper.servlet.JasperLoader.loadClass(JasperLoader.java:129)
		at org.apache.jasper.servlet.JasperLoader.loadClass(JasperLoader.java:58)
		at org.apache.catalina.core.DefaultInstanceManager.newInstance(DefaultInstanceManager.java:151)
		at org.apache.jasper.servlet.JspServletWrapper.getServlet(JspServletWrapper.java:189)
		at org.apache.jasper.servlet.JspServletWrapper.service(JspServletWrapper.java:410)
		at org.apache.jasper.servlet.JspServlet.serviceJspFile(JspServlet.java:380)
		at org.apache.jasper.servlet.JspServlet.service(JspServlet.java:328)
		at jakarta.servlet.http.HttpServlet.service(HttpServlet.java:658)
		at org.apache.catalina.core.ApplicationFilterChain.internalDoFilter(ApplicationFilterChain.java:195)
		at org.apache.catalina.core.ApplicationFilterChain.doFilter(ApplicationFilterChain.java:140)
		at org.apache.tomcat.websocket.server.WsFilter.doFilter(WsFilter.java:51)
		at org.apache.catalina.core.ApplicationFilterChain.internalDoFilter(ApplicationFilterChain.java:164)
		at org.apache.catalina.core.ApplicationFilterChain.doFilter(ApplicationFilterChain.java:140)
		at org.apache.catalina.core.ApplicationDispatcher.invoke(ApplicationDispatcher.java:632)
		at org.apache.catalina.core.ApplicationDispatcher.processRequest(ApplicationDispatcher.java:408)
		at org.apache.catalina.core.ApplicationDispatcher.doForward(ApplicationDispatcher.java:330)
		at org.apache.catalina.core.ApplicationDispatcher.forward(ApplicationDispatcher.java:267)
		at pt.isel.gape.web.controller.DashboardServletSupport.forward(DashboardServletSupport.java:121)
		at pt.isel.gape.web.controller.CourseManagementServlet.showList(CourseManagementServlet.java:342)
		at pt.isel.gape.web.controller.CourseManagementServlet.doGet(CourseManagementServlet.java:189)
		at jakarta.servlet.http.HttpServlet.service(HttpServlet.java:564)
		at jakarta.servlet.http.HttpServlet.service(HttpServlet.java:658)
		at org.apache.catalina.core.ApplicationFilterChain.internalDoFilter(ApplicationFilterChain.java:195)
		at org.apache.catalina.core.ApplicationFilterChain.doFilter(ApplicationFilterChain.java:140)
		at org.apache.tomcat.websocket.server.WsFilter.doFilter(WsFilter.java:51)
		at org.apache.catalina.core.ApplicationFilterChain.internalDoFilter(ApplicationFilterChain.java:164)
		at org.apache.catalina.core.ApplicationFilterChain.doFilter(ApplicationFilterChain.java:140)
		at pt.isel.gape.web.filter.DashboardEventUnreadFilter.doFilter(DashboardEventUnreadFilter.java:152)
		at org.apache.catalina.core.ApplicationFilterChain.internalDoFilter(ApplicationFilterChain.java:164)
		at org.apache.catalina.core.ApplicationFilterChain.doFilter(ApplicationFilterChain.java:140)
		at pt.isel.gape.web.filter.CsrfFilter.doFilter(CsrfFilter.java:48)
		at org.apache.catalina.core.ApplicationFilterChain.internalDoFilter(ApplicationFilterChain.java:164)
		at org.apache.catalina.core.ApplicationFilterChain.doFilter(ApplicationFilterChain.java:140)
		at pt.isel.gape.web.filter.AuthorizationFilter.doFilter(AuthorizationFilter.java:85)
		at org.apache.catalina.core.ApplicationFilterChain.internalDoFilter(ApplicationFilterChain.java:164)
		at org.apache.catalina.core.ApplicationFilterChain.doFilter(ApplicationFilterChain.java:140)
		at pt.isel.gape.web.filter.AuthenticationFilter.doFilter(AuthenticationFilter.java:87)
		at org.apache.catalina.core.ApplicationFilterChain.internalDoFilter(ApplicationFilterChain.java:164)
		at org.apache.catalina.core.ApplicationFilterChain.doFilter(ApplicationFilterChain.java:140)
		at pt.isel.gape.web.filter.SecurityHeadersFilter.doFilter(SecurityHeadersFilter.java:53)
		at org.apache.catalina.core.ApplicationFilterChain.internalDoFilter(ApplicationFilterChain.java:164)
		at org.apache.catalina.core.ApplicationFilterChain.doFilter(ApplicationFilterChain.java:140)
		at pt.isel.gape.web.filter.HttpsEnforcementFilter.doFilter(HttpsEnforcementFilter.java:36)
		at org.apache.catalina.core.ApplicationFilterChain.internalDoFilter(ApplicationFilterChain.java:164)
		at org.apache.catalina.core.ApplicationFilterChain.doFilter(ApplicationFilterChain.java:140)
		at org.apache.catalina.core.StandardWrapperValve.invoke(StandardWrapperValve.java:167)
		at org.apache.catalina.core.StandardContextValve.invoke(StandardContextValve.java:90)
		at org.apache.catalina.authenticator.AuthenticatorBase.invoke(AuthenticatorBase.java:482)
		at org.apache.catalina.core.StandardHostValve.invoke(StandardHostValve.java:115)
		at org.apache.catalina.valves.ErrorReportValve.invoke(ErrorReportValve.java:93)
		at org.apache.catalina.valves.AbstractAccessLogValve.invoke(AbstractAccessLogValve.java:663)
		at org.apache.catalina.core.StandardEngineValve.invoke(StandardEngineValve.java:74)
		at org.apache.catalina.connector.CoyoteAdapter.service(CoyoteAdapter.java:344)
		at org.apache.coyote.http11.Http11Processor.service(Http11Processor.java:389)
		at org.apache.coyote.AbstractProcessorLight.process(AbstractProcessorLight.java:63)
		at org.apache.coyote.AbstractProtocol$ConnectionHandler.process(AbstractProtocol.java:896)
		at org.apache.tomcat.util.net.NioEndpoint$SocketProcessor.doRun(NioEndpoint.java:1741)
		at org.apache.tomcat.util.net.SocketProcessorBase.run(SocketProcessorBase.java:52)
		at org.apache.tomcat.util.threads.ThreadPoolExecutor.runWorker(ThreadPoolExecutor.java:1190)
		at org.apache.tomcat.util.threads.ThreadPoolExecutor$Worker.run(ThreadPoolExecutor.java:659)
		at org.apache.tomcat.util.threads.TaskThread$WrappingRunnable.run(TaskThread.java:63)
		at java.base/java.lang.Thread.run(Thread.java:1474)
21-Jul-2026 00:09:39.812 SEVERE [http-nio-8080-exec-3] org.apache.catalina.core.ApplicationDispatcher.invoke Servlet.service() for servlet [jsp] threw exception
	org.apache.jasper.JasperException: /coordinator/coordinator/subject/coordinator-subjects.jsp (line: [967], column: [0]) Unterminated [&lt;c:if] tag
		at org.apache.jasper.compiler.DefaultErrorHandler.jspError(DefaultErrorHandler.java:41)
		at org.apache.jasper.compiler.ErrorDispatcher.dispatch(ErrorDispatcher.java:299)
		at org.apache.jasper.compiler.ErrorDispatcher.jspError(ErrorDispatcher.java:99)
		at org.apache.jasper.compiler.Parser.parseBody(Parser.java:1695)
		at org.apache.jasper.compiler.Parser.parseOptionalBody(Parser.java:1014)
		at org.apache.jasper.compiler.Parser.parseCustomTag(Parser.java:1289)
		at org.apache.jasper.compiler.Parser.parseElements(Parser.java:1469)
		at org.apache.jasper.compiler.Parser.parse(Parser.java:138)
		at org.apache.jasper.compiler.ParserController.doParse(ParserController.java:245)
		at org.apache.jasper.compiler.ParserController.parse(ParserController.java:106)
		at org.apache.jasper.compiler.Compiler.generateJava(Compiler.java:211)
		at org.apache.jasper.compiler.Compiler.compile(Compiler.java:396)
		at org.apache.jasper.compiler.Compiler.compile(Compiler.java:372)
		at org.apache.jasper.compiler.Compiler.compile(Compiler.java:356)
		at org.apache.jasper.JspCompilationContext.compile(JspCompilationContext.java:603)
		at org.apache.jasper.servlet.JspServletWrapper.service(JspServletWrapper.java:396)
		at org.apache.jasper.servlet.JspServlet.serviceJspFile(JspServlet.java:380)
		at org.apache.jasper.servlet.JspServlet.service(JspServlet.java:328)
		at jakarta.servlet.http.HttpServlet.service(HttpServlet.java:658)
		at org.apache.catalina.core.ApplicationFilterChain.internalDoFilter(ApplicationFilterChain.java:195)
		at org.apache.catalina.core.ApplicationFilterChain.doFilter(ApplicationFilterChain.java:140)
		at org.apache.tomcat.websocket.server.WsFilter.doFilter(WsFilter.java:51)
		at org.apache.catalina.core.ApplicationFilterChain.internalDoFilter(ApplicationFilterChain.java:164)
		at org.apache.catalina.core.ApplicationFilterChain.doFilter(ApplicationFilterChain.java:140)
		at org.apache.catalina.core.ApplicationDispatcher.invoke(ApplicationDispatcher.java:632)
		at org.apache.catalina.core.ApplicationDispatcher.processRequest(ApplicationDispatcher.java:408)
		at org.apache.catalina.core.ApplicationDispatcher.doForward(ApplicationDispatcher.java:330)
		at org.apache.catalina.core.ApplicationDispatcher.forward(ApplicationDispatcher.java:267)
		at pt.isel.gape.web.controller.DashboardServletSupport.forward(DashboardServletSupport.java:121)
		at pt.isel.gape.web.controller.SubjectManagementServlet.showList(SubjectManagementServlet.java:346)
		at pt.isel.gape.web.controller.SubjectManagementServlet.doGet(SubjectManagementServlet.java:200)
		at jakarta.servlet.http.HttpServlet.service(HttpServlet.java:564)
		at jakarta.servlet.http.HttpServlet.service(HttpServlet.java:658)
		at org.apache.catalina.core.ApplicationFilterChain.internalDoFilter(ApplicationFilterChain.java:195)
		at org.apache.catalina.core.ApplicationFilterChain.doFilter(ApplicationFilterChain.java:140)
		at org.apache.tomcat.websocket.server.WsFilter.doFilter(WsFilter.java:51)
		at org.apache.catalina.core.ApplicationFilterChain.internalDoFilter(ApplicationFilterChain.java:164)
		at org.apache.catalina.core.ApplicationFilterChain.doFilter(ApplicationFilterChain.java:140)
		at pt.isel.gape.web.filter.DashboardEventUnreadFilter.doFilter(DashboardEventUnreadFilter.java:152)
		at org.apache.catalina.core.ApplicationFilterChain.internalDoFilter(ApplicationFilterChain.java:164)
		at org.apache.catalina.core.ApplicationFilterChain.doFilter(ApplicationFilterChain.java:140)
		at pt.isel.gape.web.filter.CsrfFilter.doFilter(CsrfFilter.java:48)
		at org.apache.catalina.core.ApplicationFilterChain.internalDoFilter(ApplicationFilterChain.java:164)
		at org.apache.catalina.core.ApplicationFilterChain.doFilter(ApplicationFilterChain.java:140)
		at pt.isel.gape.web.filter.AuthorizationFilter.doFilter(AuthorizationFilter.java:85)
		at org.apache.catalina.core.ApplicationFilterChain.internalDoFilter(ApplicationFilterChain.java:164)
		at org.apache.catalina.core.ApplicationFilterChain.doFilter(ApplicationFilterChain.java:140)
		at pt.isel.gape.web.filter.AuthenticationFilter.doFilter(AuthenticationFilter.java:87)
		at org.apache.catalina.core.ApplicationFilterChain.internalDoFilter(ApplicationFilterChain.java:164)
		at org.apache.catalina.core.ApplicationFilterChain.doFilter(ApplicationFilterChain.java:140)
		at pt.isel.gape.web.filter.SecurityHeadersFilter.doFilter(SecurityHeadersFilter.java:53)
		at org.apache.catalina.core.ApplicationFilterChain.internalDoFilter(ApplicationFilterChain.java:164)
		at org.apache.catalina.core.ApplicationFilterChain.doFilter(ApplicationFilterChain.java:140)
		at pt.isel.gape.web.filter.HttpsEnforcementFilter.doFilter(HttpsEnforcementFilter.java:36)
		at org.apache.catalina.core.ApplicationFilterChain.internalDoFilter(ApplicationFilterChain.java:164)
		at org.apache.catalina.core.ApplicationFilterChain.doFilter(ApplicationFilterChain.java:140)
		at org.apache.catalina.core.StandardWrapperValve.invoke(StandardWrapperValve.java:167)
		at org.apache.catalina.core.StandardContextValve.invoke(StandardContextValve.java:90)
		at org.apache.catalina.authenticator.AuthenticatorBase.invoke(AuthenticatorBase.java:482)
		at org.apache.catalina.core.StandardHostValve.invoke(StandardHostValve.java:115)
		at org.apache.catalina.valves.ErrorReportValve.invoke(ErrorReportValve.java:93)
		at org.apache.catalina.valves.AbstractAccessLogValve.invoke(AbstractAccessLogValve.java:663)
		at org.apache.catalina.core.StandardEngineValve.invoke(StandardEngineValve.java:74)
		at org.apache.catalina.connector.CoyoteAdapter.service(CoyoteAdapter.java:344)
		at org.apache.coyote.http11.Http11Processor.service(Http11Processor.java:389)
		at org.apache.coyote.AbstractProcessorLight.process(AbstractProcessorLight.java:63)
		at org.apache.coyote.AbstractProtocol$ConnectionHandler.process(AbstractProtocol.java:896)
		at org.apache.tomcat.util.net.NioEndpoint$SocketProcessor.doRun(NioEndpoint.java:1741)
		at org.apache.tomcat.util.net.SocketProcessorBase.run(SocketProcessorBase.java:52)
		at org.apache.tomcat.util.threads.ThreadPoolExecutor.runWorker(ThreadPoolExecutor.java:1190)
		at org.apache.tomcat.util.threads.ThreadPoolExecutor$Worker.run(ThreadPoolExecutor.java:659)
		at org.apache.tomcat.util.threads.TaskThread$WrappingRunnable.run(TaskThread.java:63)
		at java.base/java.lang.Thread.run(Thread.java:1474)
21-Jul-2026 00:09:39.812 SEVERE [http-nio-8080-exec-3] org.apache.catalina.core.StandardWrapperValve.invoke Servlet.service() for servlet [subjectManagementServlet] in context with path [/GAPE] threw exception [/coordinator/coordinator/subject/coordinator-subjects.jsp (line: [967], column: [0]) Unterminated [&lt;c:if] tag] with root cause
	org.apache.jasper.JasperException: /coordinator/coordinator/subject/coordinator-subjects.jsp (line: [967], column: [0]) Unterminated [&lt;c:if] tag
		at org.apache.jasper.compiler.DefaultErrorHandler.jspError(DefaultErrorHandler.java:41)
		at org.apache.jasper.compiler.ErrorDispatcher.dispatch(ErrorDispatcher.java:299)
		at org.apache.jasper.compiler.ErrorDispatcher.jspError(ErrorDispatcher.java:99)
		at org.apache.jasper.compiler.Parser.parseBody(Parser.java:1695)
		at org.apache.jasper.compiler.Parser.parseOptionalBody(Parser.java:1014)
		at org.apache.jasper.compiler.Parser.parseCustomTag(Parser.java:1289)
		at org.apache.jasper.compiler.Parser.parseElements(Parser.java:1469)
		at org.apache.jasper.compiler.Parser.parse(Parser.java:138)
		at org.apache.jasper.compiler.ParserController.doParse(ParserController.java:245)
		at org.apache.jasper.compiler.ParserController.parse(ParserController.java:106)
		at org.apache.jasper.compiler.Compiler.generateJava(Compiler.java:211)
		at org.apache.jasper.compiler.Compiler.compile(Compiler.java:396)
		at org.apache.jasper.compiler.Compiler.compile(Compiler.java:372)
		at org.apache.jasper.compiler.Compiler.compile(Compiler.java:356)
		at org.apache.jasper.JspCompilationContext.compile(JspCompilationContext.java:603)
		at org.apache.jasper.servlet.JspServletWrapper.service(JspServletWrapper.java:396)
		at org.apache.jasper.servlet.JspServlet.serviceJspFile(JspServlet.java:380)
		at org.apache.jasper.servlet.JspServlet.service(JspServlet.java:328)
		at jakarta.servlet.http.HttpServlet.service(HttpServlet.java:658)
		at org.apache.catalina.core.ApplicationFilterChain.internalDoFilter(ApplicationFilterChain.java:195)
		at org.apache.catalina.core.ApplicationFilterChain.doFilter(ApplicationFilterChain.java:140)
		at org.apache.tomcat.websocket.server.WsFilter.doFilter(WsFilter.java:51)
		at org.apache.catalina.core.ApplicationFilterChain.internalDoFilter(ApplicationFilterChain.java:164)
		at org.apache.catalina.core.ApplicationFilterChain.doFilter(ApplicationFilterChain.java:140)
		at org.apache.catalina.core.ApplicationDispatcher.invoke(ApplicationDispatcher.java:632)
		at org.apache.catalina.core.ApplicationDispatcher.processRequest(ApplicationDispatcher.java:408)
		at org.apache.catalina.core.ApplicationDispatcher.doForward(ApplicationDispatcher.java:330)
		at org.apache.catalina.core.ApplicationDispatcher.forward(ApplicationDispatcher.java:267)
		at pt.isel.gape.web.controller.DashboardServletSupport.forward(DashboardServletSupport.java:121)
		at pt.isel.gape.web.controller.SubjectManagementServlet.showList(SubjectManagementServlet.java:346)
		at pt.isel.gape.web.controller.SubjectManagementServlet.doGet(SubjectManagementServlet.java:200)
		at jakarta.servlet.http.HttpServlet.service(HttpServlet.java:564)
		at jakarta.servlet.http.HttpServlet.service(HttpServlet.java:658)
		at org.apache.catalina.core.ApplicationFilterChain.internalDoFilter(ApplicationFilterChain.java:195)
		at org.apache.catalina.core.ApplicationFilterChain.doFilter(ApplicationFilterChain.java:140)
		at org.apache.tomcat.websocket.server.WsFilter.doFilter(WsFilter.java:51)
		at org.apache.catalina.core.ApplicationFilterChain.internalDoFilter(ApplicationFilterChain.java:164)
		at org.apache.catalina.core.ApplicationFilterChain.doFilter(ApplicationFilterChain.java:140)
		at pt.isel.gape.web.filter.DashboardEventUnreadFilter.doFilter(DashboardEventUnreadFilter.java:152)
		at org.apache.catalina.core.ApplicationFilterChain.internalDoFilter(ApplicationFilterChain.java:164)
		at org.apache.catalina.core.ApplicationFilterChain.doFilter(ApplicationFilterChain.java:140)
		at pt.isel.gape.web.filter.CsrfFilter.doFilter(CsrfFilter.java:48)
		at org.apache.catalina.core.ApplicationFilterChain.internalDoFilter(ApplicationFilterChain.java:164)
		at org.apache.catalina.core.ApplicationFilterChain.doFilter(ApplicationFilterChain.java:140)
		at pt.isel.gape.web.filter.AuthorizationFilter.doFilter(AuthorizationFilter.java:85)
		at org.apache.catalina.core.ApplicationFilterChain.internalDoFilter(ApplicationFilterChain.java:164)
		at org.apache.catalina.core.ApplicationFilterChain.doFilter(ApplicationFilterChain.java:140)
		at pt.isel.gape.web.filter.AuthenticationFilter.doFilter(AuthenticationFilter.java:87)
		at org.apache.catalina.core.ApplicationFilterChain.internalDoFilter(ApplicationFilterChain.java:164)
		at org.apache.catalina.core.ApplicationFilterChain.doFilter(ApplicationFilterChain.java:140)
		at pt.isel.gape.web.filter.SecurityHeadersFilter.doFilter(SecurityHeadersFilter.java:53)
		at org.apache.catalina.core.ApplicationFilterChain.internalDoFilter(ApplicationFilterChain.java:164)
		at org.apache.catalina.core.ApplicationFilterChain.doFilter(ApplicationFilterChain.java:140)
		at pt.isel.gape.web.filter.HttpsEnforcementFilter.doFilter(HttpsEnforcementFilter.java:36)
		at org.apache.catalina.core.ApplicationFilterChain.internalDoFilter(ApplicationFilterChain.java:164)
		at org.apache.catalina.core.ApplicationFilterChain.doFilter(ApplicationFilterChain.java:140)
		at org.apache.catalina.core.StandardWrapperValve.invoke(StandardWrapperValve.java:167)
		at org.apache.catalina.core.StandardContextValve.invoke(StandardContextValve.java:90)
		at org.apache.catalina.authenticator.AuthenticatorBase.invoke(AuthenticatorBase.java:482)
		at org.apache.catalina.core.StandardHostValve.invoke(StandardHostValve.java:115)
		at org.apache.catalina.valves.ErrorReportValve.invoke(ErrorReportValve.java:93)
		at org.apache.catalina.valves.AbstractAccessLogValve.invoke(AbstractAccessLogValve.java:663)
		at org.apache.catalina.core.StandardEngineValve.invoke(StandardEngineValve.java:74)
		at org.apache.catalina.connector.CoyoteAdapter.service(CoyoteAdapter.java:344)
		at org.apache.coyote.http11.Http11Processor.service(Http11Processor.java:389)
		at org.apache.coyote.AbstractProcessorLight.process(AbstractProcessorLight.java:63)
		at org.apache.coyote.AbstractProtocol$ConnectionHandler.process(AbstractProtocol.java:896)
		at org.apache.tomcat.util.net.NioEndpoint$SocketProcessor.doRun(NioEndpoint.java:1741)
		at org.apache.tomcat.util.net.SocketProcessorBase.run(SocketProcessorBase.java:52)
		at org.apache.tomcat.util.threads.ThreadPoolExecutor.runWorker(ThreadPoolExecutor.java:1190)
		at org.apache.tomcat.util.threads.ThreadPoolExecutor$Worker.run(ThreadPoolExecutor.java:659)
		at org.apache.tomcat.util.threads.TaskThread$WrappingRunnable.run(TaskThread.java:63)
		at java.base/java.lang.Thread.run(Thread.java:1474)
21-Jul-2026 00:09:40.050 SEVERE [http-nio-8080-exec-6] org.apache.catalina.core.ApplicationDispatcher.invoke Servlet.service() for servlet [jsp] threw exception
	java.lang.ClassNotFoundException: org.apache.jsp.coordinator.coordinator.subject.coordinator_002dsubjects_jsp
		at java.base/java.net.URLClassLoader.findClass(URLClassLoader.java:377)
		at org.apache.jasper.servlet.JasperLoader.loadClass(JasperLoader.java:129)
		at org.apache.jasper.servlet.JasperLoader.loadClass(JasperLoader.java:58)
		at org.apache.catalina.core.DefaultInstanceManager.newInstance(DefaultInstanceManager.java:151)
		at org.apache.jasper.servlet.JspServletWrapper.getServlet(JspServletWrapper.java:189)
		at org.apache.jasper.servlet.JspServletWrapper.service(JspServletWrapper.java:410)
		at org.apache.jasper.servlet.JspServlet.serviceJspFile(JspServlet.java:380)
		at org.apache.jasper.servlet.JspServlet.service(JspServlet.java:328)
		at jakarta.servlet.http.HttpServlet.service(HttpServlet.java:658)
		at org.apache.catalina.core.ApplicationFilterChain.internalDoFilter(ApplicationFilterChain.java:195)
		at org.apache.catalina.core.ApplicationFilterChain.doFilter(ApplicationFilterChain.java:140)
		at org.apache.tomcat.websocket.server.WsFilter.doFilter(WsFilter.java:51)
		at org.apache.catalina.core.ApplicationFilterChain.internalDoFilter(ApplicationFilterChain.java:164)
		at org.apache.catalina.core.ApplicationFilterChain.doFilter(ApplicationFilterChain.java:140)
		at org.apache.catalina.core.ApplicationDispatcher.invoke(ApplicationDispatcher.java:632)
		at org.apache.catalina.core.ApplicationDispatcher.processRequest(ApplicationDispatcher.java:408)
		at org.apache.catalina.core.ApplicationDispatcher.doForward(ApplicationDispatcher.java:330)
		at org.apache.catalina.core.ApplicationDispatcher.forward(ApplicationDispatcher.java:267)
		at pt.isel.gape.web.controller.DashboardServletSupport.forward(DashboardServletSupport.java:121)
		at pt.isel.gape.web.controller.SubjectManagementServlet.showList(SubjectManagementServlet.java:346)
		at pt.isel.gape.web.controller.SubjectManagementServlet.doGet(SubjectManagementServlet.java:200)
		at jakarta.servlet.http.HttpServlet.service(HttpServlet.java:564)
		at jakarta.servlet.http.HttpServlet.service(HttpServlet.java:658)
		at org.apache.catalina.core.ApplicationFilterChain.internalDoFilter(ApplicationFilterChain.java:195)
		at org.apache.catalina.core.ApplicationFilterChain.doFilter(ApplicationFilterChain.java:140)
		at org.apache.tomcat.websocket.server.WsFilter.doFilter(WsFilter.java:51)
		at org.apache.catalina.core.ApplicationFilterChain.internalDoFilter(ApplicationFilterChain.java:164)
		at org.apache.catalina.core.ApplicationFilterChain.doFilter(ApplicationFilterChain.java:140)
		at pt.isel.gape.web.filter.DashboardEventUnreadFilter.doFilter(DashboardEventUnreadFilter.java:152)
		at org.apache.catalina.core.ApplicationFilterChain.internalDoFilter(ApplicationFilterChain.java:164)
		at org.apache.catalina.core.ApplicationFilterChain.doFilter(ApplicationFilterChain.java:140)
		at pt.isel.gape.web.filter.CsrfFilter.doFilter(CsrfFilter.java:48)
		at org.apache.catalina.core.ApplicationFilterChain.internalDoFilter(ApplicationFilterChain.java:164)
		at org.apache.catalina.core.ApplicationFilterChain.doFilter(ApplicationFilterChain.java:140)
		at pt.isel.gape.web.filter.AuthorizationFilter.doFilter(AuthorizationFilter.java:85)
		at org.apache.catalina.core.ApplicationFilterChain.internalDoFilter(ApplicationFilterChain.java:164)
		at org.apache.catalina.core.ApplicationFilterChain.doFilter(ApplicationFilterChain.java:140)
		at pt.isel.gape.web.filter.AuthenticationFilter.doFilter(AuthenticationFilter.java:87)
		at org.apache.catalina.core.ApplicationFilterChain.internalDoFilter(ApplicationFilterChain.java:164)
		at org.apache.catalina.core.ApplicationFilterChain.doFilter(ApplicationFilterChain.java:140)
		at pt.isel.gape.web.filter.SecurityHeadersFilter.doFilter(SecurityHeadersFilter.java:53)
		at org.apache.catalina.core.ApplicationFilterChain.internalDoFilter(ApplicationFilterChain.java:164)
		at org.apache.catalina.core.ApplicationFilterChain.doFilter(ApplicationFilterChain.java:140)
		at pt.isel.gape.web.filter.HttpsEnforcementFilter.doFilter(HttpsEnforcementFilter.java:36)
		at org.apache.catalina.core.ApplicationFilterChain.internalDoFilter(ApplicationFilterChain.java:164)
		at org.apache.catalina.core.ApplicationFilterChain.doFilter(ApplicationFilterChain.java:140)
		at org.apache.catalina.core.StandardWrapperValve.invoke(StandardWrapperValve.java:167)
		at org.apache.catalina.core.StandardContextValve.invoke(StandardContextValve.java:90)
		at org.apache.catalina.authenticator.AuthenticatorBase.invoke(AuthenticatorBase.java:482)
		at org.apache.catalina.core.StandardHostValve.invoke(StandardHostValve.java:115)
		at org.apache.catalina.valves.ErrorReportValve.invoke(ErrorReportValve.java:93)
		at org.apache.catalina.valves.AbstractAccessLogValve.invoke(AbstractAccessLogValve.java:663)
		at org.apache.catalina.core.StandardEngineValve.invoke(StandardEngineValve.java:74)
		at org.apache.catalina.connector.CoyoteAdapter.service(CoyoteAdapter.java:344)
		at org.apache.coyote.http11.Http11Processor.service(Http11Processor.java:389)
		at org.apache.coyote.AbstractProcessorLight.process(AbstractProcessorLight.java:63)
		at org.apache.coyote.AbstractProtocol$ConnectionHandler.process(AbstractProtocol.java:896)
		at org.apache.tomcat.util.net.NioEndpoint$SocketProcessor.doRun(NioEndpoint.java:1741)
		at org.apache.tomcat.util.net.SocketProcessorBase.run(SocketProcessorBase.java:52)
		at org.apache.tomcat.util.threads.ThreadPoolExecutor.runWorker(ThreadPoolExecutor.java:1190)
		at org.apache.tomcat.util.threads.ThreadPoolExecutor$Worker.run(ThreadPoolExecutor.java:659)
		at org.apache.tomcat.util.threads.TaskThread$WrappingRunnable.run(TaskThread.java:63)
		at java.base/java.lang.Thread.run(Thread.java:1474)
21-Jul-2026 00:09:40.050 SEVERE [http-nio-8080-exec-6] org.apache.catalina.core.StandardWrapperValve.invoke Servlet.service() for servlet [subjectManagementServlet] in context with path [/GAPE] threw exception [org.apache.jasper.JasperException: java.lang.ClassNotFoundException: org.apache.jsp.coordinator.coordinator.subject.coordinator_002dsubjects_jsp] with root cause
	java.lang.ClassNotFoundException: org.apache.jsp.coordinator.coordinator.subject.coordinator_002dsubjects_jsp
		at java.base/java.net.URLClassLoader.findClass(URLClassLoader.java:377)
		at org.apache.jasper.servlet.JasperLoader.loadClass(JasperLoader.java:129)
		at org.apache.jasper.servlet.JasperLoader.loadClass(JasperLoader.java:58)
		at org.apache.catalina.core.DefaultInstanceManager.newInstance(DefaultInstanceManager.java:151)
		at org.apache.jasper.servlet.JspServletWrapper.getServlet(JspServletWrapper.java:189)
		at org.apache.jasper.servlet.JspServletWrapper.service(JspServletWrapper.java:410)
		at org.apache.jasper.servlet.JspServlet.serviceJspFile(JspServlet.java:380)
		at org.apache.jasper.servlet.JspServlet.service(JspServlet.java:328)
		at jakarta.servlet.http.HttpServlet.service(HttpServlet.java:658)
		at org.apache.catalina.core.ApplicationFilterChain.internalDoFilter(ApplicationFilterChain.java:195)
		at org.apache.catalina.core.ApplicationFilterChain.doFilter(ApplicationFilterChain.java:140)
		at org.apache.tomcat.websocket.server.WsFilter.doFilter(WsFilter.java:51)
		at org.apache.catalina.core.ApplicationFilterChain.internalDoFilter(ApplicationFilterChain.java:164)
		at org.apache.catalina.core.ApplicationFilterChain.doFilter(ApplicationFilterChain.java:140)
		at org.apache.catalina.core.ApplicationDispatcher.invoke(ApplicationDispatcher.java:632)
		at org.apache.catalina.core.ApplicationDispatcher.processRequest(ApplicationDispatcher.java:408)
		at org.apache.catalina.core.ApplicationDispatcher.doForward(ApplicationDispatcher.java:330)
		at org.apache.catalina.core.ApplicationDispatcher.forward(ApplicationDispatcher.java:267)
		at pt.isel.gape.web.controller.DashboardServletSupport.forward(DashboardServletSupport.java:121)
		at pt.isel.gape.web.controller.SubjectManagementServlet.showList(SubjectManagementServlet.java:346)
		at pt.isel.gape.web.controller.SubjectManagementServlet.doGet(SubjectManagementServlet.java:200)
		at jakarta.servlet.http.HttpServlet.service(HttpServlet.java:564)
		at jakarta.servlet.http.HttpServlet.service(HttpServlet.java:658)
		at org.apache.catalina.core.ApplicationFilterChain.internalDoFilter(ApplicationFilterChain.java:195)
		at org.apache.catalina.core.ApplicationFilterChain.doFilter(ApplicationFilterChain.java:140)
		at org.apache.tomcat.websocket.server.WsFilter.doFilter(WsFilter.java:51)
		at org.apache.catalina.core.ApplicationFilterChain.internalDoFilter(ApplicationFilterChain.java:164)
		at org.apache.catalina.core.ApplicationFilterChain.doFilter(ApplicationFilterChain.java:140)
		at pt.isel.gape.web.filter.DashboardEventUnreadFilter.doFilter(DashboardEventUnreadFilter.java:152)
		at org.apache.catalina.core.ApplicationFilterChain.internalDoFilter(ApplicationFilterChain.java:164)
		at org.apache.catalina.core.ApplicationFilterChain.doFilter(ApplicationFilterChain.java:140)
		at pt.isel.gape.web.filter.CsrfFilter.doFilter(CsrfFilter.java:48)
		at org.apache.catalina.core.ApplicationFilterChain.internalDoFilter(ApplicationFilterChain.java:164)
		at org.apache.catalina.core.ApplicationFilterChain.doFilter(ApplicationFilterChain.java:140)
		at pt.isel.gape.web.filter.AuthorizationFilter.doFilter(AuthorizationFilter.java:85)
		at org.apache.catalina.core.ApplicationFilterChain.internalDoFilter(ApplicationFilterChain.java:164)
		at org.apache.catalina.core.ApplicationFilterChain.doFilter(ApplicationFilterChain.java:140)
		at pt.isel.gape.web.filter.AuthenticationFilter.doFilter(AuthenticationFilter.java:87)
		at org.apache.catalina.core.ApplicationFilterChain.internalDoFilter(ApplicationFilterChain.java:164)
		at org.apache.catalina.core.ApplicationFilterChain.doFilter(ApplicationFilterChain.java:140)
		at pt.isel.gape.web.filter.SecurityHeadersFilter.doFilter(SecurityHeadersFilter.java:53)
		at org.apache.catalina.core.ApplicationFilterChain.internalDoFilter(ApplicationFilterChain.java:164)
		at org.apache.catalina.core.ApplicationFilterChain.doFilter(ApplicationFilterChain.java:140)
		at pt.isel.gape.web.filter.HttpsEnforcementFilter.doFilter(HttpsEnforcementFilter.java:36)
		at org.apache.catalina.core.ApplicationFilterChain.internalDoFilter(ApplicationFilterChain.java:164)
		at org.apache.catalina.core.ApplicationFilterChain.doFilter(ApplicationFilterChain.java:140)
		at org.apache.catalina.core.StandardWrapperValve.invoke(StandardWrapperValve.java:167)
		at org.apache.catalina.core.StandardContextValve.invoke(StandardContextValve.java:90)
		at org.apache.catalina.authenticator.AuthenticatorBase.invoke(AuthenticatorBase.java:482)
		at org.apache.catalina.core.StandardHostValve.invoke(StandardHostValve.java:115)
		at org.apache.catalina.valves.ErrorReportValve.invoke(ErrorReportValve.java:93)
		at org.apache.catalina.valves.AbstractAccessLogValve.invoke(AbstractAccessLogValve.java:663)
		at org.apache.catalina.core.StandardEngineValve.invoke(StandardEngineValve.java:74)
		at org.apache.catalina.connector.CoyoteAdapter.service(CoyoteAdapter.java:344)
		at org.apache.coyote.http11.Http11Processor.service(Http11Processor.java:389)
		at org.apache.coyote.AbstractProcessorLight.process(AbstractProcessorLight.java:63)
		at org.apache.coyote.AbstractProtocol$ConnectionHandler.process(AbstractProtocol.java:896)
		at org.apache.tomcat.util.net.NioEndpoint$SocketProcessor.doRun(NioEndpoint.java:1741)
		at org.apache.tomcat.util.net.SocketProcessorBase.run(SocketProcessorBase.java:52)
		at org.apache.tomcat.util.threads.ThreadPoolExecutor.runWorker(ThreadPoolExecutor.java:1190)
		at org.apache.tomcat.util.threads.ThreadPoolExecutor$Worker.run(ThreadPoolExecutor.java:659)
		at org.apache.tomcat.util.threads.TaskThread$WrappingRunnable.run(TaskThread.java:63)
		at java.base/java.lang.Thread.run(Thread.java:1474)
21-Jul-2026 00:09:51.113 SEVERE [http-nio-8080-exec-7] org.apache.catalina.core.ApplicationDispatcher.invoke Servlet.service() for servlet [jsp] threw exception
	org.apache.jasper.JasperException: /instructor/instructor/subject/instructor-subjects.jsp (line: [967], column: [0]) Unterminated [&lt;c:if] tag
		at org.apache.jasper.compiler.DefaultErrorHandler.jspError(DefaultErrorHandler.java:41)
		at org.apache.jasper.compiler.ErrorDispatcher.dispatch(ErrorDispatcher.java:299)
		at org.apache.jasper.compiler.ErrorDispatcher.jspError(ErrorDispatcher.java:99)
		at org.apache.jasper.compiler.Parser.parseBody(Parser.java:1695)
		at org.apache.jasper.compiler.Parser.parseOptionalBody(Parser.java:1014)
		at org.apache.jasper.compiler.Parser.parseCustomTag(Parser.java:1289)
		at org.apache.jasper.compiler.Parser.parseElements(Parser.java:1469)
		at org.apache.jasper.compiler.Parser.parse(Parser.java:138)
		at org.apache.jasper.compiler.ParserController.doParse(ParserController.java:245)
		at org.apache.jasper.compiler.ParserController.parse(ParserController.java:106)
		at org.apache.jasper.compiler.Compiler.generateJava(Compiler.java:211)
		at org.apache.jasper.compiler.Compiler.compile(Compiler.java:396)
		at org.apache.jasper.compiler.Compiler.compile(Compiler.java:372)
		at org.apache.jasper.compiler.Compiler.compile(Compiler.java:356)
		at org.apache.jasper.JspCompilationContext.compile(JspCompilationContext.java:603)
		at org.apache.jasper.servlet.JspServletWrapper.service(JspServletWrapper.java:396)
		at org.apache.jasper.servlet.JspServlet.serviceJspFile(JspServlet.java:380)
		at org.apache.jasper.servlet.JspServlet.service(JspServlet.java:328)
		at jakarta.servlet.http.HttpServlet.service(HttpServlet.java:658)
		at org.apache.catalina.core.ApplicationFilterChain.internalDoFilter(ApplicationFilterChain.java:195)
		at org.apache.catalina.core.ApplicationFilterChain.doFilter(ApplicationFilterChain.java:140)
		at org.apache.tomcat.websocket.server.WsFilter.doFilter(WsFilter.java:51)
		at org.apache.catalina.core.ApplicationFilterChain.internalDoFilter(ApplicationFilterChain.java:164)
		at org.apache.catalina.core.ApplicationFilterChain.doFilter(ApplicationFilterChain.java:140)
		at org.apache.catalina.core.ApplicationDispatcher.invoke(ApplicationDispatcher.java:632)
		at org.apache.catalina.core.ApplicationDispatcher.processRequest(ApplicationDispatcher.java:408)
		at org.apache.catalina.core.ApplicationDispatcher.doForward(ApplicationDispatcher.java:330)
		at org.apache.catalina.core.ApplicationDispatcher.forward(ApplicationDispatcher.java:267)
		at pt.isel.gape.web.controller.DashboardServletSupport.forward(DashboardServletSupport.java:121)
		at pt.isel.gape.web.controller.SubjectManagementServlet.showList(SubjectManagementServlet.java:346)
		at pt.isel.gape.web.controller.SubjectManagementServlet.doGet(SubjectManagementServlet.java:200)
		at jakarta.servlet.http.HttpServlet.service(HttpServlet.java:564)
		at jakarta.servlet.http.HttpServlet.service(HttpServlet.java:658)
		at org.apache.catalina.core.ApplicationFilterChain.internalDoFilter(ApplicationFilterChain.java:195)
		at org.apache.catalina.core.ApplicationFilterChain.doFilter(ApplicationFilterChain.java:140)
		at org.apache.tomcat.websocket.server.WsFilter.doFilter(WsFilter.java:51)
		at org.apache.catalina.core.ApplicationFilterChain.internalDoFilter(ApplicationFilterChain.java:164)
		at org.apache.catalina.core.ApplicationFilterChain.doFilter(ApplicationFilterChain.java:140)
		at pt.isel.gape.web.filter.DashboardEventUnreadFilter.doFilter(DashboardEventUnreadFilter.java:152)
		at org.apache.catalina.core.ApplicationFilterChain.internalDoFilter(ApplicationFilterChain.java:164)
		at org.apache.catalina.core.ApplicationFilterChain.doFilter(ApplicationFilterChain.java:140)
		at pt.isel.gape.web.filter.CsrfFilter.doFilter(CsrfFilter.java:48)
		at org.apache.catalina.core.ApplicationFilterChain.internalDoFilter(ApplicationFilterChain.java:164)
		at org.apache.catalina.core.ApplicationFilterChain.doFilter(ApplicationFilterChain.java:140)
		at pt.isel.gape.web.filter.AuthorizationFilter.doFilter(AuthorizationFilter.java:85)
		at org.apache.catalina.core.ApplicationFilterChain.internalDoFilter(ApplicationFilterChain.java:164)
		at org.apache.catalina.core.ApplicationFilterChain.doFilter(ApplicationFilterChain.java:140)
		at pt.isel.gape.web.filter.AuthenticationFilter.doFilter(AuthenticationFilter.java:87)
		at org.apache.catalina.core.ApplicationFilterChain.internalDoFilter(ApplicationFilterChain.java:164)
		at org.apache.catalina.core.ApplicationFilterChain.doFilter(ApplicationFilterChain.java:140)
		at pt.isel.gape.web.filter.SecurityHeadersFilter.doFilter(SecurityHeadersFilter.java:53)
		at org.apache.catalina.core.ApplicationFilterChain.internalDoFilter(ApplicationFilterChain.java:164)
		at org.apache.catalina.core.ApplicationFilterChain.doFilter(ApplicationFilterChain.java:140)
		at pt.isel.gape.web.filter.HttpsEnforcementFilter.doFilter(HttpsEnforcementFilter.java:36)
		at org.apache.catalina.core.ApplicationFilterChain.internalDoFilter(ApplicationFilterChain.java:164)
		at org.apache.catalina.core.ApplicationFilterChain.doFilter(ApplicationFilterChain.java:140)
		at org.apache.catalina.core.StandardWrapperValve.invoke(StandardWrapperValve.java:167)
		at org.apache.catalina.core.StandardContextValve.invoke(StandardContextValve.java:90)
		at org.apache.catalina.authenticator.AuthenticatorBase.invoke(AuthenticatorBase.java:482)
		at org.apache.catalina.core.StandardHostValve.invoke(StandardHostValve.java:115)
		at org.apache.catalina.valves.ErrorReportValve.invoke(ErrorReportValve.java:93)
		at org.apache.catalina.valves.AbstractAccessLogValve.invoke(AbstractAccessLogValve.java:663)
		at org.apache.catalina.core.StandardEngineValve.invoke(StandardEngineValve.java:74)
		at org.apache.catalina.connector.CoyoteAdapter.service(CoyoteAdapter.java:344)
		at org.apache.coyote.http11.Http11Processor.service(Http11Processor.java:389)
		at org.apache.coyote.AbstractProcessorLight.process(AbstractProcessorLight.java:63)
		at org.apache.coyote.AbstractProtocol$ConnectionHandler.process(AbstractProtocol.java:896)
		at org.apache.tomcat.util.net.NioEndpoint$SocketProcessor.doRun(NioEndpoint.java:1741)
		at org.apache.tomcat.util.net.SocketProcessorBase.run(SocketProcessorBase.java:52)
		at org.apache.tomcat.util.threads.ThreadPoolExecutor.runWorker(ThreadPoolExecutor.java:1190)
		at org.apache.tomcat.util.threads.ThreadPoolExecutor$Worker.run(ThreadPoolExecutor.java:659)
		at org.apache.tomcat.util.threads.TaskThread$WrappingRunnable.run(TaskThread.java:63)
		at java.base/java.lang.Thread.run(Thread.java:1474)
21-Jul-2026 00:09:51.113 SEVERE [http-nio-8080-exec-7] org.apache.catalina.core.StandardWrapperValve.invoke Servlet.service() for servlet [subjectManagementServlet] in context with path [/GAPE] threw exception [/instructor/instructor/subject/instructor-subjects.jsp (line: [967], column: [0]) Unterminated [&lt;c:if] tag] with root cause
	org.apache.jasper.JasperException: /instructor/instructor/subject/instructor-subjects.jsp (line: [967], column: [0]) Unterminated [&lt;c:if] tag
		at org.apache.jasper.compiler.DefaultErrorHandler.jspError(DefaultErrorHandler.java:41)
		at org.apache.jasper.compiler.ErrorDispatcher.dispatch(ErrorDispatcher.java:299)
		at org.apache.jasper.compiler.ErrorDispatcher.jspError(ErrorDispatcher.java:99)
		at org.apache.jasper.compiler.Parser.parseBody(Parser.java:1695)
		at org.apache.jasper.compiler.Parser.parseOptionalBody(Parser.java:1014)
		at org.apache.jasper.compiler.Parser.parseCustomTag(Parser.java:1289)
		at org.apache.jasper.compiler.Parser.parseElements(Parser.java:1469)
		at org.apache.jasper.compiler.Parser.parse(Parser.java:138)
		at org.apache.jasper.compiler.ParserController.doParse(ParserController.java:245)
		at org.apache.jasper.compiler.ParserController.parse(ParserController.java:106)
		at org.apache.jasper.compiler.Compiler.generateJava(Compiler.java:211)
		at org.apache.jasper.compiler.Compiler.compile(Compiler.java:396)
		at org.apache.jasper.compiler.Compiler.compile(Compiler.java:372)
		at org.apache.jasper.compiler.Compiler.compile(Compiler.java:356)
		at org.apache.jasper.JspCompilationContext.compile(JspCompilationContext.java:603)
		at org.apache.jasper.servlet.JspServletWrapper.service(JspServletWrapper.java:396)
		at org.apache.jasper.servlet.JspServlet.serviceJspFile(JspServlet.java:380)
		at org.apache.jasper.servlet.JspServlet.service(JspServlet.java:328)
		at jakarta.servlet.http.HttpServlet.service(HttpServlet.java:658)
		at org.apache.catalina.core.ApplicationFilterChain.internalDoFilter(ApplicationFilterChain.java:195)
		at org.apache.catalina.core.ApplicationFilterChain.doFilter(ApplicationFilterChain.java:140)
		at org.apache.tomcat.websocket.server.WsFilter.doFilter(WsFilter.java:51)
		at org.apache.catalina.core.ApplicationFilterChain.internalDoFilter(ApplicationFilterChain.java:164)
		at org.apache.catalina.core.ApplicationFilterChain.doFilter(ApplicationFilterChain.java:140)
		at org.apache.catalina.core.ApplicationDispatcher.invoke(ApplicationDispatcher.java:632)
		at org.apache.catalina.core.ApplicationDispatcher.processRequest(ApplicationDispatcher.java:408)
		at org.apache.catalina.core.ApplicationDispatcher.doForward(ApplicationDispatcher.java:330)
		at org.apache.catalina.core.ApplicationDispatcher.forward(ApplicationDispatcher.java:267)
		at pt.isel.gape.web.controller.DashboardServletSupport.forward(DashboardServletSupport.java:121)
		at pt.isel.gape.web.controller.SubjectManagementServlet.showList(SubjectManagementServlet.java:346)
		at pt.isel.gape.web.controller.SubjectManagementServlet.doGet(SubjectManagementServlet.java:200)
		at jakarta.servlet.http.HttpServlet.service(HttpServlet.java:564)
		at jakarta.servlet.http.HttpServlet.service(HttpServlet.java:658)
		at org.apache.catalina.core.ApplicationFilterChain.internalDoFilter(ApplicationFilterChain.java:195)
		at org.apache.catalina.core.ApplicationFilterChain.doFilter(ApplicationFilterChain.java:140)
		at org.apache.tomcat.websocket.server.WsFilter.doFilter(WsFilter.java:51)
		at org.apache.catalina.core.ApplicationFilterChain.internalDoFilter(ApplicationFilterChain.java:164)
		at org.apache.catalina.core.ApplicationFilterChain.doFilter(ApplicationFilterChain.java:140)
		at pt.isel.gape.web.filter.DashboardEventUnreadFilter.doFilter(DashboardEventUnreadFilter.java:152)
		at org.apache.catalina.core.ApplicationFilterChain.internalDoFilter(ApplicationFilterChain.java:164)
		at org.apache.catalina.core.ApplicationFilterChain.doFilter(ApplicationFilterChain.java:140)
		at pt.isel.gape.web.filter.CsrfFilter.doFilter(CsrfFilter.java:48)
		at org.apache.catalina.core.ApplicationFilterChain.internalDoFilter(ApplicationFilterChain.java:164)
		at org.apache.catalina.core.ApplicationFilterChain.doFilter(ApplicationFilterChain.java:140)
		at pt.isel.gape.web.filter.AuthorizationFilter.doFilter(AuthorizationFilter.java:85)
		at org.apache.catalina.core.ApplicationFilterChain.internalDoFilter(ApplicationFilterChain.java:164)
		at org.apache.catalina.core.ApplicationFilterChain.doFilter(ApplicationFilterChain.java:140)
		at pt.isel.gape.web.filter.AuthenticationFilter.doFilter(AuthenticationFilter.java:87)
		at org.apache.catalina.core.ApplicationFilterChain.internalDoFilter(ApplicationFilterChain.java:164)
		at org.apache.catalina.core.ApplicationFilterChain.doFilter(ApplicationFilterChain.java:140)
		at pt.isel.gape.web.filter.SecurityHeadersFilter.doFilter(SecurityHeadersFilter.java:53)
		at org.apache.catalina.core.ApplicationFilterChain.internalDoFilter(ApplicationFilterChain.java:164)
		at org.apache.catalina.core.ApplicationFilterChain.doFilter(ApplicationFilterChain.java:140)
		at pt.isel.gape.web.filter.HttpsEnforcementFilter.doFilter(HttpsEnforcementFilter.java:36)
		at org.apache.catalina.core.ApplicationFilterChain.internalDoFilter(ApplicationFilterChain.java:164)
		at org.apache.catalina.core.ApplicationFilterChain.doFilter(ApplicationFilterChain.java:140)
		at org.apache.catalina.core.StandardWrapperValve.invoke(StandardWrapperValve.java:167)
		at org.apache.catalina.core.StandardContextValve.invoke(StandardContextValve.java:90)
		at org.apache.catalina.authenticator.AuthenticatorBase.invoke(AuthenticatorBase.java:482)
		at org.apache.catalina.core.StandardHostValve.invoke(StandardHostValve.java:115)
		at org.apache.catalina.valves.ErrorReportValve.invoke(ErrorReportValve.java:93)
		at org.apache.catalina.valves.AbstractAccessLogValve.invoke(AbstractAccessLogValve.java:663)
		at org.apache.catalina.core.StandardEngineValve.invoke(StandardEngineValve.java:74)
		at org.apache.catalina.connector.CoyoteAdapter.service(CoyoteAdapter.java:344)
		at org.apache.coyote.http11.Http11Processor.service(Http11Processor.java:389)
		at org.apache.coyote.AbstractProcessorLight.process(AbstractProcessorLight.java:63)
		at org.apache.coyote.AbstractProtocol$ConnectionHandler.process(AbstractProtocol.java:896)
		at org.apache.tomcat.util.net.NioEndpoint$SocketProcessor.doRun(NioEndpoint.java:1741)
		at org.apache.tomcat.util.net.SocketProcessorBase.run(SocketProcessorBase.java:52)
		at org.apache.tomcat.util.threads.ThreadPoolExecutor.runWorker(ThreadPoolExecutor.java:1190)
		at org.apache.tomcat.util.threads.ThreadPoolExecutor$Worker.run(ThreadPoolExecutor.java:659)
		at org.apache.tomcat.util.threads.TaskThread$WrappingRunnable.run(TaskThread.java:63)
		at java.base/java.lang.Thread.run(Thread.java:1474)
21-Jul-2026 00:09:51.413 SEVERE [http-nio-8080-exec-3] org.apache.catalina.core.ApplicationDispatcher.invoke Servlet.service() for servlet [jsp] threw exception
	java.lang.ClassNotFoundException: org.apache.jsp.instructor.instructor.subject.instructor_002dsubjects_jsp
		at java.base/java.net.URLClassLoader.findClass(URLClassLoader.java:377)
		at org.apache.jasper.servlet.JasperLoader.loadClass(JasperLoader.java:129)
		at org.apache.jasper.servlet.JasperLoader.loadClass(JasperLoader.java:58)
		at org.apache.catalina.core.DefaultInstanceManager.newInstance(DefaultInstanceManager.java:151)
		at org.apache.jasper.servlet.JspServletWrapper.getServlet(JspServletWrapper.java:189)
		at org.apache.jasper.servlet.JspServletWrapper.service(JspServletWrapper.java:410)
		at org.apache.jasper.servlet.JspServlet.serviceJspFile(JspServlet.java:380)
		at org.apache.jasper.servlet.JspServlet.service(JspServlet.java:328)
		at jakarta.servlet.http.HttpServlet.service(HttpServlet.java:658)
		at org.apache.catalina.core.ApplicationFilterChain.internalDoFilter(ApplicationFilterChain.java:195)
		at org.apache.catalina.core.ApplicationFilterChain.doFilter(ApplicationFilterChain.java:140)
		at org.apache.tomcat.websocket.server.WsFilter.doFilter(WsFilter.java:51)
		at org.apache.catalina.core.ApplicationFilterChain.internalDoFilter(ApplicationFilterChain.java:164)
		at org.apache.catalina.core.ApplicationFilterChain.doFilter(ApplicationFilterChain.java:140)
		at org.apache.catalina.core.ApplicationDispatcher.invoke(ApplicationDispatcher.java:632)
		at org.apache.catalina.core.ApplicationDispatcher.processRequest(ApplicationDispatcher.java:408)
		at org.apache.catalina.core.ApplicationDispatcher.doForward(ApplicationDispatcher.java:330)
		at org.apache.catalina.core.ApplicationDispatcher.forward(ApplicationDispatcher.java:267)
		at pt.isel.gape.web.controller.DashboardServletSupport.forward(DashboardServletSupport.java:121)
		at pt.isel.gape.web.controller.SubjectManagementServlet.showList(SubjectManagementServlet.java:346)
		at pt.isel.gape.web.controller.SubjectManagementServlet.doGet(SubjectManagementServlet.java:200)
		at jakarta.servlet.http.HttpServlet.service(HttpServlet.java:564)
		at jakarta.servlet.http.HttpServlet.service(HttpServlet.java:658)
		at org.apache.catalina.core.ApplicationFilterChain.internalDoFilter(ApplicationFilterChain.java:195)
		at org.apache.catalina.core.ApplicationFilterChain.doFilter(ApplicationFilterChain.java:140)
		at org.apache.tomcat.websocket.server.WsFilter.doFilter(WsFilter.java:51)
		at org.apache.catalina.core.ApplicationFilterChain.internalDoFilter(ApplicationFilterChain.java:164)
		at org.apache.catalina.core.ApplicationFilterChain.doFilter(ApplicationFilterChain.java:140)
		at pt.isel.gape.web.filter.DashboardEventUnreadFilter.doFilter(DashboardEventUnreadFilter.java:152)
		at org.apache.catalina.core.ApplicationFilterChain.internalDoFilter(ApplicationFilterChain.java:164)
		at org.apache.catalina.core.ApplicationFilterChain.doFilter(ApplicationFilterChain.java:140)
		at pt.isel.gape.web.filter.CsrfFilter.doFilter(CsrfFilter.java:48)
		at org.apache.catalina.core.ApplicationFilterChain.internalDoFilter(ApplicationFilterChain.java:164)
		at org.apache.catalina.core.ApplicationFilterChain.doFilter(ApplicationFilterChain.java:140)
		at pt.isel.gape.web.filter.AuthorizationFilter.doFilter(AuthorizationFilter.java:85)
		at org.apache.catalina.core.ApplicationFilterChain.internalDoFilter(ApplicationFilterChain.java:164)
		at org.apache.catalina.core.ApplicationFilterChain.doFilter(ApplicationFilterChain.java:140)
		at pt.isel.gape.web.filter.AuthenticationFilter.doFilter(AuthenticationFilter.java:87)
		at org.apache.catalina.core.ApplicationFilterChain.internalDoFilter(ApplicationFilterChain.java:164)
		at org.apache.catalina.core.ApplicationFilterChain.doFilter(ApplicationFilterChain.java:140)
		at pt.isel.gape.web.filter.SecurityHeadersFilter.doFilter(SecurityHeadersFilter.java:53)
		at org.apache.catalina.core.ApplicationFilterChain.internalDoFilter(ApplicationFilterChain.java:164)
		at org.apache.catalina.core.ApplicationFilterChain.doFilter(ApplicationFilterChain.java:140)
		at pt.isel.gape.web.filter.HttpsEnforcementFilter.doFilter(HttpsEnforcementFilter.java:36)
		at org.apache.catalina.core.ApplicationFilterChain.internalDoFilter(ApplicationFilterChain.java:164)
		at org.apache.catalina.core.ApplicationFilterChain.doFilter(ApplicationFilterChain.java:140)
		at org.apache.catalina.core.StandardWrapperValve.invoke(StandardWrapperValve.java:167)
		at org.apache.catalina.core.StandardContextValve.invoke(StandardContextValve.java:90)
		at org.apache.catalina.authenticator.AuthenticatorBase.invoke(AuthenticatorBase.java:482)
		at org.apache.catalina.core.StandardHostValve.invoke(StandardHostValve.java:115)
		at org.apache.catalina.valves.ErrorReportValve.invoke(ErrorReportValve.java:93)
		at org.apache.catalina.valves.AbstractAccessLogValve.invoke(AbstractAccessLogValve.java:663)
		at org.apache.catalina.core.StandardEngineValve.invoke(StandardEngineValve.java:74)
		at org.apache.catalina.connector.CoyoteAdapter.service(CoyoteAdapter.java:344)
		at org.apache.coyote.http11.Http11Processor.service(Http11Processor.java:389)
		at org.apache.coyote.AbstractProcessorLight.process(AbstractProcessorLight.java:63)
		at org.apache.coyote.AbstractProtocol$ConnectionHandler.process(AbstractProtocol.java:896)
		at org.apache.tomcat.util.net.NioEndpoint$SocketProcessor.doRun(NioEndpoint.java:1741)
		at org.apache.tomcat.util.net.SocketProcessorBase.run(SocketProcessorBase.java:52)
		at org.apache.tomcat.util.threads.ThreadPoolExecutor.runWorker(ThreadPoolExecutor.java:1190)
		at org.apache.tomcat.util.threads.ThreadPoolExecutor$Worker.run(ThreadPoolExecutor.java:659)
		at org.apache.tomcat.util.threads.TaskThread$WrappingRunnable.run(TaskThread.java:63)
		at java.base/java.lang.Thread.run(Thread.java:1474)
21-Jul-2026 00:09:51.413 SEVERE [http-nio-8080-exec-3] org.apache.catalina.core.StandardWrapperValve.invoke Servlet.service() for servlet [subjectManagementServlet] in context with path [/GAPE] threw exception [org.apache.jasper.JasperException: java.lang.ClassNotFoundException: org.apache.jsp.instructor.instructor.subject.instructor_002dsubjects_jsp] with root cause
	java.lang.ClassNotFoundException: org.apache.jsp.instructor.instructor.subject.instructor_002dsubjects_jsp
		at java.base/java.net.URLClassLoader.findClass(URLClassLoader.java:377)
		at org.apache.jasper.servlet.JasperLoader.loadClass(JasperLoader.java:129)
		at org.apache.jasper.servlet.JasperLoader.loadClass(JasperLoader.java:58)
		at org.apache.catalina.core.DefaultInstanceManager.newInstance(DefaultInstanceManager.java:151)
		at org.apache.jasper.servlet.JspServletWrapper.getServlet(JspServletWrapper.java:189)
		at org.apache.jasper.servlet.JspServletWrapper.service(JspServletWrapper.java:410)
		at org.apache.jasper.servlet.JspServlet.serviceJspFile(JspServlet.java:380)
		at org.apache.jasper.servlet.JspServlet.service(JspServlet.java:328)
		at jakarta.servlet.http.HttpServlet.service(HttpServlet.java:658)
		at org.apache.catalina.core.ApplicationFilterChain.internalDoFilter(ApplicationFilterChain.java:195)
		at org.apache.catalina.core.ApplicationFilterChain.doFilter(ApplicationFilterChain.java:140)
		at org.apache.tomcat.websocket.server.WsFilter.doFilter(WsFilter.java:51)
		at org.apache.catalina.core.ApplicationFilterChain.internalDoFilter(ApplicationFilterChain.java:164)
		at org.apache.catalina.core.ApplicationFilterChain.doFilter(ApplicationFilterChain.java:140)
		at org.apache.catalina.core.ApplicationDispatcher.invoke(ApplicationDispatcher.java:632)
		at org.apache.catalina.core.ApplicationDispatcher.processRequest(ApplicationDispatcher.java:408)
		at org.apache.catalina.core.ApplicationDispatcher.doForward(ApplicationDispatcher.java:330)
		at org.apache.catalina.core.ApplicationDispatcher.forward(ApplicationDispatcher.java:267)
		at pt.isel.gape.web.controller.DashboardServletSupport.forward(DashboardServletSupport.java:121)
		at pt.isel.gape.web.controller.SubjectManagementServlet.showList(SubjectManagementServlet.java:346)
		at pt.isel.gape.web.controller.SubjectManagementServlet.doGet(SubjectManagementServlet.java:200)
		at jakarta.servlet.http.HttpServlet.service(HttpServlet.java:564)
		at jakarta.servlet.http.HttpServlet.service(HttpServlet.java:658)
		at org.apache.catalina.core.ApplicationFilterChain.internalDoFilter(ApplicationFilterChain.java:195)
		at org.apache.catalina.core.ApplicationFilterChain.doFilter(ApplicationFilterChain.java:140)
		at org.apache.tomcat.websocket.server.WsFilter.doFilter(WsFilter.java:51)
		at org.apache.catalina.core.ApplicationFilterChain.internalDoFilter(ApplicationFilterChain.java:164)
		at org.apache.catalina.core.ApplicationFilterChain.doFilter(ApplicationFilterChain.java:140)
		at pt.isel.gape.web.filter.DashboardEventUnreadFilter.doFilter(DashboardEventUnreadFilter.java:152)
		at org.apache.catalina.core.ApplicationFilterChain.internalDoFilter(ApplicationFilterChain.java:164)
		at org.apache.catalina.core.ApplicationFilterChain.doFilter(ApplicationFilterChain.java:140)
		at pt.isel.gape.web.filter.CsrfFilter.doFilter(CsrfFilter.java:48)
		at org.apache.catalina.core.ApplicationFilterChain.internalDoFilter(ApplicationFilterChain.java:164)
		at org.apache.catalina.core.ApplicationFilterChain.doFilter(ApplicationFilterChain.java:140)
		at pt.isel.gape.web.filter.AuthorizationFilter.doFilter(AuthorizationFilter.java:85)
		at org.apache.catalina.core.ApplicationFilterChain.internalDoFilter(ApplicationFilterChain.java:164)
		at org.apache.catalina.core.ApplicationFilterChain.doFilter(ApplicationFilterChain.java:140)
		at pt.isel.gape.web.filter.AuthenticationFilter.doFilter(AuthenticationFilter.java:87)
		at org.apache.catalina.core.ApplicationFilterChain.internalDoFilter(ApplicationFilterChain.java:164)
		at org.apache.catalina.core.ApplicationFilterChain.doFilter(ApplicationFilterChain.java:140)
		at pt.isel.gape.web.filter.SecurityHeadersFilter.doFilter(SecurityHeadersFilter.java:53)
		at org.apache.catalina.core.ApplicationFilterChain.internalDoFilter(ApplicationFilterChain.java:164)
		at org.apache.catalina.core.ApplicationFilterChain.doFilter(ApplicationFilterChain.java:140)
		at pt.isel.gape.web.filter.HttpsEnforcementFilter.doFilter(HttpsEnforcementFilter.java:36)
		at org.apache.catalina.core.ApplicationFilterChain.internalDoFilter(ApplicationFilterChain.java:164)
		at org.apache.catalina.core.ApplicationFilterChain.doFilter(ApplicationFilterChain.java:140)
		at org.apache.catalina.core.StandardWrapperValve.invoke(StandardWrapperValve.java:167)
		at org.apache.catalina.core.StandardContextValve.invoke(StandardContextValve.java:90)
		at org.apache.catalina.authenticator.AuthenticatorBase.invoke(AuthenticatorBase.java:482)
		at org.apache.catalina.core.StandardHostValve.invoke(StandardHostValve.java:115)
		at org.apache.catalina.valves.ErrorReportValve.invoke(ErrorReportValve.java:93)
		at org.apache.catalina.valves.AbstractAccessLogValve.invoke(AbstractAccessLogValve.java:663)
		at org.apache.catalina.core.StandardEngineValve.invoke(StandardEngineValve.java:74)
		at org.apache.catalina.connector.CoyoteAdapter.service(CoyoteAdapter.java:344)
		at org.apache.coyote.http11.Http11Processor.service(Http11Processor.java:389)
		at org.apache.coyote.AbstractProcessorLight.process(AbstractProcessorLight.java:63)
		at org.apache.coyote.AbstractProtocol$ConnectionHandler.process(AbstractProtocol.java:896)
		at org.apache.tomcat.util.net.NioEndpoint$SocketProcessor.doRun(NioEndpoint.java:1741)
		at org.apache.tomcat.util.net.SocketProcessorBase.run(SocketProcessorBase.java:52)
		at org.apache.tomcat.util.threads.ThreadPoolExecutor.runWorker(ThreadPoolExecutor.java:1190)
		at org.apache.tomcat.util.threads.ThreadPoolExecutor$Worker.run(ThreadPoolExecutor.java:659)
		at org.apache.tomcat.util.threads.TaskThread$WrappingRunnable.run(TaskThread.java:63)
		at java.base/java.lang.Thread.run(Thread.java:1474)
21-Jul-2026 00:10:42.737 SEVERE [http-nio-8080-exec-3] org.apache.catalina.core.ApplicationDispatcher.invoke Servlet.service() for servlet [jsp] threw exception
	org.apache.jasper.JasperException: /coordinator/coordinator/course/coordinator-courses.jsp (line: [907], column: [0]) Unterminated [&lt;c:when] tag
		at org.apache.jasper.compiler.DefaultErrorHandler.jspError(DefaultErrorHandler.java:41)
		at org.apache.jasper.compiler.ErrorDispatcher.dispatch(ErrorDispatcher.java:299)
		at org.apache.jasper.compiler.ErrorDispatcher.jspError(ErrorDispatcher.java:99)
		at org.apache.jasper.compiler.Parser.parseBody(Parser.java:1695)
		at org.apache.jasper.compiler.Parser.parseOptionalBody(Parser.java:1014)
		at org.apache.jasper.compiler.Parser.parseCustomTag(Parser.java:1289)
		at org.apache.jasper.compiler.Parser.parseElements(Parser.java:1469)
		at org.apache.jasper.compiler.Parser.parseBody(Parser.java:1682)
		at org.apache.jasper.compiler.Parser.parseOptionalBody(Parser.java:1014)
		at org.apache.jasper.compiler.Parser.parseCustomTag(Parser.java:1289)
		at org.apache.jasper.compiler.Parser.parseElements(Parser.java:1469)
		at org.apache.jasper.compiler.Parser.parseBody(Parser.java:1682)
		at org.apache.jasper.compiler.Parser.parseOptionalBody(Parser.java:1014)
		at org.apache.jasper.compiler.Parser.parseCustomTag(Parser.java:1289)
		at org.apache.jasper.compiler.Parser.parseElements(Parser.java:1469)
		at org.apache.jasper.compiler.Parser.parseBody(Parser.java:1682)
		at org.apache.jasper.compiler.Parser.parseOptionalBody(Parser.java:1014)
		at org.apache.jasper.compiler.Parser.parseCustomTag(Parser.java:1289)
		at org.apache.jasper.compiler.Parser.parseElements(Parser.java:1469)
		at org.apache.jasper.compiler.Parser.parse(Parser.java:138)
		at org.apache.jasper.compiler.ParserController.doParse(ParserController.java:245)
		at org.apache.jasper.compiler.ParserController.parse(ParserController.java:106)
		at org.apache.jasper.compiler.Compiler.generateJava(Compiler.java:211)
		at org.apache.jasper.compiler.Compiler.compile(Compiler.java:396)
		at org.apache.jasper.compiler.Compiler.compile(Compiler.java:372)
		at org.apache.jasper.compiler.Compiler.compile(Compiler.java:356)
		at org.apache.jasper.JspCompilationContext.compile(JspCompilationContext.java:603)
		at org.apache.jasper.servlet.JspServletWrapper.service(JspServletWrapper.java:396)
		at org.apache.jasper.servlet.JspServlet.serviceJspFile(JspServlet.java:380)
		at org.apache.jasper.servlet.JspServlet.service(JspServlet.java:328)
		at jakarta.servlet.http.HttpServlet.service(HttpServlet.java:658)
		at org.apache.catalina.core.ApplicationFilterChain.internalDoFilter(ApplicationFilterChain.java:195)
		at org.apache.catalina.core.ApplicationFilterChain.doFilter(ApplicationFilterChain.java:140)
		at org.apache.tomcat.websocket.server.WsFilter.doFilter(WsFilter.java:51)
		at org.apache.catalina.core.ApplicationFilterChain.internalDoFilter(ApplicationFilterChain.java:164)
		at org.apache.catalina.core.ApplicationFilterChain.doFilter(ApplicationFilterChain.java:140)
		at org.apache.catalina.core.ApplicationDispatcher.invoke(ApplicationDispatcher.java:632)
		at org.apache.catalina.core.ApplicationDispatcher.processRequest(ApplicationDispatcher.java:408)
		at org.apache.catalina.core.ApplicationDispatcher.doForward(ApplicationDispatcher.java:330)
		at org.apache.catalina.core.ApplicationDispatcher.forward(ApplicationDispatcher.java:267)
		at pt.isel.gape.web.controller.DashboardServletSupport.forward(DashboardServletSupport.java:121)
		at pt.isel.gape.web.controller.CourseManagementServlet.showList(CourseManagementServlet.java:342)
		at pt.isel.gape.web.controller.CourseManagementServlet.doGet(CourseManagementServlet.java:189)
		at jakarta.servlet.http.HttpServlet.service(HttpServlet.java:564)
		at jakarta.servlet.http.HttpServlet.service(HttpServlet.java:658)
		at org.apache.catalina.core.ApplicationFilterChain.internalDoFilter(ApplicationFilterChain.java:195)
		at org.apache.catalina.core.ApplicationFilterChain.doFilter(ApplicationFilterChain.java:140)
		at org.apache.tomcat.websocket.server.WsFilter.doFilter(WsFilter.java:51)
		at org.apache.catalina.core.ApplicationFilterChain.internalDoFilter(ApplicationFilterChain.java:164)
		at org.apache.catalina.core.ApplicationFilterChain.doFilter(ApplicationFilterChain.java:140)
		at pt.isel.gape.web.filter.DashboardEventUnreadFilter.doFilter(DashboardEventUnreadFilter.java:152)
		at org.apache.catalina.core.ApplicationFilterChain.internalDoFilter(ApplicationFilterChain.java:164)
		at org.apache.catalina.core.ApplicationFilterChain.doFilter(ApplicationFilterChain.java:140)
		at pt.isel.gape.web.filter.CsrfFilter.doFilter(CsrfFilter.java:48)
		at org.apache.catalina.core.ApplicationFilterChain.internalDoFilter(ApplicationFilterChain.java:164)
		at org.apache.catalina.core.ApplicationFilterChain.doFilter(ApplicationFilterChain.java:140)
		at pt.isel.gape.web.filter.AuthorizationFilter.doFilter(AuthorizationFilter.java:85)
		at org.apache.catalina.core.ApplicationFilterChain.internalDoFilter(ApplicationFilterChain.java:164)
		at org.apache.catalina.core.ApplicationFilterChain.doFilter(ApplicationFilterChain.java:140)
		at pt.isel.gape.web.filter.AuthenticationFilter.doFilter(AuthenticationFilter.java:87)
		at org.apache.catalina.core.ApplicationFilterChain.internalDoFilter(ApplicationFilterChain.java:164)
		at org.apache.catalina.core.ApplicationFilterChain.doFilter(ApplicationFilterChain.java:140)
		at pt.isel.gape.web.filter.SecurityHeadersFilter.doFilter(SecurityHeadersFilter.java:53)
		at org.apache.catalina.core.ApplicationFilterChain.internalDoFilter(ApplicationFilterChain.java:164)
		at org.apache.catalina.core.ApplicationFilterChain.doFilter(ApplicationFilterChain.java:140)
		at pt.isel.gape.web.filter.HttpsEnforcementFilter.doFilter(HttpsEnforcementFilter.java:36)
		at org.apache.catalina.core.ApplicationFilterChain.internalDoFilter(ApplicationFilterChain.java:164)
		at org.apache.catalina.core.ApplicationFilterChain.doFilter(ApplicationFilterChain.java:140)
		at org.apache.catalina.core.StandardWrapperValve.invoke(StandardWrapperValve.java:167)
		at org.apache.catalina.core.StandardContextValve.invoke(StandardContextValve.java:90)
		at org.apache.catalina.authenticator.AuthenticatorBase.invoke(AuthenticatorBase.java:482)
		at org.apache.catalina.core.StandardHostValve.invoke(StandardHostValve.java:115)
		at org.apache.catalina.valves.ErrorReportValve.invoke(ErrorReportValve.java:93)
		at org.apache.catalina.valves.AbstractAccessLogValve.invoke(AbstractAccessLogValve.java:663)
		at org.apache.catalina.core.StandardEngineValve.invoke(StandardEngineValve.java:74)
		at org.apache.catalina.connector.CoyoteAdapter.service(CoyoteAdapter.java:344)
		at org.apache.coyote.http11.Http11Processor.service(Http11Processor.java:389)
		at org.apache.coyote.AbstractProcessorLight.process(AbstractProcessorLight.java:63)
		at org.apache.coyote.AbstractProtocol$ConnectionHandler.process(AbstractProtocol.java:896)
		at org.apache.tomcat.util.net.NioEndpoint$SocketProcessor.doRun(NioEndpoint.java:1741)
		at org.apache.tomcat.util.net.SocketProcessorBase.run(SocketProcessorBase.java:52)
		at org.apache.tomcat.util.threads.ThreadPoolExecutor.runWorker(ThreadPoolExecutor.java:1190)
		at org.apache.tomcat.util.threads.ThreadPoolExecutor$Worker.run(ThreadPoolExecutor.java:659)
		at org.apache.tomcat.util.threads.TaskThread$WrappingRunnable.run(TaskThread.java:63)
		at java.base/java.lang.Thread.run(Thread.java:1474)
21-Jul-2026 00:10:42.737 SEVERE [http-nio-8080-exec-3] org.apache.catalina.core.StandardWrapperValve.invoke Servlet.service() for servlet [courseManagementServlet] in context with path [/GAPE] threw exception [/coordinator/coordinator/course/coordinator-courses.jsp (line: [907], column: [0]) Unterminated [&lt;c:when] tag] with root cause
	org.apache.jasper.JasperException: /coordinator/coordinator/course/coordinator-courses.jsp (line: [907], column: [0]) Unterminated [&lt;c:when] tag
		at org.apache.jasper.compiler.DefaultErrorHandler.jspError(DefaultErrorHandler.java:41)
		at org.apache.jasper.compiler.ErrorDispatcher.dispatch(ErrorDispatcher.java:299)
		at org.apache.jasper.compiler.ErrorDispatcher.jspError(ErrorDispatcher.java:99)
		at org.apache.jasper.compiler.Parser.parseBody(Parser.java:1695)
		at org.apache.jasper.compiler.Parser.parseOptionalBody(Parser.java:1014)
		at org.apache.jasper.compiler.Parser.parseCustomTag(Parser.java:1289)
		at org.apache.jasper.compiler.Parser.parseElements(Parser.java:1469)
		at org.apache.jasper.compiler.Parser.parseBody(Parser.java:1682)
		at org.apache.jasper.compiler.Parser.parseOptionalBody(Parser.java:1014)
		at org.apache.jasper.compiler.Parser.parseCustomTag(Parser.java:1289)
		at org.apache.jasper.compiler.Parser.parseElements(Parser.java:1469)
		at org.apache.jasper.compiler.Parser.parseBody(Parser.java:1682)
		at org.apache.jasper.compiler.Parser.parseOptionalBody(Parser.java:1014)
		at org.apache.jasper.compiler.Parser.parseCustomTag(Parser.java:1289)
		at org.apache.jasper.compiler.Parser.parseElements(Parser.java:1469)
		at org.apache.jasper.compiler.Parser.parseBody(Parser.java:1682)
		at org.apache.jasper.compiler.Parser.parseOptionalBody(Parser.java:1014)
		at org.apache.jasper.compiler.Parser.parseCustomTag(Parser.java:1289)
		at org.apache.jasper.compiler.Parser.parseElements(Parser.java:1469)
		at org.apache.jasper.compiler.Parser.parse(Parser.java:138)
		at org.apache.jasper.compiler.ParserController.doParse(ParserController.java:245)
		at org.apache.jasper.compiler.ParserController.parse(ParserController.java:106)
		at org.apache.jasper.compiler.Compiler.generateJava(Compiler.java:211)
		at org.apache.jasper.compiler.Compiler.compile(Compiler.java:396)
		at org.apache.jasper.compiler.Compiler.compile(Compiler.java:372)
		at org.apache.jasper.compiler.Compiler.compile(Compiler.java:356)
		at org.apache.jasper.JspCompilationContext.compile(JspCompilationContext.java:603)
		at org.apache.jasper.servlet.JspServletWrapper.service(JspServletWrapper.java:396)
		at org.apache.jasper.servlet.JspServlet.serviceJspFile(JspServlet.java:380)
		at org.apache.jasper.servlet.JspServlet.service(JspServlet.java:328)
		at jakarta.servlet.http.HttpServlet.service(HttpServlet.java:658)
		at org.apache.catalina.core.ApplicationFilterChain.internalDoFilter(ApplicationFilterChain.java:195)
		at org.apache.catalina.core.ApplicationFilterChain.doFilter(ApplicationFilterChain.java:140)
		at org.apache.tomcat.websocket.server.WsFilter.doFilter(WsFilter.java:51)
		at org.apache.catalina.core.ApplicationFilterChain.internalDoFilter(ApplicationFilterChain.java:164)
		at org.apache.catalina.core.ApplicationFilterChain.doFilter(ApplicationFilterChain.java:140)
		at org.apache.catalina.core.ApplicationDispatcher.invoke(ApplicationDispatcher.java:632)
		at org.apache.catalina.core.ApplicationDispatcher.processRequest(ApplicationDispatcher.java:408)
		at org.apache.catalina.core.ApplicationDispatcher.doForward(ApplicationDispatcher.java:330)
		at org.apache.catalina.core.ApplicationDispatcher.forward(ApplicationDispatcher.java:267)
		at pt.isel.gape.web.controller.DashboardServletSupport.forward(DashboardServletSupport.java:121)
		at pt.isel.gape.web.controller.CourseManagementServlet.showList(CourseManagementServlet.java:342)
		at pt.isel.gape.web.controller.CourseManagementServlet.doGet(CourseManagementServlet.java:189)
		at jakarta.servlet.http.HttpServlet.service(HttpServlet.java:564)
		at jakarta.servlet.http.HttpServlet.service(HttpServlet.java:658)
		at org.apache.catalina.core.ApplicationFilterChain.internalDoFilter(ApplicationFilterChain.java:195)
		at org.apache.catalina.core.ApplicationFilterChain.doFilter(ApplicationFilterChain.java:140)
		at org.apache.tomcat.websocket.server.WsFilter.doFilter(WsFilter.java:51)
		at org.apache.catalina.core.ApplicationFilterChain.internalDoFilter(ApplicationFilterChain.java:164)
		at org.apache.catalina.core.ApplicationFilterChain.doFilter(ApplicationFilterChain.java:140)
		at pt.isel.gape.web.filter.DashboardEventUnreadFilter.doFilter(DashboardEventUnreadFilter.java:152)
		at org.apache.catalina.core.ApplicationFilterChain.internalDoFilter(ApplicationFilterChain.java:164)
		at org.apache.catalina.core.ApplicationFilterChain.doFilter(ApplicationFilterChain.java:140)
		at pt.isel.gape.web.filter.CsrfFilter.doFilter(CsrfFilter.java:48)
		at org.apache.catalina.core.ApplicationFilterChain.internalDoFilter(ApplicationFilterChain.java:164)
		at org.apache.catalina.core.ApplicationFilterChain.doFilter(ApplicationFilterChain.java:140)
		at pt.isel.gape.web.filter.AuthorizationFilter.doFilter(AuthorizationFilter.java:85)
		at org.apache.catalina.core.ApplicationFilterChain.internalDoFilter(ApplicationFilterChain.java:164)
		at org.apache.catalina.core.ApplicationFilterChain.doFilter(ApplicationFilterChain.java:140)
		at pt.isel.gape.web.filter.AuthenticationFilter.doFilter(AuthenticationFilter.java:87)
		at org.apache.catalina.core.ApplicationFilterChain.internalDoFilter(ApplicationFilterChain.java:164)
		at org.apache.catalina.core.ApplicationFilterChain.doFilter(ApplicationFilterChain.java:140)
		at pt.isel.gape.web.filter.SecurityHeadersFilter.doFilter(SecurityHeadersFilter.java:53)
		at org.apache.catalina.core.ApplicationFilterChain.internalDoFilter(ApplicationFilterChain.java:164)
		at org.apache.catalina.core.ApplicationFilterChain.doFilter(ApplicationFilterChain.java:140)
		at pt.isel.gape.web.filter.HttpsEnforcementFilter.doFilter(HttpsEnforcementFilter.java:36)
		at org.apache.catalina.core.ApplicationFilterChain.internalDoFilter(ApplicationFilterChain.java:164)
		at org.apache.catalina.core.ApplicationFilterChain.doFilter(ApplicationFilterChain.java:140)
		at org.apache.catalina.core.StandardWrapperValve.invoke(StandardWrapperValve.java:167)
		at org.apache.catalina.core.StandardContextValve.invoke(StandardContextValve.java:90)
		at org.apache.catalina.authenticator.AuthenticatorBase.invoke(AuthenticatorBase.java:482)
		at org.apache.catalina.core.StandardHostValve.invoke(StandardHostValve.java:115)
		at org.apache.catalina.valves.ErrorReportValve.invoke(ErrorReportValve.java:93)
		at org.apache.catalina.valves.AbstractAccessLogValve.invoke(AbstractAccessLogValve.java:663)
		at org.apache.catalina.core.StandardEngineValve.invoke(StandardEngineValve.java:74)
		at org.apache.catalina.connector.CoyoteAdapter.service(CoyoteAdapter.java:344)
		at org.apache.coyote.http11.Http11Processor.service(Http11Processor.java:389)
		at org.apache.coyote.AbstractProcessorLight.process(AbstractProcessorLight.java:63)
		at org.apache.coyote.AbstractProtocol$ConnectionHandler.process(AbstractProtocol.java:896)
		at org.apache.tomcat.util.net.NioEndpoint$SocketProcessor.doRun(NioEndpoint.java:1741)
		at org.apache.tomcat.util.net.SocketProcessorBase.run(SocketProcessorBase.java:52)
		at org.apache.tomcat.util.threads.ThreadPoolExecutor.runWorker(ThreadPoolExecutor.java:1190)
		at org.apache.tomcat.util.threads.ThreadPoolExecutor$Worker.run(ThreadPoolExecutor.java:659)
		at org.apache.tomcat.util.threads.TaskThread$WrappingRunnable.run(TaskThread.java:63)
		at java.base/java.lang.Thread.run(Thread.java:1474)
21-Jul-2026 00:10:43.072 SEVERE [http-nio-8080-exec-4] org.apache.catalina.core.ApplicationDispatcher.invoke Servlet.service() for servlet [jsp] threw exception
	java.lang.ClassNotFoundException: org.apache.jsp.coordinator.coordinator.course.coordinator_002dcourses_jsp
		at java.base/java.net.URLClassLoader.findClass(URLClassLoader.java:377)
		at org.apache.jasper.servlet.JasperLoader.loadClass(JasperLoader.java:129)
		at org.apache.jasper.servlet.JasperLoader.loadClass(JasperLoader.java:58)
		at org.apache.catalina.core.DefaultInstanceManager.newInstance(DefaultInstanceManager.java:151)
		at org.apache.jasper.servlet.JspServletWrapper.getServlet(JspServletWrapper.java:189)
		at org.apache.jasper.servlet.JspServletWrapper.service(JspServletWrapper.java:410)
		at org.apache.jasper.servlet.JspServlet.serviceJspFile(JspServlet.java:380)
		at org.apache.jasper.servlet.JspServlet.service(JspServlet.java:328)
		at jakarta.servlet.http.HttpServlet.service(HttpServlet.java:658)
		at org.apache.catalina.core.ApplicationFilterChain.internalDoFilter(ApplicationFilterChain.java:195)
		at org.apache.catalina.core.ApplicationFilterChain.doFilter(ApplicationFilterChain.java:140)
		at org.apache.tomcat.websocket.server.WsFilter.doFilter(WsFilter.java:51)
		at org.apache.catalina.core.ApplicationFilterChain.internalDoFilter(ApplicationFilterChain.java:164)
		at org.apache.catalina.core.ApplicationFilterChain.doFilter(ApplicationFilterChain.java:140)
		at org.apache.catalina.core.ApplicationDispatcher.invoke(ApplicationDispatcher.java:632)
		at org.apache.catalina.core.ApplicationDispatcher.processRequest(ApplicationDispatcher.java:408)
		at org.apache.catalina.core.ApplicationDispatcher.doForward(ApplicationDispatcher.java:330)
		at org.apache.catalina.core.ApplicationDispatcher.forward(ApplicationDispatcher.java:267)
		at pt.isel.gape.web.controller.DashboardServletSupport.forward(DashboardServletSupport.java:121)
		at pt.isel.gape.web.controller.CourseManagementServlet.showList(CourseManagementServlet.java:342)
		at pt.isel.gape.web.controller.CourseManagementServlet.doGet(CourseManagementServlet.java:189)
		at jakarta.servlet.http.HttpServlet.service(HttpServlet.java:564)
		at jakarta.servlet.http.HttpServlet.service(HttpServlet.java:658)
		at org.apache.catalina.core.ApplicationFilterChain.internalDoFilter(ApplicationFilterChain.java:195)
		at org.apache.catalina.core.ApplicationFilterChain.doFilter(ApplicationFilterChain.java:140)
		at org.apache.tomcat.websocket.server.WsFilter.doFilter(WsFilter.java:51)
		at org.apache.catalina.core.ApplicationFilterChain.internalDoFilter(ApplicationFilterChain.java:164)
		at org.apache.catalina.core.ApplicationFilterChain.doFilter(ApplicationFilterChain.java:140)
		at pt.isel.gape.web.filter.DashboardEventUnreadFilter.doFilter(DashboardEventUnreadFilter.java:152)
		at org.apache.catalina.core.ApplicationFilterChain.internalDoFilter(ApplicationFilterChain.java:164)
		at org.apache.catalina.core.ApplicationFilterChain.doFilter(ApplicationFilterChain.java:140)
		at pt.isel.gape.web.filter.CsrfFilter.doFilter(CsrfFilter.java:48)
		at org.apache.catalina.core.ApplicationFilterChain.internalDoFilter(ApplicationFilterChain.java:164)
		at org.apache.catalina.core.ApplicationFilterChain.doFilter(ApplicationFilterChain.java:140)
		at pt.isel.gape.web.filter.AuthorizationFilter.doFilter(AuthorizationFilter.java:85)
		at org.apache.catalina.core.ApplicationFilterChain.internalDoFilter(ApplicationFilterChain.java:164)
		at org.apache.catalina.core.ApplicationFilterChain.doFilter(ApplicationFilterChain.java:140)
		at pt.isel.gape.web.filter.AuthenticationFilter.doFilter(AuthenticationFilter.java:87)
		at org.apache.catalina.core.ApplicationFilterChain.internalDoFilter(ApplicationFilterChain.java:164)
		at org.apache.catalina.core.ApplicationFilterChain.doFilter(ApplicationFilterChain.java:140)
		at pt.isel.gape.web.filter.SecurityHeadersFilter.doFilter(SecurityHeadersFilter.java:53)
		at org.apache.catalina.core.ApplicationFilterChain.internalDoFilter(ApplicationFilterChain.java:164)
		at org.apache.catalina.core.ApplicationFilterChain.doFilter(ApplicationFilterChain.java:140)
		at pt.isel.gape.web.filter.HttpsEnforcementFilter.doFilter(HttpsEnforcementFilter.java:36)
		at org.apache.catalina.core.ApplicationFilterChain.internalDoFilter(ApplicationFilterChain.java:164)
		at org.apache.catalina.core.ApplicationFilterChain.doFilter(ApplicationFilterChain.java:140)
		at org.apache.catalina.core.StandardWrapperValve.invoke(StandardWrapperValve.java:167)
		at org.apache.catalina.core.StandardContextValve.invoke(StandardContextValve.java:90)
		at org.apache.catalina.authenticator.AuthenticatorBase.invoke(AuthenticatorBase.java:482)
		at org.apache.catalina.core.StandardHostValve.invoke(StandardHostValve.java:115)
		at org.apache.catalina.valves.ErrorReportValve.invoke(ErrorReportValve.java:93)
		at org.apache.catalina.valves.AbstractAccessLogValve.invoke(AbstractAccessLogValve.java:663)
		at org.apache.catalina.core.StandardEngineValve.invoke(StandardEngineValve.java:74)
		at org.apache.catalina.connector.CoyoteAdapter.service(CoyoteAdapter.java:344)
		at org.apache.coyote.http11.Http11Processor.service(Http11Processor.java:389)
		at org.apache.coyote.AbstractProcessorLight.process(AbstractProcessorLight.java:63)
		at org.apache.coyote.AbstractProtocol$ConnectionHandler.process(AbstractProtocol.java:896)
		at org.apache.tomcat.util.net.NioEndpoint$SocketProcessor.doRun(NioEndpoint.java:1741)
		at org.apache.tomcat.util.net.SocketProcessorBase.run(SocketProcessorBase.java:52)
		at org.apache.tomcat.util.threads.ThreadPoolExecutor.runWorker(ThreadPoolExecutor.java:1190)
		at org.apache.tomcat.util.threads.ThreadPoolExecutor$Worker.run(ThreadPoolExecutor.java:659)
		at org.apache.tomcat.util.threads.TaskThread$WrappingRunnable.run(TaskThread.java:63)
		at java.base/java.lang.Thread.run(Thread.java:1474)
21-Jul-2026 00:10:43.072 SEVERE [http-nio-8080-exec-4] org.apache.catalina.core.StandardWrapperValve.invoke Servlet.service() for servlet [courseManagementServlet] in context with path [/GAPE] threw exception [org.apache.jasper.JasperException: java.lang.ClassNotFoundException: org.apache.jsp.coordinator.coordinator.course.coordinator_002dcourses_jsp] with root cause
	java.lang.ClassNotFoundException: org.apache.jsp.coordinator.coordinator.course.coordinator_002dcourses_jsp
		at java.base/java.net.URLClassLoader.findClass(URLClassLoader.java:377)
		at org.apache.jasper.servlet.JasperLoader.loadClass(JasperLoader.java:129)
		at org.apache.jasper.servlet.JasperLoader.loadClass(JasperLoader.java:58)
		at org.apache.catalina.core.DefaultInstanceManager.newInstance(DefaultInstanceManager.java:151)
		at org.apache.jasper.servlet.JspServletWrapper.getServlet(JspServletWrapper.java:189)
		at org.apache.jasper.servlet.JspServletWrapper.service(JspServletWrapper.java:410)
		at org.apache.jasper.servlet.JspServlet.serviceJspFile(JspServlet.java:380)
		at org.apache.jasper.servlet.JspServlet.service(JspServlet.java:328)
		at jakarta.servlet.http.HttpServlet.service(HttpServlet.java:658)
		at org.apache.catalina.core.ApplicationFilterChain.internalDoFilter(ApplicationFilterChain.java:195)
		at org.apache.catalina.core.ApplicationFilterChain.doFilter(ApplicationFilterChain.java:140)
		at org.apache.tomcat.websocket.server.WsFilter.doFilter(WsFilter.java:51)
		at org.apache.catalina.core.ApplicationFilterChain.internalDoFilter(ApplicationFilterChain.java:164)
		at org.apache.catalina.core.ApplicationFilterChain.doFilter(ApplicationFilterChain.java:140)
		at org.apache.catalina.core.ApplicationDispatcher.invoke(ApplicationDispatcher.java:632)
		at org.apache.catalina.core.ApplicationDispatcher.processRequest(ApplicationDispatcher.java:408)
		at org.apache.catalina.core.ApplicationDispatcher.doForward(ApplicationDispatcher.java:330)
		at org.apache.catalina.core.ApplicationDispatcher.forward(ApplicationDispatcher.java:267)
		at pt.isel.gape.web.controller.DashboardServletSupport.forward(DashboardServletSupport.java:121)
		at pt.isel.gape.web.controller.CourseManagementServlet.showList(CourseManagementServlet.java:342)
		at pt.isel.gape.web.controller.CourseManagementServlet.doGet(CourseManagementServlet.java:189)
		at jakarta.servlet.http.HttpServlet.service(HttpServlet.java:564)
		at jakarta.servlet.http.HttpServlet.service(HttpServlet.java:658)
		at org.apache.catalina.core.ApplicationFilterChain.internalDoFilter(ApplicationFilterChain.java:195)
		at org.apache.catalina.core.ApplicationFilterChain.doFilter(ApplicationFilterChain.java:140)
		at org.apache.tomcat.websocket.server.WsFilter.doFilter(WsFilter.java:51)
		at org.apache.catalina.core.ApplicationFilterChain.internalDoFilter(ApplicationFilterChain.java:164)
		at org.apache.catalina.core.ApplicationFilterChain.doFilter(ApplicationFilterChain.java:140)
		at pt.isel.gape.web.filter.DashboardEventUnreadFilter.doFilter(DashboardEventUnreadFilter.java:152)
		at org.apache.catalina.core.ApplicationFilterChain.internalDoFilter(ApplicationFilterChain.java:164)
		at org.apache.catalina.core.ApplicationFilterChain.doFilter(ApplicationFilterChain.java:140)
		at pt.isel.gape.web.filter.CsrfFilter.doFilter(CsrfFilter.java:48)
		at org.apache.catalina.core.ApplicationFilterChain.internalDoFilter(ApplicationFilterChain.java:164)
		at org.apache.catalina.core.ApplicationFilterChain.doFilter(ApplicationFilterChain.java:140)
		at pt.isel.gape.web.filter.AuthorizationFilter.doFilter(AuthorizationFilter.java:85)
		at org.apache.catalina.core.ApplicationFilterChain.internalDoFilter(ApplicationFilterChain.java:164)
		at org.apache.catalina.core.ApplicationFilterChain.doFilter(ApplicationFilterChain.java:140)
		at pt.isel.gape.web.filter.AuthenticationFilter.doFilter(AuthenticationFilter.java:87)
		at org.apache.catalina.core.ApplicationFilterChain.internalDoFilter(ApplicationFilterChain.java:164)
		at org.apache.catalina.core.ApplicationFilterChain.doFilter(ApplicationFilterChain.java:140)
		at pt.isel.gape.web.filter.SecurityHeadersFilter.doFilter(SecurityHeadersFilter.java:53)
		at org.apache.catalina.core.ApplicationFilterChain.internalDoFilter(ApplicationFilterChain.java:164)
		at org.apache.catalina.core.ApplicationFilterChain.doFilter(ApplicationFilterChain.java:140)
		at pt.isel.gape.web.filter.HttpsEnforcementFilter.doFilter(HttpsEnforcementFilter.java:36)
		at org.apache.catalina.core.ApplicationFilterChain.internalDoFilter(ApplicationFilterChain.java:164)
		at org.apache.catalina.core.ApplicationFilterChain.doFilter(ApplicationFilterChain.java:140)
		at org.apache.catalina.core.StandardWrapperValve.invoke(StandardWrapperValve.java:167)
		at org.apache.catalina.core.StandardContextValve.invoke(StandardContextValve.java:90)
		at org.apache.catalina.authenticator.AuthenticatorBase.invoke(AuthenticatorBase.java:482)
		at org.apache.catalina.core.StandardHostValve.invoke(StandardHostValve.java:115)
		at org.apache.catalina.valves.ErrorReportValve.invoke(ErrorReportValve.java:93)
		at org.apache.catalina.valves.AbstractAccessLogValve.invoke(AbstractAccessLogValve.java:663)
		at org.apache.catalina.core.StandardEngineValve.invoke(StandardEngineValve.java:74)
		at org.apache.catalina.connector.CoyoteAdapter.service(CoyoteAdapter.java:344)
		at org.apache.coyote.http11.Http11Processor.service(Http11Processor.java:389)
		at org.apache.coyote.AbstractProcessorLight.process(AbstractProcessorLight.java:63)
		at org.apache.coyote.AbstractProtocol$ConnectionHandler.process(AbstractProtocol.java:896)
		at org.apache.tomcat.util.net.NioEndpoint$SocketProcessor.doRun(NioEndpoint.java:1741)
		at org.apache.tomcat.util.net.SocketProcessorBase.run(SocketProcessorBase.java:52)
		at org.apache.tomcat.util.threads.ThreadPoolExecutor.runWorker(ThreadPoolExecutor.java:1190)
		at org.apache.tomcat.util.threads.ThreadPoolExecutor$Worker.run(ThreadPoolExecutor.java:659)
		at org.apache.tomcat.util.threads.TaskThread$WrappingRunnable.run(TaskThread.java:63)
		at java.base/java.lang.Thread.run(Thread.java:1474)
21-Jul-2026 00:10:47.527 SEVERE [http-nio-8080-exec-1] org.apache.catalina.core.ApplicationDispatcher.invoke Servlet.service() for servlet [jsp] threw exception
	org.apache.jasper.JasperException: /coordinator/coordinator/subject/coordinator-subjects.jsp (line: [967], column: [0]) Unterminated [&lt;c:if] tag
		at org.apache.jasper.compiler.DefaultErrorHandler.jspError(DefaultErrorHandler.java:41)
		at org.apache.jasper.compiler.ErrorDispatcher.dispatch(ErrorDispatcher.java:299)
		at org.apache.jasper.compiler.ErrorDispatcher.jspError(ErrorDispatcher.java:99)
		at org.apache.jasper.compiler.Parser.parseBody(Parser.java:1695)
		at org.apache.jasper.compiler.Parser.parseOptionalBody(Parser.java:1014)
		at org.apache.jasper.compiler.Parser.parseCustomTag(Parser.java:1289)
		at org.apache.jasper.compiler.Parser.parseElements(Parser.java:1469)
		at org.apache.jasper.compiler.Parser.parse(Parser.java:138)
		at org.apache.jasper.compiler.ParserController.doParse(ParserController.java:245)
		at org.apache.jasper.compiler.ParserController.parse(ParserController.java:106)
		at org.apache.jasper.compiler.Compiler.generateJava(Compiler.java:211)
		at org.apache.jasper.compiler.Compiler.compile(Compiler.java:396)
		at org.apache.jasper.compiler.Compiler.compile(Compiler.java:372)
		at org.apache.jasper.compiler.Compiler.compile(Compiler.java:356)
		at org.apache.jasper.JspCompilationContext.compile(JspCompilationContext.java:603)
		at org.apache.jasper.servlet.JspServletWrapper.service(JspServletWrapper.java:396)
		at org.apache.jasper.servlet.JspServlet.serviceJspFile(JspServlet.java:380)
		at org.apache.jasper.servlet.JspServlet.service(JspServlet.java:328)
		at jakarta.servlet.http.HttpServlet.service(HttpServlet.java:658)
		at org.apache.catalina.core.ApplicationFilterChain.internalDoFilter(ApplicationFilterChain.java:195)
		at org.apache.catalina.core.ApplicationFilterChain.doFilter(ApplicationFilterChain.java:140)
		at org.apache.tomcat.websocket.server.WsFilter.doFilter(WsFilter.java:51)
		at org.apache.catalina.core.ApplicationFilterChain.internalDoFilter(ApplicationFilterChain.java:164)
		at org.apache.catalina.core.ApplicationFilterChain.doFilter(ApplicationFilterChain.java:140)
		at org.apache.catalina.core.ApplicationDispatcher.invoke(ApplicationDispatcher.java:632)
		at org.apache.catalina.core.ApplicationDispatcher.processRequest(ApplicationDispatcher.java:408)
		at org.apache.catalina.core.ApplicationDispatcher.doForward(ApplicationDispatcher.java:330)
		at org.apache.catalina.core.ApplicationDispatcher.forward(ApplicationDispatcher.java:267)
		at pt.isel.gape.web.controller.DashboardServletSupport.forward(DashboardServletSupport.java:121)
		at pt.isel.gape.web.controller.SubjectManagementServlet.showList(SubjectManagementServlet.java:346)
		at pt.isel.gape.web.controller.SubjectManagementServlet.doGet(SubjectManagementServlet.java:200)
		at jakarta.servlet.http.HttpServlet.service(HttpServlet.java:564)
		at jakarta.servlet.http.HttpServlet.service(HttpServlet.java:658)
		at org.apache.catalina.core.ApplicationFilterChain.internalDoFilter(ApplicationFilterChain.java:195)
		at org.apache.catalina.core.ApplicationFilterChain.doFilter(ApplicationFilterChain.java:140)
		at org.apache.tomcat.websocket.server.WsFilter.doFilter(WsFilter.java:51)
		at org.apache.catalina.core.ApplicationFilterChain.internalDoFilter(ApplicationFilterChain.java:164)
		at org.apache.catalina.core.ApplicationFilterChain.doFilter(ApplicationFilterChain.java:140)
		at pt.isel.gape.web.filter.DashboardEventUnreadFilter.doFilter(DashboardEventUnreadFilter.java:152)
		at org.apache.catalina.core.ApplicationFilterChain.internalDoFilter(ApplicationFilterChain.java:164)
		at org.apache.catalina.core.ApplicationFilterChain.doFilter(ApplicationFilterChain.java:140)
		at pt.isel.gape.web.filter.CsrfFilter.doFilter(CsrfFilter.java:48)
		at org.apache.catalina.core.ApplicationFilterChain.internalDoFilter(ApplicationFilterChain.java:164)
		at org.apache.catalina.core.ApplicationFilterChain.doFilter(ApplicationFilterChain.java:140)
		at pt.isel.gape.web.filter.AuthorizationFilter.doFilter(AuthorizationFilter.java:85)
		at org.apache.catalina.core.ApplicationFilterChain.internalDoFilter(ApplicationFilterChain.java:164)
		at org.apache.catalina.core.ApplicationFilterChain.doFilter(ApplicationFilterChain.java:140)
		at pt.isel.gape.web.filter.AuthenticationFilter.doFilter(AuthenticationFilter.java:87)
		at org.apache.catalina.core.ApplicationFilterChain.internalDoFilter(ApplicationFilterChain.java:164)
		at org.apache.catalina.core.ApplicationFilterChain.doFilter(ApplicationFilterChain.java:140)
		at pt.isel.gape.web.filter.SecurityHeadersFilter.doFilter(SecurityHeadersFilter.java:53)
		at org.apache.catalina.core.ApplicationFilterChain.internalDoFilter(ApplicationFilterChain.java:164)
		at org.apache.catalina.core.ApplicationFilterChain.doFilter(ApplicationFilterChain.java:140)
		at pt.isel.gape.web.filter.HttpsEnforcementFilter.doFilter(HttpsEnforcementFilter.java:36)
		at org.apache.catalina.core.ApplicationFilterChain.internalDoFilter(ApplicationFilterChain.java:164)
		at org.apache.catalina.core.ApplicationFilterChain.doFilter(ApplicationFilterChain.java:140)
		at org.apache.catalina.core.StandardWrapperValve.invoke(StandardWrapperValve.java:167)
		at org.apache.catalina.core.StandardContextValve.invoke(StandardContextValve.java:90)
		at org.apache.catalina.authenticator.AuthenticatorBase.invoke(AuthenticatorBase.java:482)
		at org.apache.catalina.core.StandardHostValve.invoke(StandardHostValve.java:115)
		at org.apache.catalina.valves.ErrorReportValve.invoke(ErrorReportValve.java:93)
		at org.apache.catalina.valves.AbstractAccessLogValve.invoke(AbstractAccessLogValve.java:663)
		at org.apache.catalina.core.StandardEngineValve.invoke(StandardEngineValve.java:74)
		at org.apache.catalina.connector.CoyoteAdapter.service(CoyoteAdapter.java:344)
		at org.apache.coyote.http11.Http11Processor.service(Http11Processor.java:389)
		at org.apache.coyote.AbstractProcessorLight.process(AbstractProcessorLight.java:63)
		at org.apache.coyote.AbstractProtocol$ConnectionHandler.process(AbstractProtocol.java:896)
		at org.apache.tomcat.util.net.NioEndpoint$SocketProcessor.doRun(NioEndpoint.java:1741)
		at org.apache.tomcat.util.net.SocketProcessorBase.run(SocketProcessorBase.java:52)
		at org.apache.tomcat.util.threads.ThreadPoolExecutor.runWorker(ThreadPoolExecutor.java:1190)
		at org.apache.tomcat.util.threads.ThreadPoolExecutor$Worker.run(ThreadPoolExecutor.java:659)
		at org.apache.tomcat.util.threads.TaskThread$WrappingRunnable.run(TaskThread.java:63)
		at java.base/java.lang.Thread.run(Thread.java:1474)
21-Jul-2026 00:10:47.528 SEVERE [http-nio-8080-exec-1] org.apache.catalina.core.StandardWrapperValve.invoke Servlet.service() for servlet [subjectManagementServlet] in context with path [/GAPE] threw exception [/coordinator/coordinator/subject/coordinator-subjects.jsp (line: [967], column: [0]) Unterminated [&lt;c:if] tag] with root cause
	org.apache.jasper.JasperException: /coordinator/coordinator/subject/coordinator-subjects.jsp (line: [967], column: [0]) Unterminated [&lt;c:if] tag
		at org.apache.jasper.compiler.DefaultErrorHandler.jspError(DefaultErrorHandler.java:41)
		at org.apache.jasper.compiler.ErrorDispatcher.dispatch(ErrorDispatcher.java:299)
		at org.apache.jasper.compiler.ErrorDispatcher.jspError(ErrorDispatcher.java:99)
		at org.apache.jasper.compiler.Parser.parseBody(Parser.java:1695)
		at org.apache.jasper.compiler.Parser.parseOptionalBody(Parser.java:1014)
		at org.apache.jasper.compiler.Parser.parseCustomTag(Parser.java:1289)
		at org.apache.jasper.compiler.Parser.parseElements(Parser.java:1469)
		at org.apache.jasper.compiler.Parser.parse(Parser.java:138)
		at org.apache.jasper.compiler.ParserController.doParse(ParserController.java:245)
		at org.apache.jasper.compiler.ParserController.parse(ParserController.java:106)
		at org.apache.jasper.compiler.Compiler.generateJava(Compiler.java:211)
		at org.apache.jasper.compiler.Compiler.compile(Compiler.java:396)
		at org.apache.jasper.compiler.Compiler.compile(Compiler.java:372)
		at org.apache.jasper.compiler.Compiler.compile(Compiler.java:356)
		at org.apache.jasper.JspCompilationContext.compile(JspCompilationContext.java:603)
		at org.apache.jasper.servlet.JspServletWrapper.service(JspServletWrapper.java:396)
		at org.apache.jasper.servlet.JspServlet.serviceJspFile(JspServlet.java:380)
		at org.apache.jasper.servlet.JspServlet.service(JspServlet.java:328)
		at jakarta.servlet.http.HttpServlet.service(HttpServlet.java:658)
		at org.apache.catalina.core.ApplicationFilterChain.internalDoFilter(ApplicationFilterChain.java:195)
		at org.apache.catalina.core.ApplicationFilterChain.doFilter(ApplicationFilterChain.java:140)
		at org.apache.tomcat.websocket.server.WsFilter.doFilter(WsFilter.java:51)
		at org.apache.catalina.core.ApplicationFilterChain.internalDoFilter(ApplicationFilterChain.java:164)
		at org.apache.catalina.core.ApplicationFilterChain.doFilter(ApplicationFilterChain.java:140)
		at org.apache.catalina.core.ApplicationDispatcher.invoke(ApplicationDispatcher.java:632)
		at org.apache.catalina.core.ApplicationDispatcher.processRequest(ApplicationDispatcher.java:408)
		at org.apache.catalina.core.ApplicationDispatcher.doForward(ApplicationDispatcher.java:330)
		at org.apache.catalina.core.ApplicationDispatcher.forward(ApplicationDispatcher.java:267)
		at pt.isel.gape.web.controller.DashboardServletSupport.forward(DashboardServletSupport.java:121)
		at pt.isel.gape.web.controller.SubjectManagementServlet.showList(SubjectManagementServlet.java:346)
		at pt.isel.gape.web.controller.SubjectManagementServlet.doGet(SubjectManagementServlet.java:200)
		at jakarta.servlet.http.HttpServlet.service(HttpServlet.java:564)
		at jakarta.servlet.http.HttpServlet.service(HttpServlet.java:658)
		at org.apache.catalina.core.ApplicationFilterChain.internalDoFilter(ApplicationFilterChain.java:195)
		at org.apache.catalina.core.ApplicationFilterChain.doFilter(ApplicationFilterChain.java:140)
		at org.apache.tomcat.websocket.server.WsFilter.doFilter(WsFilter.java:51)
		at org.apache.catalina.core.ApplicationFilterChain.internalDoFilter(ApplicationFilterChain.java:164)
		at org.apache.catalina.core.ApplicationFilterChain.doFilter(ApplicationFilterChain.java:140)
		at pt.isel.gape.web.filter.DashboardEventUnreadFilter.doFilter(DashboardEventUnreadFilter.java:152)
		at org.apache.catalina.core.ApplicationFilterChain.internalDoFilter(ApplicationFilterChain.java:164)
		at org.apache.catalina.core.ApplicationFilterChain.doFilter(ApplicationFilterChain.java:140)
		at pt.isel.gape.web.filter.CsrfFilter.doFilter(CsrfFilter.java:48)
		at org.apache.catalina.core.ApplicationFilterChain.internalDoFilter(ApplicationFilterChain.java:164)
		at org.apache.catalina.core.ApplicationFilterChain.doFilter(ApplicationFilterChain.java:140)
		at pt.isel.gape.web.filter.AuthorizationFilter.doFilter(AuthorizationFilter.java:85)
		at org.apache.catalina.core.ApplicationFilterChain.internalDoFilter(ApplicationFilterChain.java:164)
		at org.apache.catalina.core.ApplicationFilterChain.doFilter(ApplicationFilterChain.java:140)
		at pt.isel.gape.web.filter.AuthenticationFilter.doFilter(AuthenticationFilter.java:87)
		at org.apache.catalina.core.ApplicationFilterChain.internalDoFilter(ApplicationFilterChain.java:164)
		at org.apache.catalina.core.ApplicationFilterChain.doFilter(ApplicationFilterChain.java:140)
		at pt.isel.gape.web.filter.SecurityHeadersFilter.doFilter(SecurityHeadersFilter.java:53)
		at org.apache.catalina.core.ApplicationFilterChain.internalDoFilter(ApplicationFilterChain.java:164)
		at org.apache.catalina.core.ApplicationFilterChain.doFilter(ApplicationFilterChain.java:140)
		at pt.isel.gape.web.filter.HttpsEnforcementFilter.doFilter(HttpsEnforcementFilter.java:36)
		at org.apache.catalina.core.ApplicationFilterChain.internalDoFilter(ApplicationFilterChain.java:164)
		at org.apache.catalina.core.ApplicationFilterChain.doFilter(ApplicationFilterChain.java:140)
		at org.apache.catalina.core.StandardWrapperValve.invoke(StandardWrapperValve.java:167)
		at org.apache.catalina.core.StandardContextValve.invoke(StandardContextValve.java:90)
		at org.apache.catalina.authenticator.AuthenticatorBase.invoke(AuthenticatorBase.java:482)
		at org.apache.catalina.core.StandardHostValve.invoke(StandardHostValve.java:115)
		at org.apache.catalina.valves.ErrorReportValve.invoke(ErrorReportValve.java:93)
		at org.apache.catalina.valves.AbstractAccessLogValve.invoke(AbstractAccessLogValve.java:663)
		at org.apache.catalina.core.StandardEngineValve.invoke(StandardEngineValve.java:74)
		at org.apache.catalina.connector.CoyoteAdapter.service(CoyoteAdapter.java:344)
		at org.apache.coyote.http11.Http11Processor.service(Http11Processor.java:389)
		at org.apache.coyote.AbstractProcessorLight.process(AbstractProcessorLight.java:63)
		at org.apache.coyote.AbstractProtocol$ConnectionHandler.process(AbstractProtocol.java:896)
		at org.apache.tomcat.util.net.NioEndpoint$SocketProcessor.doRun(NioEndpoint.java:1741)
		at org.apache.tomcat.util.net.SocketProcessorBase.run(SocketProcessorBase.java:52)
		at org.apache.tomcat.util.threads.ThreadPoolExecutor.runWorker(ThreadPoolExecutor.java:1190)
		at org.apache.tomcat.util.threads.ThreadPoolExecutor$Worker.run(ThreadPoolExecutor.java:659)
		at org.apache.tomcat.util.threads.TaskThread$WrappingRunnable.run(TaskThread.java:63)
		at java.base/java.lang.Thread.run(Thread.java:1474)
21-Jul-2026 00:10:47.841 SEVERE [http-nio-8080-exec-5] org.apache.catalina.core.ApplicationDispatcher.invoke Servlet.service() for servlet [jsp] threw exception
	java.lang.ClassNotFoundException: org.apache.jsp.coordinator.coordinator.subject.coordinator_002dsubjects_jsp
		at java.base/java.net.URLClassLoader.findClass(URLClassLoader.java:377)
		at org.apache.jasper.servlet.JasperLoader.loadClass(JasperLoader.java:129)
		at org.apache.jasper.servlet.JasperLoader.loadClass(JasperLoader.java:58)
		at org.apache.catalina.core.DefaultInstanceManager.newInstance(DefaultInstanceManager.java:151)
		at org.apache.jasper.servlet.JspServletWrapper.getServlet(JspServletWrapper.java:189)
		at org.apache.jasper.servlet.JspServletWrapper.service(JspServletWrapper.java:410)
		at org.apache.jasper.servlet.JspServlet.serviceJspFile(JspServlet.java:380)
		at org.apache.jasper.servlet.JspServlet.service(JspServlet.java:328)
		at jakarta.servlet.http.HttpServlet.service(HttpServlet.java:658)
		at org.apache.catalina.core.ApplicationFilterChain.internalDoFilter(ApplicationFilterChain.java:195)
		at org.apache.catalina.core.ApplicationFilterChain.doFilter(ApplicationFilterChain.java:140)
		at org.apache.tomcat.websocket.server.WsFilter.doFilter(WsFilter.java:51)
		at org.apache.catalina.core.ApplicationFilterChain.internalDoFilter(ApplicationFilterChain.java:164)
		at org.apache.catalina.core.ApplicationFilterChain.doFilter(ApplicationFilterChain.java:140)
		at org.apache.catalina.core.ApplicationDispatcher.invoke(ApplicationDispatcher.java:632)
		at org.apache.catalina.core.ApplicationDispatcher.processRequest(ApplicationDispatcher.java:408)
		at org.apache.catalina.core.ApplicationDispatcher.doForward(ApplicationDispatcher.java:330)
		at org.apache.catalina.core.ApplicationDispatcher.forward(ApplicationDispatcher.java:267)
		at pt.isel.gape.web.controller.DashboardServletSupport.forward(DashboardServletSupport.java:121)
		at pt.isel.gape.web.controller.SubjectManagementServlet.showList(SubjectManagementServlet.java:346)
		at pt.isel.gape.web.controller.SubjectManagementServlet.doGet(SubjectManagementServlet.java:200)
		at jakarta.servlet.http.HttpServlet.service(HttpServlet.java:564)
		at jakarta.servlet.http.HttpServlet.service(HttpServlet.java:658)
		at org.apache.catalina.core.ApplicationFilterChain.internalDoFilter(ApplicationFilterChain.java:195)
		at org.apache.catalina.core.ApplicationFilterChain.doFilter(ApplicationFilterChain.java:140)
		at org.apache.tomcat.websocket.server.WsFilter.doFilter(WsFilter.java:51)
		at org.apache.catalina.core.ApplicationFilterChain.internalDoFilter(ApplicationFilterChain.java:164)
		at org.apache.catalina.core.ApplicationFilterChain.doFilter(ApplicationFilterChain.java:140)
		at pt.isel.gape.web.filter.DashboardEventUnreadFilter.doFilter(DashboardEventUnreadFilter.java:152)
		at org.apache.catalina.core.ApplicationFilterChain.internalDoFilter(ApplicationFilterChain.java:164)
		at org.apache.catalina.core.ApplicationFilterChain.doFilter(ApplicationFilterChain.java:140)
		at pt.isel.gape.web.filter.CsrfFilter.doFilter(CsrfFilter.java:48)
		at org.apache.catalina.core.ApplicationFilterChain.internalDoFilter(ApplicationFilterChain.java:164)
		at org.apache.catalina.core.ApplicationFilterChain.doFilter(ApplicationFilterChain.java:140)
		at pt.isel.gape.web.filter.AuthorizationFilter.doFilter(AuthorizationFilter.java:85)
		at org.apache.catalina.core.ApplicationFilterChain.internalDoFilter(ApplicationFilterChain.java:164)
		at org.apache.catalina.core.ApplicationFilterChain.doFilter(ApplicationFilterChain.java:140)
		at pt.isel.gape.web.filter.AuthenticationFilter.doFilter(AuthenticationFilter.java:87)
		at org.apache.catalina.core.ApplicationFilterChain.internalDoFilter(ApplicationFilterChain.java:164)
		at org.apache.catalina.core.ApplicationFilterChain.doFilter(ApplicationFilterChain.java:140)
		at pt.isel.gape.web.filter.SecurityHeadersFilter.doFilter(SecurityHeadersFilter.java:53)
		at org.apache.catalina.core.ApplicationFilterChain.internalDoFilter(ApplicationFilterChain.java:164)
		at org.apache.catalina.core.ApplicationFilterChain.doFilter(ApplicationFilterChain.java:140)
		at pt.isel.gape.web.filter.HttpsEnforcementFilter.doFilter(HttpsEnforcementFilter.java:36)
		at org.apache.catalina.core.ApplicationFilterChain.internalDoFilter(ApplicationFilterChain.java:164)
		at org.apache.catalina.core.ApplicationFilterChain.doFilter(ApplicationFilterChain.java:140)
		at org.apache.catalina.core.StandardWrapperValve.invoke(StandardWrapperValve.java:167)
		at org.apache.catalina.core.StandardContextValve.invoke(StandardContextValve.java:90)
		at org.apache.catalina.authenticator.AuthenticatorBase.invoke(AuthenticatorBase.java:482)
		at org.apache.catalina.core.StandardHostValve.invoke(StandardHostValve.java:115)
		at org.apache.catalina.valves.ErrorReportValve.invoke(ErrorReportValve.java:93)
		at org.apache.catalina.valves.AbstractAccessLogValve.invoke(AbstractAccessLogValve.java:663)
		at org.apache.catalina.core.StandardEngineValve.invoke(StandardEngineValve.java:74)
		at org.apache.catalina.connector.CoyoteAdapter.service(CoyoteAdapter.java:344)
		at org.apache.coyote.http11.Http11Processor.service(Http11Processor.java:389)
		at org.apache.coyote.AbstractProcessorLight.process(AbstractProcessorLight.java:63)
		at org.apache.coyote.AbstractProtocol$ConnectionHandler.process(AbstractProtocol.java:896)
		at org.apache.tomcat.util.net.NioEndpoint$SocketProcessor.doRun(NioEndpoint.java:1741)
		at org.apache.tomcat.util.net.SocketProcessorBase.run(SocketProcessorBase.java:52)
		at org.apache.tomcat.util.threads.ThreadPoolExecutor.runWorker(ThreadPoolExecutor.java:1190)
		at org.apache.tomcat.util.threads.ThreadPoolExecutor$Worker.run(ThreadPoolExecutor.java:659)
		at org.apache.tomcat.util.threads.TaskThread$WrappingRunnable.run(TaskThread.java:63)
		at java.base/java.lang.Thread.run(Thread.java:1474)
21-Jul-2026 00:10:47.841 SEVERE [http-nio-8080-exec-5] org.apache.catalina.core.StandardWrapperValve.invoke Servlet.service() for servlet [subjectManagementServlet] in context with path [/GAPE] threw exception [org.apache.jasper.JasperException: java.lang.ClassNotFoundException: org.apache.jsp.coordinator.coordinator.subject.coordinator_002dsubjects_jsp] with root cause
	java.lang.ClassNotFoundException: org.apache.jsp.coordinator.coordinator.subject.coordinator_002dsubjects_jsp
		at java.base/java.net.URLClassLoader.findClass(URLClassLoader.java:377)
		at org.apache.jasper.servlet.JasperLoader.loadClass(JasperLoader.java:129)
		at org.apache.jasper.servlet.JasperLoader.loadClass(JasperLoader.java:58)
		at org.apache.catalina.core.DefaultInstanceManager.newInstance(DefaultInstanceManager.java:151)
		at org.apache.jasper.servlet.JspServletWrapper.getServlet(JspServletWrapper.java:189)
		at org.apache.jasper.servlet.JspServletWrapper.service(JspServletWrapper.java:410)
		at org.apache.jasper.servlet.JspServlet.serviceJspFile(JspServlet.java:380)
		at org.apache.jasper.servlet.JspServlet.service(JspServlet.java:328)
		at jakarta.servlet.http.HttpServlet.service(HttpServlet.java:658)
		at org.apache.catalina.core.ApplicationFilterChain.internalDoFilter(ApplicationFilterChain.java:195)
		at org.apache.catalina.core.ApplicationFilterChain.doFilter(ApplicationFilterChain.java:140)
		at org.apache.tomcat.websocket.server.WsFilter.doFilter(WsFilter.java:51)
		at org.apache.catalina.core.ApplicationFilterChain.internalDoFilter(ApplicationFilterChain.java:164)
		at org.apache.catalina.core.ApplicationFilterChain.doFilter(ApplicationFilterChain.java:140)
		at org.apache.catalina.core.ApplicationDispatcher.invoke(ApplicationDispatcher.java:632)
		at org.apache.catalina.core.ApplicationDispatcher.processRequest(ApplicationDispatcher.java:408)
		at org.apache.catalina.core.ApplicationDispatcher.doForward(ApplicationDispatcher.java:330)
		at org.apache.catalina.core.ApplicationDispatcher.forward(ApplicationDispatcher.java:267)
		at pt.isel.gape.web.controller.DashboardServletSupport.forward(DashboardServletSupport.java:121)
		at pt.isel.gape.web.controller.SubjectManagementServlet.showList(SubjectManagementServlet.java:346)
		at pt.isel.gape.web.controller.SubjectManagementServlet.doGet(SubjectManagementServlet.java:200)
		at jakarta.servlet.http.HttpServlet.service(HttpServlet.java:564)
		at jakarta.servlet.http.HttpServlet.service(HttpServlet.java:658)
		at org.apache.catalina.core.ApplicationFilterChain.internalDoFilter(ApplicationFilterChain.java:195)
		at org.apache.catalina.core.ApplicationFilterChain.doFilter(ApplicationFilterChain.java:140)
		at org.apache.tomcat.websocket.server.WsFilter.doFilter(WsFilter.java:51)
		at org.apache.catalina.core.ApplicationFilterChain.internalDoFilter(ApplicationFilterChain.java:164)
		at org.apache.catalina.core.ApplicationFilterChain.doFilter(ApplicationFilterChain.java:140)
		at pt.isel.gape.web.filter.DashboardEventUnreadFilter.doFilter(DashboardEventUnreadFilter.java:152)
		at org.apache.catalina.core.ApplicationFilterChain.internalDoFilter(ApplicationFilterChain.java:164)
		at org.apache.catalina.core.ApplicationFilterChain.doFilter(ApplicationFilterChain.java:140)
		at pt.isel.gape.web.filter.CsrfFilter.doFilter(CsrfFilter.java:48)
		at org.apache.catalina.core.ApplicationFilterChain.internalDoFilter(ApplicationFilterChain.java:164)
		at org.apache.catalina.core.ApplicationFilterChain.doFilter(ApplicationFilterChain.java:140)
		at pt.isel.gape.web.filter.AuthorizationFilter.doFilter(AuthorizationFilter.java:85)
		at org.apache.catalina.core.ApplicationFilterChain.internalDoFilter(ApplicationFilterChain.java:164)
		at org.apache.catalina.core.ApplicationFilterChain.doFilter(ApplicationFilterChain.java:140)
		at pt.isel.gape.web.filter.AuthenticationFilter.doFilter(AuthenticationFilter.java:87)
		at org.apache.catalina.core.ApplicationFilterChain.internalDoFilter(ApplicationFilterChain.java:164)
		at org.apache.catalina.core.ApplicationFilterChain.doFilter(ApplicationFilterChain.java:140)
		at pt.isel.gape.web.filter.SecurityHeadersFilter.doFilter(SecurityHeadersFilter.java:53)
		at org.apache.catalina.core.ApplicationFilterChain.internalDoFilter(ApplicationFilterChain.java:164)
		at org.apache.catalina.core.ApplicationFilterChain.doFilter(ApplicationFilterChain.java:140)
		at pt.isel.gape.web.filter.HttpsEnforcementFilter.doFilter(HttpsEnforcementFilter.java:36)
		at org.apache.catalina.core.ApplicationFilterChain.internalDoFilter(ApplicationFilterChain.java:164)
		at org.apache.catalina.core.ApplicationFilterChain.doFilter(ApplicationFilterChain.java:140)
		at org.apache.catalina.core.StandardWrapperValve.invoke(StandardWrapperValve.java:167)
		at org.apache.catalina.core.StandardContextValve.invoke(StandardContextValve.java:90)
		at org.apache.catalina.authenticator.AuthenticatorBase.invoke(AuthenticatorBase.java:482)
		at org.apache.catalina.core.StandardHostValve.invoke(StandardHostValve.java:115)
		at org.apache.catalina.valves.ErrorReportValve.invoke(ErrorReportValve.java:93)
		at org.apache.catalina.valves.AbstractAccessLogValve.invoke(AbstractAccessLogValve.java:663)
		at org.apache.catalina.core.StandardEngineValve.invoke(StandardEngineValve.java:74)
		at org.apache.catalina.connector.CoyoteAdapter.service(CoyoteAdapter.java:344)
		at org.apache.coyote.http11.Http11Processor.service(Http11Processor.java:389)
		at org.apache.coyote.AbstractProcessorLight.process(AbstractProcessorLight.java:63)
		at org.apache.coyote.AbstractProtocol$ConnectionHandler.process(AbstractProtocol.java:896)
		at org.apache.tomcat.util.net.NioEndpoint$SocketProcessor.doRun(NioEndpoint.java:1741)
		at org.apache.tomcat.util.net.SocketProcessorBase.run(SocketProcessorBase.java:52)
		at org.apache.tomcat.util.threads.ThreadPoolExecutor.runWorker(ThreadPoolExecutor.java:1190)
		at org.apache.tomcat.util.threads.ThreadPoolExecutor$Worker.run(ThreadPoolExecutor.java:659)
		at org.apache.tomcat.util.threads.TaskThread$WrappingRunnable.run(TaskThread.java:63)
		at java.base/java.lang.Thread.run(Thread.java:1474)
21-Jul-2026 00:10:58.482 SEVERE [http-nio-8080-exec-3] org.apache.catalina.core.ApplicationDispatcher.invoke Servlet.service() for servlet [jsp] threw exception
	org.apache.jasper.JasperException: /instructor/instructor/subject/instructor-subjects.jsp (line: [967], column: [0]) Unterminated [&lt;c:if] tag
		at org.apache.jasper.compiler.DefaultErrorHandler.jspError(DefaultErrorHandler.java:41)
		at org.apache.jasper.compiler.ErrorDispatcher.dispatch(ErrorDispatcher.java:299)
		at org.apache.jasper.compiler.ErrorDispatcher.jspError(ErrorDispatcher.java:99)
		at org.apache.jasper.compiler.Parser.parseBody(Parser.java:1695)
		at org.apache.jasper.compiler.Parser.parseOptionalBody(Parser.java:1014)
		at org.apache.jasper.compiler.Parser.parseCustomTag(Parser.java:1289)
		at org.apache.jasper.compiler.Parser.parseElements(Parser.java:1469)
		at org.apache.jasper.compiler.Parser.parse(Parser.java:138)
		at org.apache.jasper.compiler.ParserController.doParse(ParserController.java:245)
		at org.apache.jasper.compiler.ParserController.parse(ParserController.java:106)
		at org.apache.jasper.compiler.Compiler.generateJava(Compiler.java:211)
		at org.apache.jasper.compiler.Compiler.compile(Compiler.java:396)
		at org.apache.jasper.compiler.Compiler.compile(Compiler.java:372)
		at org.apache.jasper.compiler.Compiler.compile(Compiler.java:356)
		at org.apache.jasper.JspCompilationContext.compile(JspCompilationContext.java:603)
		at org.apache.jasper.servlet.JspServletWrapper.service(JspServletWrapper.java:396)
		at org.apache.jasper.servlet.JspServlet.serviceJspFile(JspServlet.java:380)
		at org.apache.jasper.servlet.JspServlet.service(JspServlet.java:328)
		at jakarta.servlet.http.HttpServlet.service(HttpServlet.java:658)
		at org.apache.catalina.core.ApplicationFilterChain.internalDoFilter(ApplicationFilterChain.java:195)
		at org.apache.catalina.core.ApplicationFilterChain.doFilter(ApplicationFilterChain.java:140)
		at org.apache.tomcat.websocket.server.WsFilter.doFilter(WsFilter.java:51)
		at org.apache.catalina.core.ApplicationFilterChain.internalDoFilter(ApplicationFilterChain.java:164)
		at org.apache.catalina.core.ApplicationFilterChain.doFilter(ApplicationFilterChain.java:140)
		at org.apache.catalina.core.ApplicationDispatcher.invoke(ApplicationDispatcher.java:632)
		at org.apache.catalina.core.ApplicationDispatcher.processRequest(ApplicationDispatcher.java:408)
		at org.apache.catalina.core.ApplicationDispatcher.doForward(ApplicationDispatcher.java:330)
		at org.apache.catalina.core.ApplicationDispatcher.forward(ApplicationDispatcher.java:267)
		at pt.isel.gape.web.controller.DashboardServletSupport.forward(DashboardServletSupport.java:121)
		at pt.isel.gape.web.controller.SubjectManagementServlet.showList(SubjectManagementServlet.java:346)
		at pt.isel.gape.web.controller.SubjectManagementServlet.doGet(SubjectManagementServlet.java:200)
		at jakarta.servlet.http.HttpServlet.service(HttpServlet.java:564)
		at jakarta.servlet.http.HttpServlet.service(HttpServlet.java:658)
		at org.apache.catalina.core.ApplicationFilterChain.internalDoFilter(ApplicationFilterChain.java:195)
		at org.apache.catalina.core.ApplicationFilterChain.doFilter(ApplicationFilterChain.java:140)
		at org.apache.tomcat.websocket.server.WsFilter.doFilter(WsFilter.java:51)
		at org.apache.catalina.core.ApplicationFilterChain.internalDoFilter(ApplicationFilterChain.java:164)
		at org.apache.catalina.core.ApplicationFilterChain.doFilter(ApplicationFilterChain.java:140)
		at pt.isel.gape.web.filter.DashboardEventUnreadFilter.doFilter(DashboardEventUnreadFilter.java:152)
		at org.apache.catalina.core.ApplicationFilterChain.internalDoFilter(ApplicationFilterChain.java:164)
		at org.apache.catalina.core.ApplicationFilterChain.doFilter(ApplicationFilterChain.java:140)
		at pt.isel.gape.web.filter.CsrfFilter.doFilter(CsrfFilter.java:48)
		at org.apache.catalina.core.ApplicationFilterChain.internalDoFilter(ApplicationFilterChain.java:164)
		at org.apache.catalina.core.ApplicationFilterChain.doFilter(ApplicationFilterChain.java:140)
		at pt.isel.gape.web.filter.AuthorizationFilter.doFilter(AuthorizationFilter.java:85)
		at org.apache.catalina.core.ApplicationFilterChain.internalDoFilter(ApplicationFilterChain.java:164)
		at org.apache.catalina.core.ApplicationFilterChain.doFilter(ApplicationFilterChain.java:140)
		at pt.isel.gape.web.filter.AuthenticationFilter.doFilter(AuthenticationFilter.java:87)
		at org.apache.catalina.core.ApplicationFilterChain.internalDoFilter(ApplicationFilterChain.java:164)
		at org.apache.catalina.core.ApplicationFilterChain.doFilter(ApplicationFilterChain.java:140)
		at pt.isel.gape.web.filter.SecurityHeadersFilter.doFilter(SecurityHeadersFilter.java:53)
		at org.apache.catalina.core.ApplicationFilterChain.internalDoFilter(ApplicationFilterChain.java:164)
		at org.apache.catalina.core.ApplicationFilterChain.doFilter(ApplicationFilterChain.java:140)
		at pt.isel.gape.web.filter.HttpsEnforcementFilter.doFilter(HttpsEnforcementFilter.java:36)
		at org.apache.catalina.core.ApplicationFilterChain.internalDoFilter(ApplicationFilterChain.java:164)
		at org.apache.catalina.core.ApplicationFilterChain.doFilter(ApplicationFilterChain.java:140)
		at org.apache.catalina.core.StandardWrapperValve.invoke(StandardWrapperValve.java:167)
		at org.apache.catalina.core.StandardContextValve.invoke(StandardContextValve.java:90)
		at org.apache.catalina.authenticator.AuthenticatorBase.invoke(AuthenticatorBase.java:482)
		at org.apache.catalina.core.StandardHostValve.invoke(StandardHostValve.java:115)
		at org.apache.catalina.valves.ErrorReportValve.invoke(ErrorReportValve.java:93)
		at org.apache.catalina.valves.AbstractAccessLogValve.invoke(AbstractAccessLogValve.java:663)
		at org.apache.catalina.core.StandardEngineValve.invoke(StandardEngineValve.java:74)
		at org.apache.catalina.connector.CoyoteAdapter.service(CoyoteAdapter.java:344)
		at org.apache.coyote.http11.Http11Processor.service(Http11Processor.java:389)
		at org.apache.coyote.AbstractProcessorLight.process(AbstractProcessorLight.java:63)
		at org.apache.coyote.AbstractProtocol$ConnectionHandler.process(AbstractProtocol.java:896)
		at org.apache.tomcat.util.net.NioEndpoint$SocketProcessor.doRun(NioEndpoint.java:1741)
		at org.apache.tomcat.util.net.SocketProcessorBase.run(SocketProcessorBase.java:52)
		at org.apache.tomcat.util.threads.ThreadPoolExecutor.runWorker(ThreadPoolExecutor.java:1190)
		at org.apache.tomcat.util.threads.ThreadPoolExecutor$Worker.run(ThreadPoolExecutor.java:659)
		at org.apache.tomcat.util.threads.TaskThread$WrappingRunnable.run(TaskThread.java:63)
		at java.base/java.lang.Thread.run(Thread.java:1474)
21-Jul-2026 00:10:58.483 SEVERE [http-nio-8080-exec-3] org.apache.catalina.core.StandardWrapperValve.invoke Servlet.service() for servlet [subjectManagementServlet] in context with path [/GAPE] threw exception [/instructor/instructor/subject/instructor-subjects.jsp (line: [967], column: [0]) Unterminated [&lt;c:if] tag] with root cause
	org.apache.jasper.JasperException: /instructor/instructor/subject/instructor-subjects.jsp (line: [967], column: [0]) Unterminated [&lt;c:if] tag
		at org.apache.jasper.compiler.DefaultErrorHandler.jspError(DefaultErrorHandler.java:41)
		at org.apache.jasper.compiler.ErrorDispatcher.dispatch(ErrorDispatcher.java:299)
		at org.apache.jasper.compiler.ErrorDispatcher.jspError(ErrorDispatcher.java:99)
		at org.apache.jasper.compiler.Parser.parseBody(Parser.java:1695)
		at org.apache.jasper.compiler.Parser.parseOptionalBody(Parser.java:1014)
		at org.apache.jasper.compiler.Parser.parseCustomTag(Parser.java:1289)
		at org.apache.jasper.compiler.Parser.parseElements(Parser.java:1469)
		at org.apache.jasper.compiler.Parser.parse(Parser.java:138)
		at org.apache.jasper.compiler.ParserController.doParse(ParserController.java:245)
		at org.apache.jasper.compiler.ParserController.parse(ParserController.java:106)
		at org.apache.jasper.compiler.Compiler.generateJava(Compiler.java:211)
		at org.apache.jasper.compiler.Compiler.compile(Compiler.java:396)
		at org.apache.jasper.compiler.Compiler.compile(Compiler.java:372)
		at org.apache.jasper.compiler.Compiler.compile(Compiler.java:356)
		at org.apache.jasper.JspCompilationContext.compile(JspCompilationContext.java:603)
		at org.apache.jasper.servlet.JspServletWrapper.service(JspServletWrapper.java:396)
		at org.apache.jasper.servlet.JspServlet.serviceJspFile(JspServlet.java:380)
		at org.apache.jasper.servlet.JspServlet.service(JspServlet.java:328)
		at jakarta.servlet.http.HttpServlet.service(HttpServlet.java:658)
		at org.apache.catalina.core.ApplicationFilterChain.internalDoFilter(ApplicationFilterChain.java:195)
		at org.apache.catalina.core.ApplicationFilterChain.doFilter(ApplicationFilterChain.java:140)
		at org.apache.tomcat.websocket.server.WsFilter.doFilter(WsFilter.java:51)
		at org.apache.catalina.core.ApplicationFilterChain.internalDoFilter(ApplicationFilterChain.java:164)
		at org.apache.catalina.core.ApplicationFilterChain.doFilter(ApplicationFilterChain.java:140)
		at org.apache.catalina.core.ApplicationDispatcher.invoke(ApplicationDispatcher.java:632)
		at org.apache.catalina.core.ApplicationDispatcher.processRequest(ApplicationDispatcher.java:408)
		at org.apache.catalina.core.ApplicationDispatcher.doForward(ApplicationDispatcher.java:330)
		at org.apache.catalina.core.ApplicationDispatcher.forward(ApplicationDispatcher.java:267)
		at pt.isel.gape.web.controller.DashboardServletSupport.forward(DashboardServletSupport.java:121)
		at pt.isel.gape.web.controller.SubjectManagementServlet.showList(SubjectManagementServlet.java:346)
		at pt.isel.gape.web.controller.SubjectManagementServlet.doGet(SubjectManagementServlet.java:200)
		at jakarta.servlet.http.HttpServlet.service(HttpServlet.java:564)
		at jakarta.servlet.http.HttpServlet.service(HttpServlet.java:658)
		at org.apache.catalina.core.ApplicationFilterChain.internalDoFilter(ApplicationFilterChain.java:195)
		at org.apache.catalina.core.ApplicationFilterChain.doFilter(ApplicationFilterChain.java:140)
		at org.apache.tomcat.websocket.server.WsFilter.doFilter(WsFilter.java:51)
		at org.apache.catalina.core.ApplicationFilterChain.internalDoFilter(ApplicationFilterChain.java:164)
		at org.apache.catalina.core.ApplicationFilterChain.doFilter(ApplicationFilterChain.java:140)
		at pt.isel.gape.web.filter.DashboardEventUnreadFilter.doFilter(DashboardEventUnreadFilter.java:152)
		at org.apache.catalina.core.ApplicationFilterChain.internalDoFilter(ApplicationFilterChain.java:164)
		at org.apache.catalina.core.ApplicationFilterChain.doFilter(ApplicationFilterChain.java:140)
		at pt.isel.gape.web.filter.CsrfFilter.doFilter(CsrfFilter.java:48)
		at org.apache.catalina.core.ApplicationFilterChain.internalDoFilter(ApplicationFilterChain.java:164)
		at org.apache.catalina.core.ApplicationFilterChain.doFilter(ApplicationFilterChain.java:140)
		at pt.isel.gape.web.filter.AuthorizationFilter.doFilter(AuthorizationFilter.java:85)
		at org.apache.catalina.core.ApplicationFilterChain.internalDoFilter(ApplicationFilterChain.java:164)
		at org.apache.catalina.core.ApplicationFilterChain.doFilter(ApplicationFilterChain.java:140)
		at pt.isel.gape.web.filter.AuthenticationFilter.doFilter(AuthenticationFilter.java:87)
		at org.apache.catalina.core.ApplicationFilterChain.internalDoFilter(ApplicationFilterChain.java:164)
		at org.apache.catalina.core.ApplicationFilterChain.doFilter(ApplicationFilterChain.java:140)
		at pt.isel.gape.web.filter.SecurityHeadersFilter.doFilter(SecurityHeadersFilter.java:53)
		at org.apache.catalina.core.ApplicationFilterChain.internalDoFilter(ApplicationFilterChain.java:164)
		at org.apache.catalina.core.ApplicationFilterChain.doFilter(ApplicationFilterChain.java:140)
		at pt.isel.gape.web.filter.HttpsEnforcementFilter.doFilter(HttpsEnforcementFilter.java:36)
		at org.apache.catalina.core.ApplicationFilterChain.internalDoFilter(ApplicationFilterChain.java:164)
		at org.apache.catalina.core.ApplicationFilterChain.doFilter(ApplicationFilterChain.java:140)
		at org.apache.catalina.core.StandardWrapperValve.invoke(StandardWrapperValve.java:167)
		at org.apache.catalina.core.StandardContextValve.invoke(StandardContextValve.java:90)
		at org.apache.catalina.authenticator.AuthenticatorBase.invoke(AuthenticatorBase.java:482)
		at org.apache.catalina.core.StandardHostValve.invoke(StandardHostValve.java:115)
		at org.apache.catalina.valves.ErrorReportValve.invoke(ErrorReportValve.java:93)
		at org.apache.catalina.valves.AbstractAccessLogValve.invoke(AbstractAccessLogValve.java:663)
		at org.apache.catalina.core.StandardEngineValve.invoke(StandardEngineValve.java:74)
		at org.apache.catalina.connector.CoyoteAdapter.service(CoyoteAdapter.java:344)
		at org.apache.coyote.http11.Http11Processor.service(Http11Processor.java:389)
		at org.apache.coyote.AbstractProcessorLight.process(AbstractProcessorLight.java:63)
		at org.apache.coyote.AbstractProtocol$ConnectionHandler.process(AbstractProtocol.java:896)
		at org.apache.tomcat.util.net.NioEndpoint$SocketProcessor.doRun(NioEndpoint.java:1741)
		at org.apache.tomcat.util.net.SocketProcessorBase.run(SocketProcessorBase.java:52)
		at org.apache.tomcat.util.threads.ThreadPoolExecutor.runWorker(ThreadPoolExecutor.java:1190)
		at org.apache.tomcat.util.threads.ThreadPoolExecutor$Worker.run(ThreadPoolExecutor.java:659)
		at org.apache.tomcat.util.threads.TaskThread$WrappingRunnable.run(TaskThread.java:63)
		at java.base/java.lang.Thread.run(Thread.java:1474)
21-Jul-2026 00:10:58.743 SEVERE [http-nio-8080-exec-6] org.apache.catalina.core.ApplicationDispatcher.invoke Servlet.service() for servlet [jsp] threw exception
	java.lang.ClassNotFoundException: org.apache.jsp.instructor.instructor.subject.instructor_002dsubjects_jsp
		at java.base/java.net.URLClassLoader.findClass(URLClassLoader.java:377)
		at org.apache.jasper.servlet.JasperLoader.loadClass(JasperLoader.java:129)
		at org.apache.jasper.servlet.JasperLoader.loadClass(JasperLoader.java:58)
		at org.apache.catalina.core.DefaultInstanceManager.newInstance(DefaultInstanceManager.java:151)
		at org.apache.jasper.servlet.JspServletWrapper.getServlet(JspServletWrapper.java:189)
		at org.apache.jasper.servlet.JspServletWrapper.service(JspServletWrapper.java:410)
		at org.apache.jasper.servlet.JspServlet.serviceJspFile(JspServlet.java:380)
		at org.apache.jasper.servlet.JspServlet.service(JspServlet.java:328)
		at jakarta.servlet.http.HttpServlet.service(HttpServlet.java:658)
		at org.apache.catalina.core.ApplicationFilterChain.internalDoFilter(ApplicationFilterChain.java:195)
		at org.apache.catalina.core.ApplicationFilterChain.doFilter(ApplicationFilterChain.java:140)
		at org.apache.tomcat.websocket.server.WsFilter.doFilter(WsFilter.java:51)
		at org.apache.catalina.core.ApplicationFilterChain.internalDoFilter(ApplicationFilterChain.java:164)
		at org.apache.catalina.core.ApplicationFilterChain.doFilter(ApplicationFilterChain.java:140)
		at org.apache.catalina.core.ApplicationDispatcher.invoke(ApplicationDispatcher.java:632)
		at org.apache.catalina.core.ApplicationDispatcher.processRequest(ApplicationDispatcher.java:408)
		at org.apache.catalina.core.ApplicationDispatcher.doForward(ApplicationDispatcher.java:330)
		at org.apache.catalina.core.ApplicationDispatcher.forward(ApplicationDispatcher.java:267)
		at pt.isel.gape.web.controller.DashboardServletSupport.forward(DashboardServletSupport.java:121)
		at pt.isel.gape.web.controller.SubjectManagementServlet.showList(SubjectManagementServlet.java:346)
		at pt.isel.gape.web.controller.SubjectManagementServlet.doGet(SubjectManagementServlet.java:200)
		at jakarta.servlet.http.HttpServlet.service(HttpServlet.java:564)
		at jakarta.servlet.http.HttpServlet.service(HttpServlet.java:658)
		at org.apache.catalina.core.ApplicationFilterChain.internalDoFilter(ApplicationFilterChain.java:195)
		at org.apache.catalina.core.ApplicationFilterChain.doFilter(ApplicationFilterChain.java:140)
		at org.apache.tomcat.websocket.server.WsFilter.doFilter(WsFilter.java:51)
		at org.apache.catalina.core.ApplicationFilterChain.internalDoFilter(ApplicationFilterChain.java:164)
		at org.apache.catalina.core.ApplicationFilterChain.doFilter(ApplicationFilterChain.java:140)
		at pt.isel.gape.web.filter.DashboardEventUnreadFilter.doFilter(DashboardEventUnreadFilter.java:152)
		at org.apache.catalina.core.ApplicationFilterChain.internalDoFilter(ApplicationFilterChain.java:164)
		at org.apache.catalina.core.ApplicationFilterChain.doFilter(ApplicationFilterChain.java:140)
		at pt.isel.gape.web.filter.CsrfFilter.doFilter(CsrfFilter.java:48)
		at org.apache.catalina.core.ApplicationFilterChain.internalDoFilter(ApplicationFilterChain.java:164)
		at org.apache.catalina.core.ApplicationFilterChain.doFilter(ApplicationFilterChain.java:140)
		at pt.isel.gape.web.filter.AuthorizationFilter.doFilter(AuthorizationFilter.java:85)
		at org.apache.catalina.core.ApplicationFilterChain.internalDoFilter(ApplicationFilterChain.java:164)
		at org.apache.catalina.core.ApplicationFilterChain.doFilter(ApplicationFilterChain.java:140)
		at pt.isel.gape.web.filter.AuthenticationFilter.doFilter(AuthenticationFilter.java:87)
		at org.apache.catalina.core.ApplicationFilterChain.internalDoFilter(ApplicationFilterChain.java:164)
		at org.apache.catalina.core.ApplicationFilterChain.doFilter(ApplicationFilterChain.java:140)
		at pt.isel.gape.web.filter.SecurityHeadersFilter.doFilter(SecurityHeadersFilter.java:53)
		at org.apache.catalina.core.ApplicationFilterChain.internalDoFilter(ApplicationFilterChain.java:164)
		at org.apache.catalina.core.ApplicationFilterChain.doFilter(ApplicationFilterChain.java:140)
		at pt.isel.gape.web.filter.HttpsEnforcementFilter.doFilter(HttpsEnforcementFilter.java:36)
		at org.apache.catalina.core.ApplicationFilterChain.internalDoFilter(ApplicationFilterChain.java:164)
		at org.apache.catalina.core.ApplicationFilterChain.doFilter(ApplicationFilterChain.java:140)
		at org.apache.catalina.core.StandardWrapperValve.invoke(StandardWrapperValve.java:167)
		at org.apache.catalina.core.StandardContextValve.invoke(StandardContextValve.java:90)
		at org.apache.catalina.authenticator.AuthenticatorBase.invoke(AuthenticatorBase.java:482)
		at org.apache.catalina.core.StandardHostValve.invoke(StandardHostValve.java:115)
		at org.apache.catalina.valves.ErrorReportValve.invoke(ErrorReportValve.java:93)
		at org.apache.catalina.valves.AbstractAccessLogValve.invoke(AbstractAccessLogValve.java:663)
		at org.apache.catalina.core.StandardEngineValve.invoke(StandardEngineValve.java:74)
		at org.apache.catalina.connector.CoyoteAdapter.service(CoyoteAdapter.java:344)
		at org.apache.coyote.http11.Http11Processor.service(Http11Processor.java:389)
		at org.apache.coyote.AbstractProcessorLight.process(AbstractProcessorLight.java:63)
		at org.apache.coyote.AbstractProtocol$ConnectionHandler.process(AbstractProtocol.java:896)
		at org.apache.tomcat.util.net.NioEndpoint$SocketProcessor.doRun(NioEndpoint.java:1741)
		at org.apache.tomcat.util.net.SocketProcessorBase.run(SocketProcessorBase.java:52)
		at org.apache.tomcat.util.threads.ThreadPoolExecutor.runWorker(ThreadPoolExecutor.java:1190)
		at org.apache.tomcat.util.threads.ThreadPoolExecutor$Worker.run(ThreadPoolExecutor.java:659)
		at org.apache.tomcat.util.threads.TaskThread$WrappingRunnable.run(TaskThread.java:63)
		at java.base/java.lang.Thread.run(Thread.java:1474)
21-Jul-2026 00:10:58.743 SEVERE [http-nio-8080-exec-6] org.apache.catalina.core.StandardWrapperValve.invoke Servlet.service() for servlet [subjectManagementServlet] in context with path [/GAPE] threw exception [org.apache.jasper.JasperException: java.lang.ClassNotFoundException: org.apache.jsp.instructor.instructor.subject.instructor_002dsubjects_jsp] with root cause
	java.lang.ClassNotFoundException: org.apache.jsp.instructor.instructor.subject.instructor_002dsubjects_jsp
		at java.base/java.net.URLClassLoader.findClass(URLClassLoader.java:377)
		at org.apache.jasper.servlet.JasperLoader.loadClass(JasperLoader.java:129)
		at org.apache.jasper.servlet.JasperLoader.loadClass(JasperLoader.java:58)
		at org.apache.catalina.core.DefaultInstanceManager.newInstance(DefaultInstanceManager.java:151)
		at org.apache.jasper.servlet.JspServletWrapper.getServlet(JspServletWrapper.java:189)
		at org.apache.jasper.servlet.JspServletWrapper.service(JspServletWrapper.java:410)
		at org.apache.jasper.servlet.JspServlet.serviceJspFile(JspServlet.java:380)
		at org.apache.jasper.servlet.JspServlet.service(JspServlet.java:328)
		at jakarta.servlet.http.HttpServlet.service(HttpServlet.java:658)
		at org.apache.catalina.core.ApplicationFilterChain.internalDoFilter(ApplicationFilterChain.java:195)
		at org.apache.catalina.core.ApplicationFilterChain.doFilter(ApplicationFilterChain.java:140)
		at org.apache.tomcat.websocket.server.WsFilter.doFilter(WsFilter.java:51)
		at org.apache.catalina.core.ApplicationFilterChain.internalDoFilter(ApplicationFilterChain.java:164)
		at org.apache.catalina.core.ApplicationFilterChain.doFilter(ApplicationFilterChain.java:140)
		at org.apache.catalina.core.ApplicationDispatcher.invoke(ApplicationDispatcher.java:632)
		at org.apache.catalina.core.ApplicationDispatcher.processRequest(ApplicationDispatcher.java:408)
		at org.apache.catalina.core.ApplicationDispatcher.doForward(ApplicationDispatcher.java:330)
		at org.apache.catalina.core.ApplicationDispatcher.forward(ApplicationDispatcher.java:267)
		at pt.isel.gape.web.controller.DashboardServletSupport.forward(DashboardServletSupport.java:121)
		at pt.isel.gape.web.controller.SubjectManagementServlet.showList(SubjectManagementServlet.java:346)
		at pt.isel.gape.web.controller.SubjectManagementServlet.doGet(SubjectManagementServlet.java:200)
		at jakarta.servlet.http.HttpServlet.service(HttpServlet.java:564)
		at jakarta.servlet.http.HttpServlet.service(HttpServlet.java:658)
		at org.apache.catalina.core.ApplicationFilterChain.internalDoFilter(ApplicationFilterChain.java:195)
		at org.apache.catalina.core.ApplicationFilterChain.doFilter(ApplicationFilterChain.java:140)
		at org.apache.tomcat.websocket.server.WsFilter.doFilter(WsFilter.java:51)
		at org.apache.catalina.core.ApplicationFilterChain.internalDoFilter(ApplicationFilterChain.java:164)
		at org.apache.catalina.core.ApplicationFilterChain.doFilter(ApplicationFilterChain.java:140)
		at pt.isel.gape.web.filter.DashboardEventUnreadFilter.doFilter(DashboardEventUnreadFilter.java:152)
		at org.apache.catalina.core.ApplicationFilterChain.internalDoFilter(ApplicationFilterChain.java:164)
		at org.apache.catalina.core.ApplicationFilterChain.doFilter(ApplicationFilterChain.java:140)
		at pt.isel.gape.web.filter.CsrfFilter.doFilter(CsrfFilter.java:48)
		at org.apache.catalina.core.ApplicationFilterChain.internalDoFilter(ApplicationFilterChain.java:164)
		at org.apache.catalina.core.ApplicationFilterChain.doFilter(ApplicationFilterChain.java:140)
		at pt.isel.gape.web.filter.AuthorizationFilter.doFilter(AuthorizationFilter.java:85)
		at org.apache.catalina.core.ApplicationFilterChain.internalDoFilter(ApplicationFilterChain.java:164)
		at org.apache.catalina.core.ApplicationFilterChain.doFilter(ApplicationFilterChain.java:140)
		at pt.isel.gape.web.filter.AuthenticationFilter.doFilter(AuthenticationFilter.java:87)
		at org.apache.catalina.core.ApplicationFilterChain.internalDoFilter(ApplicationFilterChain.java:164)
		at org.apache.catalina.core.ApplicationFilterChain.doFilter(ApplicationFilterChain.java:140)
		at pt.isel.gape.web.filter.SecurityHeadersFilter.doFilter(SecurityHeadersFilter.java:53)
		at org.apache.catalina.core.ApplicationFilterChain.internalDoFilter(ApplicationFilterChain.java:164)
		at org.apache.catalina.core.ApplicationFilterChain.doFilter(ApplicationFilterChain.java:140)
		at pt.isel.gape.web.filter.HttpsEnforcementFilter.doFilter(HttpsEnforcementFilter.java:36)
		at org.apache.catalina.core.ApplicationFilterChain.internalDoFilter(ApplicationFilterChain.java:164)
		at org.apache.catalina.core.ApplicationFilterChain.doFilter(ApplicationFilterChain.java:140)
		at org.apache.catalina.core.StandardWrapperValve.invoke(StandardWrapperValve.java:167)
		at org.apache.catalina.core.StandardContextValve.invoke(StandardContextValve.java:90)
		at org.apache.catalina.authenticator.AuthenticatorBase.invoke(AuthenticatorBase.java:482)
		at org.apache.catalina.core.StandardHostValve.invoke(StandardHostValve.java:115)
		at org.apache.catalina.valves.ErrorReportValve.invoke(ErrorReportValve.java:93)
		at org.apache.catalina.valves.AbstractAccessLogValve.invoke(AbstractAccessLogValve.java:663)
		at org.apache.catalina.core.StandardEngineValve.invoke(StandardEngineValve.java:74)
		at org.apache.catalina.connector.CoyoteAdapter.service(CoyoteAdapter.java:344)
		at org.apache.coyote.http11.Http11Processor.service(Http11Processor.java:389)
		at org.apache.coyote.AbstractProcessorLight.process(AbstractProcessorLight.java:63)
		at org.apache.coyote.AbstractProtocol$ConnectionHandler.process(AbstractProtocol.java:896)
		at org.apache.tomcat.util.net.NioEndpoint$SocketProcessor.doRun(NioEndpoint.java:1741)
		at org.apache.tomcat.util.net.SocketProcessorBase.run(SocketProcessorBase.java:52)
		at org.apache.tomcat.util.threads.ThreadPoolExecutor.runWorker(ThreadPoolExecutor.java:1190)
		at org.apache.tomcat.util.threads.ThreadPoolExecutor$Worker.run(ThreadPoolExecutor.java:659)
		at org.apache.tomcat.util.threads.TaskThread$WrappingRunnable.run(TaskThread.java:63)
		at java.base/java.lang.Thread.run(Thread.java:1474)
21-Jul-2026 00:11:35.441 SEVERE [http-nio-8080-exec-6] org.apache.catalina.core.ApplicationDispatcher.invoke Servlet.service() for servlet [jsp] threw exception
	org.apache.jasper.JasperException: /coordinator/coordinator/course/coordinator-courses.jsp (line: [907], column: [0]) Unterminated [&lt;c:when] tag
		at org.apache.jasper.compiler.DefaultErrorHandler.jspError(DefaultErrorHandler.java:41)
		at org.apache.jasper.compiler.ErrorDispatcher.dispatch(ErrorDispatcher.java:299)
		at org.apache.jasper.compiler.ErrorDispatcher.jspError(ErrorDispatcher.java:99)
		at org.apache.jasper.compiler.Parser.parseBody(Parser.java:1695)
		at org.apache.jasper.compiler.Parser.parseOptionalBody(Parser.java:1014)
		at org.apache.jasper.compiler.Parser.parseCustomTag(Parser.java:1289)
		at org.apache.jasper.compiler.Parser.parseElements(Parser.java:1469)
		at org.apache.jasper.compiler.Parser.parseBody(Parser.java:1682)
		at org.apache.jasper.compiler.Parser.parseOptionalBody(Parser.java:1014)
		at org.apache.jasper.compiler.Parser.parseCustomTag(Parser.java:1289)
		at org.apache.jasper.compiler.Parser.parseElements(Parser.java:1469)
		at org.apache.jasper.compiler.Parser.parseBody(Parser.java:1682)
		at org.apache.jasper.compiler.Parser.parseOptionalBody(Parser.java:1014)
		at org.apache.jasper.compiler.Parser.parseCustomTag(Parser.java:1289)
		at org.apache.jasper.compiler.Parser.parseElements(Parser.java:1469)
		at org.apache.jasper.compiler.Parser.parseBody(Parser.java:1682)
		at org.apache.jasper.compiler.Parser.parseOptionalBody(Parser.java:1014)
		at org.apache.jasper.compiler.Parser.parseCustomTag(Parser.java:1289)
		at org.apache.jasper.compiler.Parser.parseElements(Parser.java:1469)
		at org.apache.jasper.compiler.Parser.parse(Parser.java:138)
		at org.apache.jasper.compiler.ParserController.doParse(ParserController.java:245)
		at org.apache.jasper.compiler.ParserController.parse(ParserController.java:106)
		at org.apache.jasper.compiler.Compiler.generateJava(Compiler.java:211)
		at org.apache.jasper.compiler.Compiler.compile(Compiler.java:396)
		at org.apache.jasper.compiler.Compiler.compile(Compiler.java:372)
		at org.apache.jasper.compiler.Compiler.compile(Compiler.java:356)
		at org.apache.jasper.JspCompilationContext.compile(JspCompilationContext.java:603)
		at org.apache.jasper.servlet.JspServletWrapper.service(JspServletWrapper.java:396)
		at org.apache.jasper.servlet.JspServlet.serviceJspFile(JspServlet.java:380)
		at org.apache.jasper.servlet.JspServlet.service(JspServlet.java:328)
		at jakarta.servlet.http.HttpServlet.service(HttpServlet.java:658)
		at org.apache.catalina.core.ApplicationFilterChain.internalDoFilter(ApplicationFilterChain.java:195)
		at org.apache.catalina.core.ApplicationFilterChain.doFilter(ApplicationFilterChain.java:140)
		at org.apache.tomcat.websocket.server.WsFilter.doFilter(WsFilter.java:51)
		at org.apache.catalina.core.ApplicationFilterChain.internalDoFilter(ApplicationFilterChain.java:164)
		at org.apache.catalina.core.ApplicationFilterChain.doFilter(ApplicationFilterChain.java:140)
		at org.apache.catalina.core.ApplicationDispatcher.invoke(ApplicationDispatcher.java:632)
		at org.apache.catalina.core.ApplicationDispatcher.processRequest(ApplicationDispatcher.java:408)
		at org.apache.catalina.core.ApplicationDispatcher.doForward(ApplicationDispatcher.java:330)
		at org.apache.catalina.core.ApplicationDispatcher.forward(ApplicationDispatcher.java:267)
		at pt.isel.gape.web.controller.DashboardServletSupport.forward(DashboardServletSupport.java:121)
		at pt.isel.gape.web.controller.CourseManagementServlet.showList(CourseManagementServlet.java:342)
		at pt.isel.gape.web.controller.CourseManagementServlet.doGet(CourseManagementServlet.java:189)
		at jakarta.servlet.http.HttpServlet.service(HttpServlet.java:564)
		at jakarta.servlet.http.HttpServlet.service(HttpServlet.java:658)
		at org.apache.catalina.core.ApplicationFilterChain.internalDoFilter(ApplicationFilterChain.java:195)
		at org.apache.catalina.core.ApplicationFilterChain.doFilter(ApplicationFilterChain.java:140)
		at org.apache.tomcat.websocket.server.WsFilter.doFilter(WsFilter.java:51)
		at org.apache.catalina.core.ApplicationFilterChain.internalDoFilter(ApplicationFilterChain.java:164)
		at org.apache.catalina.core.ApplicationFilterChain.doFilter(ApplicationFilterChain.java:140)
		at pt.isel.gape.web.filter.DashboardEventUnreadFilter.doFilter(DashboardEventUnreadFilter.java:152)
		at org.apache.catalina.core.ApplicationFilterChain.internalDoFilter(ApplicationFilterChain.java:164)
		at org.apache.catalina.core.ApplicationFilterChain.doFilter(ApplicationFilterChain.java:140)
		at pt.isel.gape.web.filter.CsrfFilter.doFilter(CsrfFilter.java:48)
		at org.apache.catalina.core.ApplicationFilterChain.internalDoFilter(ApplicationFilterChain.java:164)
		at org.apache.catalina.core.ApplicationFilterChain.doFilter(ApplicationFilterChain.java:140)
		at pt.isel.gape.web.filter.AuthorizationFilter.doFilter(AuthorizationFilter.java:85)
		at org.apache.catalina.core.ApplicationFilterChain.internalDoFilter(ApplicationFilterChain.java:164)
		at org.apache.catalina.core.ApplicationFilterChain.doFilter(ApplicationFilterChain.java:140)
		at pt.isel.gape.web.filter.AuthenticationFilter.doFilter(AuthenticationFilter.java:87)
		at org.apache.catalina.core.ApplicationFilterChain.internalDoFilter(ApplicationFilterChain.java:164)
		at org.apache.catalina.core.ApplicationFilterChain.doFilter(ApplicationFilterChain.java:140)
		at pt.isel.gape.web.filter.SecurityHeadersFilter.doFilter(SecurityHeadersFilter.java:53)
		at org.apache.catalina.core.ApplicationFilterChain.internalDoFilter(ApplicationFilterChain.java:164)
		at org.apache.catalina.core.ApplicationFilterChain.doFilter(ApplicationFilterChain.java:140)
		at pt.isel.gape.web.filter.HttpsEnforcementFilter.doFilter(HttpsEnforcementFilter.java:36)
		at org.apache.catalina.core.ApplicationFilterChain.internalDoFilter(ApplicationFilterChain.java:164)
		at org.apache.catalina.core.ApplicationFilterChain.doFilter(ApplicationFilterChain.java:140)
		at org.apache.catalina.core.StandardWrapperValve.invoke(StandardWrapperValve.java:167)
		at org.apache.catalina.core.StandardContextValve.invoke(StandardContextValve.java:90)
		at org.apache.catalina.authenticator.AuthenticatorBase.invoke(AuthenticatorBase.java:482)
		at org.apache.catalina.core.StandardHostValve.invoke(StandardHostValve.java:115)
		at org.apache.catalina.valves.ErrorReportValve.invoke(ErrorReportValve.java:93)
		at org.apache.catalina.valves.AbstractAccessLogValve.invoke(AbstractAccessLogValve.java:663)
		at org.apache.catalina.core.StandardEngineValve.invoke(StandardEngineValve.java:74)
		at org.apache.catalina.connector.CoyoteAdapter.service(CoyoteAdapter.java:344)
		at org.apache.coyote.http11.Http11Processor.service(Http11Processor.java:389)
		at org.apache.coyote.AbstractProcessorLight.process(AbstractProcessorLight.java:63)
		at org.apache.coyote.AbstractProtocol$ConnectionHandler.process(AbstractProtocol.java:896)
		at org.apache.tomcat.util.net.NioEndpoint$SocketProcessor.doRun(NioEndpoint.java:1741)
		at org.apache.tomcat.util.net.SocketProcessorBase.run(SocketProcessorBase.java:52)
		at org.apache.tomcat.util.threads.ThreadPoolExecutor.runWorker(ThreadPoolExecutor.java:1190)
		at org.apache.tomcat.util.threads.ThreadPoolExecutor$Worker.run(ThreadPoolExecutor.java:659)
		at org.apache.tomcat.util.threads.TaskThread$WrappingRunnable.run(TaskThread.java:63)
		at java.base/java.lang.Thread.run(Thread.java:1474)
21-Jul-2026 00:11:35.441 SEVERE [http-nio-8080-exec-6] org.apache.catalina.core.StandardWrapperValve.invoke Servlet.service() for servlet [courseManagementServlet] in context with path [/GAPE] threw exception [/coordinator/coordinator/course/coordinator-courses.jsp (line: [907], column: [0]) Unterminated [&lt;c:when] tag] with root cause
	org.apache.jasper.JasperException: /coordinator/coordinator/course/coordinator-courses.jsp (line: [907], column: [0]) Unterminated [&lt;c:when] tag
		at org.apache.jasper.compiler.DefaultErrorHandler.jspError(DefaultErrorHandler.java:41)
		at org.apache.jasper.compiler.ErrorDispatcher.dispatch(ErrorDispatcher.java:299)
		at org.apache.jasper.compiler.ErrorDispatcher.jspError(ErrorDispatcher.java:99)
		at org.apache.jasper.compiler.Parser.parseBody(Parser.java:1695)
		at org.apache.jasper.compiler.Parser.parseOptionalBody(Parser.java:1014)
		at org.apache.jasper.compiler.Parser.parseCustomTag(Parser.java:1289)
		at org.apache.jasper.compiler.Parser.parseElements(Parser.java:1469)
		at org.apache.jasper.compiler.Parser.parseBody(Parser.java:1682)
		at org.apache.jasper.compiler.Parser.parseOptionalBody(Parser.java:1014)
		at org.apache.jasper.compiler.Parser.parseCustomTag(Parser.java:1289)
		at org.apache.jasper.compiler.Parser.parseElements(Parser.java:1469)
		at org.apache.jasper.compiler.Parser.parseBody(Parser.java:1682)
		at org.apache.jasper.compiler.Parser.parseOptionalBody(Parser.java:1014)
		at org.apache.jasper.compiler.Parser.parseCustomTag(Parser.java:1289)
		at org.apache.jasper.compiler.Parser.parseElements(Parser.java:1469)
		at org.apache.jasper.compiler.Parser.parseBody(Parser.java:1682)
		at org.apache.jasper.compiler.Parser.parseOptionalBody(Parser.java:1014)
		at org.apache.jasper.compiler.Parser.parseCustomTag(Parser.java:1289)
		at org.apache.jasper.compiler.Parser.parseElements(Parser.java:1469)
		at org.apache.jasper.compiler.Parser.parse(Parser.java:138)
		at org.apache.jasper.compiler.ParserController.doParse(ParserController.java:245)
		at org.apache.jasper.compiler.ParserController.parse(ParserController.java:106)
		at org.apache.jasper.compiler.Compiler.generateJava(Compiler.java:211)
		at org.apache.jasper.compiler.Compiler.compile(Compiler.java:396)
		at org.apache.jasper.compiler.Compiler.compile(Compiler.java:372)
		at org.apache.jasper.compiler.Compiler.compile(Compiler.java:356)
		at org.apache.jasper.JspCompilationContext.compile(JspCompilationContext.java:603)
		at org.apache.jasper.servlet.JspServletWrapper.service(JspServletWrapper.java:396)
		at org.apache.jasper.servlet.JspServlet.serviceJspFile(JspServlet.java:380)
		at org.apache.jasper.servlet.JspServlet.service(JspServlet.java:328)
		at jakarta.servlet.http.HttpServlet.service(HttpServlet.java:658)
		at org.apache.catalina.core.ApplicationFilterChain.internalDoFilter(ApplicationFilterChain.java:195)
		at org.apache.catalina.core.ApplicationFilterChain.doFilter(ApplicationFilterChain.java:140)
		at org.apache.tomcat.websocket.server.WsFilter.doFilter(WsFilter.java:51)
		at org.apache.catalina.core.ApplicationFilterChain.internalDoFilter(ApplicationFilterChain.java:164)
		at org.apache.catalina.core.ApplicationFilterChain.doFilter(ApplicationFilterChain.java:140)
		at org.apache.catalina.core.ApplicationDispatcher.invoke(ApplicationDispatcher.java:632)
		at org.apache.catalina.core.ApplicationDispatcher.processRequest(ApplicationDispatcher.java:408)
		at org.apache.catalina.core.ApplicationDispatcher.doForward(ApplicationDispatcher.java:330)
		at org.apache.catalina.core.ApplicationDispatcher.forward(ApplicationDispatcher.java:267)
		at pt.isel.gape.web.controller.DashboardServletSupport.forward(DashboardServletSupport.java:121)
		at pt.isel.gape.web.controller.CourseManagementServlet.showList(CourseManagementServlet.java:342)
		at pt.isel.gape.web.controller.CourseManagementServlet.doGet(CourseManagementServlet.java:189)
		at jakarta.servlet.http.HttpServlet.service(HttpServlet.java:564)
		at jakarta.servlet.http.HttpServlet.service(HttpServlet.java:658)
		at org.apache.catalina.core.ApplicationFilterChain.internalDoFilter(ApplicationFilterChain.java:195)
		at org.apache.catalina.core.ApplicationFilterChain.doFilter(ApplicationFilterChain.java:140)
		at org.apache.tomcat.websocket.server.WsFilter.doFilter(WsFilter.java:51)
		at org.apache.catalina.core.ApplicationFilterChain.internalDoFilter(ApplicationFilterChain.java:164)
		at org.apache.catalina.core.ApplicationFilterChain.doFilter(ApplicationFilterChain.java:140)
		at pt.isel.gape.web.filter.DashboardEventUnreadFilter.doFilter(DashboardEventUnreadFilter.java:152)
		at org.apache.catalina.core.ApplicationFilterChain.internalDoFilter(ApplicationFilterChain.java:164)
		at org.apache.catalina.core.ApplicationFilterChain.doFilter(ApplicationFilterChain.java:140)
		at pt.isel.gape.web.filter.CsrfFilter.doFilter(CsrfFilter.java:48)
		at org.apache.catalina.core.ApplicationFilterChain.internalDoFilter(ApplicationFilterChain.java:164)
		at org.apache.catalina.core.ApplicationFilterChain.doFilter(ApplicationFilterChain.java:140)
		at pt.isel.gape.web.filter.AuthorizationFilter.doFilter(AuthorizationFilter.java:85)
		at org.apache.catalina.core.ApplicationFilterChain.internalDoFilter(ApplicationFilterChain.java:164)
		at org.apache.catalina.core.ApplicationFilterChain.doFilter(ApplicationFilterChain.java:140)
		at pt.isel.gape.web.filter.AuthenticationFilter.doFilter(AuthenticationFilter.java:87)
		at org.apache.catalina.core.ApplicationFilterChain.internalDoFilter(ApplicationFilterChain.java:164)
		at org.apache.catalina.core.ApplicationFilterChain.doFilter(ApplicationFilterChain.java:140)
		at pt.isel.gape.web.filter.SecurityHeadersFilter.doFilter(SecurityHeadersFilter.java:53)
		at org.apache.catalina.core.ApplicationFilterChain.internalDoFilter(ApplicationFilterChain.java:164)
		at org.apache.catalina.core.ApplicationFilterChain.doFilter(ApplicationFilterChain.java:140)
		at pt.isel.gape.web.filter.HttpsEnforcementFilter.doFilter(HttpsEnforcementFilter.java:36)
		at org.apache.catalina.core.ApplicationFilterChain.internalDoFilter(ApplicationFilterChain.java:164)
		at org.apache.catalina.core.ApplicationFilterChain.doFilter(ApplicationFilterChain.java:140)
		at org.apache.catalina.core.StandardWrapperValve.invoke(StandardWrapperValve.java:167)
		at org.apache.catalina.core.StandardContextValve.invoke(StandardContextValve.java:90)
		at org.apache.catalina.authenticator.AuthenticatorBase.invoke(AuthenticatorBase.java:482)
		at org.apache.catalina.core.StandardHostValve.invoke(StandardHostValve.java:115)
		at org.apache.catalina.valves.ErrorReportValve.invoke(ErrorReportValve.java:93)
		at org.apache.catalina.valves.AbstractAccessLogValve.invoke(AbstractAccessLogValve.java:663)
		at org.apache.catalina.core.StandardEngineValve.invoke(StandardEngineValve.java:74)
		at org.apache.catalina.connector.CoyoteAdapter.service(CoyoteAdapter.java:344)
		at org.apache.coyote.http11.Http11Processor.service(Http11Processor.java:389)
		at org.apache.coyote.AbstractProcessorLight.process(AbstractProcessorLight.java:63)
		at org.apache.coyote.AbstractProtocol$ConnectionHandler.process(AbstractProtocol.java:896)
		at org.apache.tomcat.util.net.NioEndpoint$SocketProcessor.doRun(NioEndpoint.java:1741)
		at org.apache.tomcat.util.net.SocketProcessorBase.run(SocketProcessorBase.java:52)
		at org.apache.tomcat.util.threads.ThreadPoolExecutor.runWorker(ThreadPoolExecutor.java:1190)
		at org.apache.tomcat.util.threads.ThreadPoolExecutor$Worker.run(ThreadPoolExecutor.java:659)
		at org.apache.tomcat.util.threads.TaskThread$WrappingRunnable.run(TaskThread.java:63)
		at java.base/java.lang.Thread.run(Thread.java:1474)
21-Jul-2026 00:11:36.952 SEVERE [http-nio-8080-exec-8] org.apache.catalina.core.ApplicationDispatcher.invoke Servlet.service() for servlet [jsp] threw exception
	java.lang.ClassNotFoundException: org.apache.jsp.coordinator.coordinator.course.coordinator_002dcourses_jsp
		at java.base/java.net.URLClassLoader.findClass(URLClassLoader.java:377)
		at org.apache.jasper.servlet.JasperLoader.loadClass(JasperLoader.java:129)
		at org.apache.jasper.servlet.JasperLoader.loadClass(JasperLoader.java:58)
		at org.apache.catalina.core.DefaultInstanceManager.newInstance(DefaultInstanceManager.java:151)
		at org.apache.jasper.servlet.JspServletWrapper.getServlet(JspServletWrapper.java:189)
		at org.apache.jasper.servlet.JspServletWrapper.service(JspServletWrapper.java:410)
		at org.apache.jasper.servlet.JspServlet.serviceJspFile(JspServlet.java:380)
		at org.apache.jasper.servlet.JspServlet.service(JspServlet.java:328)
		at jakarta.servlet.http.HttpServlet.service(HttpServlet.java:658)
		at org.apache.catalina.core.ApplicationFilterChain.internalDoFilter(ApplicationFilterChain.java:195)
		at org.apache.catalina.core.ApplicationFilterChain.doFilter(ApplicationFilterChain.java:140)
		at org.apache.tomcat.websocket.server.WsFilter.doFilter(WsFilter.java:51)
		at org.apache.catalina.core.ApplicationFilterChain.internalDoFilter(ApplicationFilterChain.java:164)
		at org.apache.catalina.core.ApplicationFilterChain.doFilter(ApplicationFilterChain.java:140)
		at org.apache.catalina.core.ApplicationDispatcher.invoke(ApplicationDispatcher.java:632)
		at org.apache.catalina.core.ApplicationDispatcher.processRequest(ApplicationDispatcher.java:408)
		at org.apache.catalina.core.ApplicationDispatcher.doForward(ApplicationDispatcher.java:330)
		at org.apache.catalina.core.ApplicationDispatcher.forward(ApplicationDispatcher.java:267)
		at pt.isel.gape.web.controller.DashboardServletSupport.forward(DashboardServletSupport.java:121)
		at pt.isel.gape.web.controller.CourseManagementServlet.showList(CourseManagementServlet.java:342)
		at pt.isel.gape.web.controller.CourseManagementServlet.doGet(CourseManagementServlet.java:189)
		at jakarta.servlet.http.HttpServlet.service(HttpServlet.java:564)
		at jakarta.servlet.http.HttpServlet.service(HttpServlet.java:658)
		at org.apache.catalina.core.ApplicationFilterChain.internalDoFilter(ApplicationFilterChain.java:195)
		at org.apache.catalina.core.ApplicationFilterChain.doFilter(ApplicationFilterChain.java:140)
		at org.apache.tomcat.websocket.server.WsFilter.doFilter(WsFilter.java:51)
		at org.apache.catalina.core.ApplicationFilterChain.internalDoFilter(ApplicationFilterChain.java:164)
		at org.apache.catalina.core.ApplicationFilterChain.doFilter(ApplicationFilterChain.java:140)
		at pt.isel.gape.web.filter.DashboardEventUnreadFilter.doFilter(DashboardEventUnreadFilter.java:152)
		at org.apache.catalina.core.ApplicationFilterChain.internalDoFilter(ApplicationFilterChain.java:164)
		at org.apache.catalina.core.ApplicationFilterChain.doFilter(ApplicationFilterChain.java:140)
		at pt.isel.gape.web.filter.CsrfFilter.doFilter(CsrfFilter.java:48)
		at org.apache.catalina.core.ApplicationFilterChain.internalDoFilter(ApplicationFilterChain.java:164)
		at org.apache.catalina.core.ApplicationFilterChain.doFilter(ApplicationFilterChain.java:140)
		at pt.isel.gape.web.filter.AuthorizationFilter.doFilter(AuthorizationFilter.java:85)
		at org.apache.catalina.core.ApplicationFilterChain.internalDoFilter(ApplicationFilterChain.java:164)
		at org.apache.catalina.core.ApplicationFilterChain.doFilter(ApplicationFilterChain.java:140)
		at pt.isel.gape.web.filter.AuthenticationFilter.doFilter(AuthenticationFilter.java:87)
		at org.apache.catalina.core.ApplicationFilterChain.internalDoFilter(ApplicationFilterChain.java:164)
		at org.apache.catalina.core.ApplicationFilterChain.doFilter(ApplicationFilterChain.java:140)
		at pt.isel.gape.web.filter.SecurityHeadersFilter.doFilter(SecurityHeadersFilter.java:53)
		at org.apache.catalina.core.ApplicationFilterChain.internalDoFilter(ApplicationFilterChain.java:164)
		at org.apache.catalina.core.ApplicationFilterChain.doFilter(ApplicationFilterChain.java:140)
		at pt.isel.gape.web.filter.HttpsEnforcementFilter.doFilter(HttpsEnforcementFilter.java:36)
		at org.apache.catalina.core.ApplicationFilterChain.internalDoFilter(ApplicationFilterChain.java:164)
		at org.apache.catalina.core.ApplicationFilterChain.doFilter(ApplicationFilterChain.java:140)
		at org.apache.catalina.core.StandardWrapperValve.invoke(StandardWrapperValve.java:167)
		at org.apache.catalina.core.StandardContextValve.invoke(StandardContextValve.java:90)
		at org.apache.catalina.authenticator.AuthenticatorBase.invoke(AuthenticatorBase.java:482)
		at org.apache.catalina.core.StandardHostValve.invoke(StandardHostValve.java:115)
		at org.apache.catalina.valves.ErrorReportValve.invoke(ErrorReportValve.java:93)
		at org.apache.catalina.valves.AbstractAccessLogValve.invoke(AbstractAccessLogValve.java:663)
		at org.apache.catalina.core.StandardEngineValve.invoke(StandardEngineValve.java:74)
		at org.apache.catalina.connector.CoyoteAdapter.service(CoyoteAdapter.java:344)
		at org.apache.coyote.http11.Http11Processor.service(Http11Processor.java:389)
		at org.apache.coyote.AbstractProcessorLight.process(AbstractProcessorLight.java:63)
		at org.apache.coyote.AbstractProtocol$ConnectionHandler.process(AbstractProtocol.java:896)
		at org.apache.tomcat.util.net.NioEndpoint$SocketProcessor.doRun(NioEndpoint.java:1741)
		at org.apache.tomcat.util.net.SocketProcessorBase.run(SocketProcessorBase.java:52)
		at org.apache.tomcat.util.threads.ThreadPoolExecutor.runWorker(ThreadPoolExecutor.java:1190)
		at org.apache.tomcat.util.threads.ThreadPoolExecutor$Worker.run(ThreadPoolExecutor.java:659)
		at org.apache.tomcat.util.threads.TaskThread$WrappingRunnable.run(TaskThread.java:63)
		at java.base/java.lang.Thread.run(Thread.java:1474)
21-Jul-2026 00:11:36.952 SEVERE [http-nio-8080-exec-8] org.apache.catalina.core.StandardWrapperValve.invoke Servlet.service() for servlet [courseManagementServlet] in context with path [/GAPE] threw exception [org.apache.jasper.JasperException: java.lang.ClassNotFoundException: org.apache.jsp.coordinator.coordinator.course.coordinator_002dcourses_jsp] with root cause
	java.lang.ClassNotFoundException: org.apache.jsp.coordinator.coordinator.course.coordinator_002dcourses_jsp
		at java.base/java.net.URLClassLoader.findClass(URLClassLoader.java:377)
		at org.apache.jasper.servlet.JasperLoader.loadClass(JasperLoader.java:129)
		at org.apache.jasper.servlet.JasperLoader.loadClass(JasperLoader.java:58)
		at org.apache.catalina.core.DefaultInstanceManager.newInstance(DefaultInstanceManager.java:151)
		at org.apache.jasper.servlet.JspServletWrapper.getServlet(JspServletWrapper.java:189)
		at org.apache.jasper.servlet.JspServletWrapper.service(JspServletWrapper.java:410)
		at org.apache.jasper.servlet.JspServlet.serviceJspFile(JspServlet.java:380)
		at org.apache.jasper.servlet.JspServlet.service(JspServlet.java:328)
		at jakarta.servlet.http.HttpServlet.service(HttpServlet.java:658)
		at org.apache.catalina.core.ApplicationFilterChain.internalDoFilter(ApplicationFilterChain.java:195)
		at org.apache.catalina.core.ApplicationFilterChain.doFilter(ApplicationFilterChain.java:140)
		at org.apache.tomcat.websocket.server.WsFilter.doFilter(WsFilter.java:51)
		at org.apache.catalina.core.ApplicationFilterChain.internalDoFilter(ApplicationFilterChain.java:164)
		at org.apache.catalina.core.ApplicationFilterChain.doFilter(ApplicationFilterChain.java:140)
		at org.apache.catalina.core.ApplicationDispatcher.invoke(ApplicationDispatcher.java:632)
		at org.apache.catalina.core.ApplicationDispatcher.processRequest(ApplicationDispatcher.java:408)
		at org.apache.catalina.core.ApplicationDispatcher.doForward(ApplicationDispatcher.java:330)
		at org.apache.catalina.core.ApplicationDispatcher.forward(ApplicationDispatcher.java:267)
		at pt.isel.gape.web.controller.DashboardServletSupport.forward(DashboardServletSupport.java:121)
		at pt.isel.gape.web.controller.CourseManagementServlet.showList(CourseManagementServlet.java:342)
		at pt.isel.gape.web.controller.CourseManagementServlet.doGet(CourseManagementServlet.java:189)
		at jakarta.servlet.http.HttpServlet.service(HttpServlet.java:564)
		at jakarta.servlet.http.HttpServlet.service(HttpServlet.java:658)
		at org.apache.catalina.core.ApplicationFilterChain.internalDoFilter(ApplicationFilterChain.java:195)
		at org.apache.catalina.core.ApplicationFilterChain.doFilter(ApplicationFilterChain.java:140)
		at org.apache.tomcat.websocket.server.WsFilter.doFilter(WsFilter.java:51)
		at org.apache.catalina.core.ApplicationFilterChain.internalDoFilter(ApplicationFilterChain.java:164)
		at org.apache.catalina.core.ApplicationFilterChain.doFilter(ApplicationFilterChain.java:140)
		at pt.isel.gape.web.filter.DashboardEventUnreadFilter.doFilter(DashboardEventUnreadFilter.java:152)
		at org.apache.catalina.core.ApplicationFilterChain.internalDoFilter(ApplicationFilterChain.java:164)
		at org.apache.catalina.core.ApplicationFilterChain.doFilter(ApplicationFilterChain.java:140)
		at pt.isel.gape.web.filter.CsrfFilter.doFilter(CsrfFilter.java:48)
		at org.apache.catalina.core.ApplicationFilterChain.internalDoFilter(ApplicationFilterChain.java:164)
		at org.apache.catalina.core.ApplicationFilterChain.doFilter(ApplicationFilterChain.java:140)
		at pt.isel.gape.web.filter.AuthorizationFilter.doFilter(AuthorizationFilter.java:85)
		at org.apache.catalina.core.ApplicationFilterChain.internalDoFilter(ApplicationFilterChain.java:164)
		at org.apache.catalina.core.ApplicationFilterChain.doFilter(ApplicationFilterChain.java:140)
		at pt.isel.gape.web.filter.AuthenticationFilter.doFilter(AuthenticationFilter.java:87)
		at org.apache.catalina.core.ApplicationFilterChain.internalDoFilter(ApplicationFilterChain.java:164)
		at org.apache.catalina.core.ApplicationFilterChain.doFilter(ApplicationFilterChain.java:140)
		at pt.isel.gape.web.filter.SecurityHeadersFilter.doFilter(SecurityHeadersFilter.java:53)
		at org.apache.catalina.core.ApplicationFilterChain.internalDoFilter(ApplicationFilterChain.java:164)
		at org.apache.catalina.core.ApplicationFilterChain.doFilter(ApplicationFilterChain.java:140)
		at pt.isel.gape.web.filter.HttpsEnforcementFilter.doFilter(HttpsEnforcementFilter.java:36)
		at org.apache.catalina.core.ApplicationFilterChain.internalDoFilter(ApplicationFilterChain.java:164)
		at org.apache.catalina.core.ApplicationFilterChain.doFilter(ApplicationFilterChain.java:140)
		at org.apache.catalina.core.StandardWrapperValve.invoke(StandardWrapperValve.java:167)
		at org.apache.catalina.core.StandardContextValve.invoke(StandardContextValve.java:90)
		at org.apache.catalina.authenticator.AuthenticatorBase.invoke(AuthenticatorBase.java:482)
		at org.apache.catalina.core.StandardHostValve.invoke(StandardHostValve.java:115)
		at org.apache.catalina.valves.ErrorReportValve.invoke(ErrorReportValve.java:93)
		at org.apache.catalina.valves.AbstractAccessLogValve.invoke(AbstractAccessLogValve.java:663)
		at org.apache.catalina.core.StandardEngineValve.invoke(StandardEngineValve.java:74)
		at org.apache.catalina.connector.CoyoteAdapter.service(CoyoteAdapter.java:344)
		at org.apache.coyote.http11.Http11Processor.service(Http11Processor.java:389)
		at org.apache.coyote.AbstractProcessorLight.process(AbstractProcessorLight.java:63)
		at org.apache.coyote.AbstractProtocol$ConnectionHandler.process(AbstractProtocol.java:896)
		at org.apache.tomcat.util.net.NioEndpoint$SocketProcessor.doRun(NioEndpoint.java:1741)
		at org.apache.tomcat.util.net.SocketProcessorBase.run(SocketProcessorBase.java:52)
		at org.apache.tomcat.util.threads.ThreadPoolExecutor.runWorker(ThreadPoolExecutor.java:1190)
		at org.apache.tomcat.util.threads.ThreadPoolExecutor$Worker.run(ThreadPoolExecutor.java:659)
		at org.apache.tomcat.util.threads.TaskThread$WrappingRunnable.run(TaskThread.java:63)
		at java.base/java.lang.Thread.run(Thread.java:1474)
21-Jul-2026 00:28:43.025 SEVERE [http-nio-8080-exec-1] org.apache.catalina.core.StandardWrapperValve.invoke Servlet.service() for servlet [courseManagementServlet] in context with path [/GAPE] threw exception
	java.lang.SecurityException: Missing course management context: missing_coordinated_course_subject
		at pt.isel.gape.learning.service.CourseService.requireCourseAccess(CourseService.java:539)
		at pt.isel.gape.learning.service.CourseService.getCourse(CourseService.java:157)
		at pt.isel.gape.web.controller.CourseManagementServlet.showDetail(CourseManagementServlet.java:389)
		at pt.isel.gape.web.controller.CourseManagementServlet.doGet(CourseManagementServlet.java:204)
		at jakarta.servlet.http.HttpServlet.service(HttpServlet.java:564)
		at jakarta.servlet.http.HttpServlet.service(HttpServlet.java:658)
		at org.apache.catalina.core.ApplicationFilterChain.internalDoFilter(ApplicationFilterChain.java:195)
		at org.apache.catalina.core.ApplicationFilterChain.doFilter(ApplicationFilterChain.java:140)
		at org.apache.tomcat.websocket.server.WsFilter.doFilter(WsFilter.java:51)
		at org.apache.catalina.core.ApplicationFilterChain.internalDoFilter(ApplicationFilterChain.java:164)
		at org.apache.catalina.core.ApplicationFilterChain.doFilter(ApplicationFilterChain.java:140)
		at pt.isel.gape.web.filter.DashboardEventUnreadFilter.doFilter(DashboardEventUnreadFilter.java:152)
		at org.apache.catalina.core.ApplicationFilterChain.internalDoFilter(ApplicationFilterChain.java:164)
		at org.apache.catalina.core.ApplicationFilterChain.doFilter(ApplicationFilterChain.java:140)
		at pt.isel.gape.web.filter.CsrfFilter.doFilter(CsrfFilter.java:48)
		at org.apache.catalina.core.ApplicationFilterChain.internalDoFilter(ApplicationFilterChain.java:164)
		at org.apache.catalina.core.ApplicationFilterChain.doFilter(ApplicationFilterChain.java:140)
		at pt.isel.gape.web.filter.AuthorizationFilter.doFilter(AuthorizationFilter.java:85)
		at org.apache.catalina.core.ApplicationFilterChain.internalDoFilter(ApplicationFilterChain.java:164)
		at org.apache.catalina.core.ApplicationFilterChain.doFilter(ApplicationFilterChain.java:140)
		at pt.isel.gape.web.filter.AuthenticationFilter.doFilter(AuthenticationFilter.java:87)
		at org.apache.catalina.core.ApplicationFilterChain.internalDoFilter(ApplicationFilterChain.java:164)
		at org.apache.catalina.core.ApplicationFilterChain.doFilter(ApplicationFilterChain.java:140)
		at pt.isel.gape.web.filter.SecurityHeadersFilter.doFilter(SecurityHeadersFilter.java:53)
		at org.apache.catalina.core.ApplicationFilterChain.internalDoFilter(ApplicationFilterChain.java:164)
		at org.apache.catalina.core.ApplicationFilterChain.doFilter(ApplicationFilterChain.java:140)
		at pt.isel.gape.web.filter.HttpsEnforcementFilter.doFilter(HttpsEnforcementFilter.java:36)
		at org.apache.catalina.core.ApplicationFilterChain.internalDoFilter(ApplicationFilterChain.java:164)
		at org.apache.catalina.core.ApplicationFilterChain.doFilter(ApplicationFilterChain.java:140)
		at org.apache.catalina.core.StandardWrapperValve.invoke(StandardWrapperValve.java:167)
		at org.apache.catalina.core.StandardContextValve.invoke(StandardContextValve.java:90)
		at org.apache.catalina.authenticator.AuthenticatorBase.invoke(AuthenticatorBase.java:482)
		at org.apache.catalina.core.StandardHostValve.invoke(StandardHostValve.java:115)
		at org.apache.catalina.valves.ErrorReportValve.invoke(ErrorReportValve.java:93)
		at org.apache.catalina.valves.AbstractAccessLogValve.invoke(AbstractAccessLogValve.java:663)
		at org.apache.catalina.core.StandardEngineValve.invoke(StandardEngineValve.java:74)
		at org.apache.catalina.connector.CoyoteAdapter.service(CoyoteAdapter.java:344)
		at org.apache.coyote.http11.Http11Processor.service(Http11Processor.java:389)
		at org.apache.coyote.AbstractProcessorLight.process(AbstractProcessorLight.java:63)
		at org.apache.coyote.AbstractProtocol$ConnectionHandler.process(AbstractProtocol.java:896)
		at org.apache.tomcat.util.net.NioEndpoint$SocketProcessor.doRun(NioEndpoint.java:1741)
		at org.apache.tomcat.util.net.SocketProcessorBase.run(SocketProcessorBase.java:52)
		at org.apache.tomcat.util.threads.ThreadPoolExecutor.runWorker(ThreadPoolExecutor.java:1190)
		at org.apache.tomcat.util.threads.ThreadPoolExecutor$Worker.run(ThreadPoolExecutor.java:659)
		at org.apache.tomcat.util.threads.TaskThread$WrappingRunnable.run(TaskThread.java:63)
		at java.base/java.lang.Thread.run(Thread.java:1474)
21-Jul-2026 00:28:43.392 SEVERE [http-nio-8080-exec-8] org.apache.catalina.core.StandardWrapperValve.invoke Servlet.service() for servlet [courseManagementServlet] in context with path [/GAPE] threw exception
	java.lang.SecurityException: Missing course management context: missing_coordinated_course_subject
		at pt.isel.gape.learning.service.CourseService.requireCourseAccess(CourseService.java:539)
		at pt.isel.gape.learning.service.CourseService.getCourse(CourseService.java:157)
		at pt.isel.gape.web.controller.CourseManagementServlet.showDetail(CourseManagementServlet.java:389)
		at pt.isel.gape.web.controller.CourseManagementServlet.doGet(CourseManagementServlet.java:204)
		at jakarta.servlet.http.HttpServlet.service(HttpServlet.java:564)
		at jakarta.servlet.http.HttpServlet.service(HttpServlet.java:658)
		at org.apache.catalina.core.ApplicationFilterChain.internalDoFilter(ApplicationFilterChain.java:195)
		at org.apache.catalina.core.ApplicationFilterChain.doFilter(ApplicationFilterChain.java:140)
		at org.apache.tomcat.websocket.server.WsFilter.doFilter(WsFilter.java:51)
		at org.apache.catalina.core.ApplicationFilterChain.internalDoFilter(ApplicationFilterChain.java:164)
		at org.apache.catalina.core.ApplicationFilterChain.doFilter(ApplicationFilterChain.java:140)
		at pt.isel.gape.web.filter.DashboardEventUnreadFilter.doFilter(DashboardEventUnreadFilter.java:152)
		at org.apache.catalina.core.ApplicationFilterChain.internalDoFilter(ApplicationFilterChain.java:164)
		at org.apache.catalina.core.ApplicationFilterChain.doFilter(ApplicationFilterChain.java:140)
		at pt.isel.gape.web.filter.CsrfFilter.doFilter(CsrfFilter.java:48)
		at org.apache.catalina.core.ApplicationFilterChain.internalDoFilter(ApplicationFilterChain.java:164)
		at org.apache.catalina.core.ApplicationFilterChain.doFilter(ApplicationFilterChain.java:140)
		at pt.isel.gape.web.filter.AuthorizationFilter.doFilter(AuthorizationFilter.java:85)
		at org.apache.catalina.core.ApplicationFilterChain.internalDoFilter(ApplicationFilterChain.java:164)
		at org.apache.catalina.core.ApplicationFilterChain.doFilter(ApplicationFilterChain.java:140)
		at pt.isel.gape.web.filter.AuthenticationFilter.doFilter(AuthenticationFilter.java:87)
		at org.apache.catalina.core.ApplicationFilterChain.internalDoFilter(ApplicationFilterChain.java:164)
		at org.apache.catalina.core.ApplicationFilterChain.doFilter(ApplicationFilterChain.java:140)
		at pt.isel.gape.web.filter.SecurityHeadersFilter.doFilter(SecurityHeadersFilter.java:53)
		at org.apache.catalina.core.ApplicationFilterChain.internalDoFilter(ApplicationFilterChain.java:164)
		at org.apache.catalina.core.ApplicationFilterChain.doFilter(ApplicationFilterChain.java:140)
		at pt.isel.gape.web.filter.HttpsEnforcementFilter.doFilter(HttpsEnforcementFilter.java:36)
		at org.apache.catalina.core.ApplicationFilterChain.internalDoFilter(ApplicationFilterChain.java:164)
		at org.apache.catalina.core.ApplicationFilterChain.doFilter(ApplicationFilterChain.java:140)
		at org.apache.catalina.core.StandardWrapperValve.invoke(StandardWrapperValve.java:167)
		at org.apache.catalina.core.StandardContextValve.invoke(StandardContextValve.java:90)
		at org.apache.catalina.authenticator.AuthenticatorBase.invoke(AuthenticatorBase.java:482)
		at org.apache.catalina.core.StandardHostValve.invoke(StandardHostValve.java:115)
		at org.apache.catalina.valves.ErrorReportValve.invoke(ErrorReportValve.java:93)
		at org.apache.catalina.valves.AbstractAccessLogValve.invoke(AbstractAccessLogValve.java:663)
		at org.apache.catalina.core.StandardEngineValve.invoke(StandardEngineValve.java:74)
		at org.apache.catalina.connector.CoyoteAdapter.service(CoyoteAdapter.java:344)
		at org.apache.coyote.http11.Http11Processor.service(Http11Processor.java:389)
		at org.apache.coyote.AbstractProcessorLight.process(AbstractProcessorLight.java:63)
		at org.apache.coyote.AbstractProtocol$ConnectionHandler.process(AbstractProtocol.java:896)
		at org.apache.tomcat.util.net.NioEndpoint$SocketProcessor.doRun(NioEndpoint.java:1741)
		at org.apache.tomcat.util.net.SocketProcessorBase.run(SocketProcessorBase.java:52)
		at org.apache.tomcat.util.threads.ThreadPoolExecutor.runWorker(ThreadPoolExecutor.java:1190)
		at org.apache.tomcat.util.threads.ThreadPoolExecutor$Worker.run(ThreadPoolExecutor.java:659)
		at org.apache.tomcat.util.threads.TaskThread$WrappingRunnable.run(TaskThread.java:63)
		at java.base/java.lang.Thread.run(Thread.java:1474)
21-Jul-2026 00:28:49.796 SEVERE [http-nio-8080-exec-1] org.apache.catalina.core.StandardWrapperValve.invoke Servlet.service() for servlet [subjectManagementServlet] in context with path [/GAPE] threw exception
	java.lang.SecurityException: Missing subject management context: missing_context_assignment/missing_context_assignment
		at pt.isel.gape.learning.service.SubjectService.requireSubjectManager(SubjectService.java:545)
		at pt.isel.gape.learning.service.SubjectService.getSubject(SubjectService.java:133)
		at pt.isel.gape.web.controller.SubjectManagementServlet.showDetail(SubjectManagementServlet.java:438)
		at pt.isel.gape.web.controller.SubjectManagementServlet.doGet(SubjectManagementServlet.java:212)
		at jakarta.servlet.http.HttpServlet.service(HttpServlet.java:564)
		at jakarta.servlet.http.HttpServlet.service(HttpServlet.java:658)
		at org.apache.catalina.core.ApplicationFilterChain.internalDoFilter(ApplicationFilterChain.java:195)
		at org.apache.catalina.core.ApplicationFilterChain.doFilter(ApplicationFilterChain.java:140)
		at org.apache.tomcat.websocket.server.WsFilter.doFilter(WsFilter.java:51)
		at org.apache.catalina.core.ApplicationFilterChain.internalDoFilter(ApplicationFilterChain.java:164)
		at org.apache.catalina.core.ApplicationFilterChain.doFilter(ApplicationFilterChain.java:140)
		at pt.isel.gape.web.filter.DashboardEventUnreadFilter.doFilter(DashboardEventUnreadFilter.java:152)
		at org.apache.catalina.core.ApplicationFilterChain.internalDoFilter(ApplicationFilterChain.java:164)
		at org.apache.catalina.core.ApplicationFilterChain.doFilter(ApplicationFilterChain.java:140)
		at pt.isel.gape.web.filter.CsrfFilter.doFilter(CsrfFilter.java:48)
		at org.apache.catalina.core.ApplicationFilterChain.internalDoFilter(ApplicationFilterChain.java:164)
		at org.apache.catalina.core.ApplicationFilterChain.doFilter(ApplicationFilterChain.java:140)
		at pt.isel.gape.web.filter.AuthorizationFilter.doFilter(AuthorizationFilter.java:85)
		at org.apache.catalina.core.ApplicationFilterChain.internalDoFilter(ApplicationFilterChain.java:164)
		at org.apache.catalina.core.ApplicationFilterChain.doFilter(ApplicationFilterChain.java:140)
		at pt.isel.gape.web.filter.AuthenticationFilter.doFilter(AuthenticationFilter.java:87)
		at org.apache.catalina.core.ApplicationFilterChain.internalDoFilter(ApplicationFilterChain.java:164)
		at org.apache.catalina.core.ApplicationFilterChain.doFilter(ApplicationFilterChain.java:140)
		at pt.isel.gape.web.filter.SecurityHeadersFilter.doFilter(SecurityHeadersFilter.java:53)
		at org.apache.catalina.core.ApplicationFilterChain.internalDoFilter(ApplicationFilterChain.java:164)
		at org.apache.catalina.core.ApplicationFilterChain.doFilter(ApplicationFilterChain.java:140)
		at pt.isel.gape.web.filter.HttpsEnforcementFilter.doFilter(HttpsEnforcementFilter.java:36)
		at org.apache.catalina.core.ApplicationFilterChain.internalDoFilter(ApplicationFilterChain.java:164)
		at org.apache.catalina.core.ApplicationFilterChain.doFilter(ApplicationFilterChain.java:140)
		at org.apache.catalina.core.StandardWrapperValve.invoke(StandardWrapperValve.java:167)
		at org.apache.catalina.core.StandardContextValve.invoke(StandardContextValve.java:90)
		at org.apache.catalina.authenticator.AuthenticatorBase.invoke(AuthenticatorBase.java:482)
		at org.apache.catalina.core.StandardHostValve.invoke(StandardHostValve.java:115)
		at org.apache.catalina.valves.ErrorReportValve.invoke(ErrorReportValve.java:93)
		at org.apache.catalina.valves.AbstractAccessLogValve.invoke(AbstractAccessLogValve.java:663)
		at org.apache.catalina.core.StandardEngineValve.invoke(StandardEngineValve.java:74)
		at org.apache.catalina.connector.CoyoteAdapter.service(CoyoteAdapter.java:344)
		at org.apache.coyote.http11.Http11Processor.service(Http11Processor.java:389)
		at org.apache.coyote.AbstractProcessorLight.process(AbstractProcessorLight.java:63)
		at org.apache.coyote.AbstractProtocol$ConnectionHandler.process(AbstractProtocol.java:896)
		at org.apache.tomcat.util.net.NioEndpoint$SocketProcessor.doRun(NioEndpoint.java:1741)
		at org.apache.tomcat.util.net.SocketProcessorBase.run(SocketProcessorBase.java:52)
		at org.apache.tomcat.util.threads.ThreadPoolExecutor.runWorker(ThreadPoolExecutor.java:1190)
		at org.apache.tomcat.util.threads.ThreadPoolExecutor$Worker.run(ThreadPoolExecutor.java:659)
		at org.apache.tomcat.util.threads.TaskThread$WrappingRunnable.run(TaskThread.java:63)
		at java.base/java.lang.Thread.run(Thread.java:1474)
21-Jul-2026 00:28:50.047 SEVERE [http-nio-8080-exec-2] org.apache.catalina.core.StandardWrapperValve.invoke Servlet.service() for servlet [subjectManagementServlet] in context with path [/GAPE] threw exception
	java.lang.SecurityException: Missing subject management context: missing_context_assignment/missing_context_assignment
		at pt.isel.gape.learning.service.SubjectService.requireSubjectManager(SubjectService.java:545)
		at pt.isel.gape.learning.service.SubjectService.getSubject(SubjectService.java:133)
		at pt.isel.gape.web.controller.SubjectManagementServlet.showDetail(SubjectManagementServlet.java:438)
		at pt.isel.gape.web.controller.SubjectManagementServlet.doGet(SubjectManagementServlet.java:212)
		at jakarta.servlet.http.HttpServlet.service(HttpServlet.java:564)
		at jakarta.servlet.http.HttpServlet.service(HttpServlet.java:658)
		at org.apache.catalina.core.ApplicationFilterChain.internalDoFilter(ApplicationFilterChain.java:195)
		at org.apache.catalina.core.ApplicationFilterChain.doFilter(ApplicationFilterChain.java:140)
		at org.apache.tomcat.websocket.server.WsFilter.doFilter(WsFilter.java:51)
		at org.apache.catalina.core.ApplicationFilterChain.internalDoFilter(ApplicationFilterChain.java:164)
		at org.apache.catalina.core.ApplicationFilterChain.doFilter(ApplicationFilterChain.java:140)
		at pt.isel.gape.web.filter.DashboardEventUnreadFilter.doFilter(DashboardEventUnreadFilter.java:152)
		at org.apache.catalina.core.ApplicationFilterChain.internalDoFilter(ApplicationFilterChain.java:164)
		at org.apache.catalina.core.ApplicationFilterChain.doFilter(ApplicationFilterChain.java:140)
		at pt.isel.gape.web.filter.CsrfFilter.doFilter(CsrfFilter.java:48)
		at org.apache.catalina.core.ApplicationFilterChain.internalDoFilter(ApplicationFilterChain.java:164)
		at org.apache.catalina.core.ApplicationFilterChain.doFilter(ApplicationFilterChain.java:140)
		at pt.isel.gape.web.filter.AuthorizationFilter.doFilter(AuthorizationFilter.java:85)
		at org.apache.catalina.core.ApplicationFilterChain.internalDoFilter(ApplicationFilterChain.java:164)
		at org.apache.catalina.core.ApplicationFilterChain.doFilter(ApplicationFilterChain.java:140)
		at pt.isel.gape.web.filter.AuthenticationFilter.doFilter(AuthenticationFilter.java:87)
		at org.apache.catalina.core.ApplicationFilterChain.internalDoFilter(ApplicationFilterChain.java:164)
		at org.apache.catalina.core.ApplicationFilterChain.doFilter(ApplicationFilterChain.java:140)
		at pt.isel.gape.web.filter.SecurityHeadersFilter.doFilter(SecurityHeadersFilter.java:53)
		at org.apache.catalina.core.ApplicationFilterChain.internalDoFilter(ApplicationFilterChain.java:164)
		at org.apache.catalina.core.ApplicationFilterChain.doFilter(ApplicationFilterChain.java:140)
		at pt.isel.gape.web.filter.HttpsEnforcementFilter.doFilter(HttpsEnforcementFilter.java:36)
		at org.apache.catalina.core.ApplicationFilterChain.internalDoFilter(ApplicationFilterChain.java:164)
		at org.apache.catalina.core.ApplicationFilterChain.doFilter(ApplicationFilterChain.java:140)
		at org.apache.catalina.core.StandardWrapperValve.invoke(StandardWrapperValve.java:167)
		at org.apache.catalina.core.StandardContextValve.invoke(StandardContextValve.java:90)
		at org.apache.catalina.authenticator.AuthenticatorBase.invoke(AuthenticatorBase.java:482)
		at org.apache.catalina.core.StandardHostValve.invoke(StandardHostValve.java:115)
		at org.apache.catalina.valves.ErrorReportValve.invoke(ErrorReportValve.java:93)
		at org.apache.catalina.valves.AbstractAccessLogValve.invoke(AbstractAccessLogValve.java:663)
		at org.apache.catalina.core.StandardEngineValve.invoke(StandardEngineValve.java:74)
		at org.apache.catalina.connector.CoyoteAdapter.service(CoyoteAdapter.java:344)
		at org.apache.coyote.http11.Http11Processor.service(Http11Processor.java:389)
		at org.apache.coyote.AbstractProcessorLight.process(AbstractProcessorLight.java:63)
		at org.apache.coyote.AbstractProtocol$ConnectionHandler.process(AbstractProtocol.java:896)
		at org.apache.tomcat.util.net.NioEndpoint$SocketProcessor.doRun(NioEndpoint.java:1741)
		at org.apache.tomcat.util.net.SocketProcessorBase.run(SocketProcessorBase.java:52)
		at org.apache.tomcat.util.threads.ThreadPoolExecutor.runWorker(ThreadPoolExecutor.java:1190)
		at org.apache.tomcat.util.threads.ThreadPoolExecutor$Worker.run(ThreadPoolExecutor.java:659)
		at org.apache.tomcat.util.threads.TaskThread$WrappingRunnable.run(TaskThread.java:63)
		at java.base/java.lang.Thread.run(Thread.java:1474)
21-Jul-2026 00:30:27.750 SEVERE [http-nio-8080-exec-6] org.apache.catalina.core.StandardWrapperValve.invoke Servlet.service() for servlet [classGroupManagementServlet] in context with path [/GAPE] threw exception
	java.lang.SecurityException: Missing class group management context: missing_context_assignment/coordinator_profile_required
		at pt.isel.gape.learning.service.ClassGroupService.requireClassGroupOperationalManager(ClassGroupService.java:895)
		at pt.isel.gape.learning.service.ClassGroupService.getClassGroup(ClassGroupService.java:230)
		at pt.isel.gape.web.controller.ClassGroupManagementServlet.showDetail(ClassGroupManagementServlet.java:489)
		at pt.isel.gape.web.controller.ClassGroupManagementServlet.showDetail(ClassGroupManagementServlet.java:475)
		at pt.isel.gape.web.controller.ClassGroupManagementServlet.doGet(ClassGroupManagementServlet.java:253)
		at jakarta.servlet.http.HttpServlet.service(HttpServlet.java:564)
		at jakarta.servlet.http.HttpServlet.service(HttpServlet.java:658)
		at org.apache.catalina.core.ApplicationFilterChain.internalDoFilter(ApplicationFilterChain.java:195)
		at org.apache.catalina.core.ApplicationFilterChain.doFilter(ApplicationFilterChain.java:140)
		at org.apache.tomcat.websocket.server.WsFilter.doFilter(WsFilter.java:51)
		at org.apache.catalina.core.ApplicationFilterChain.internalDoFilter(ApplicationFilterChain.java:164)
		at org.apache.catalina.core.ApplicationFilterChain.doFilter(ApplicationFilterChain.java:140)
		at pt.isel.gape.web.filter.DashboardEventUnreadFilter.doFilter(DashboardEventUnreadFilter.java:152)
		at org.apache.catalina.core.ApplicationFilterChain.internalDoFilter(ApplicationFilterChain.java:164)
		at org.apache.catalina.core.ApplicationFilterChain.doFilter(ApplicationFilterChain.java:140)
		at pt.isel.gape.web.filter.CsrfFilter.doFilter(CsrfFilter.java:48)
		at org.apache.catalina.core.ApplicationFilterChain.internalDoFilter(ApplicationFilterChain.java:164)
		at org.apache.catalina.core.ApplicationFilterChain.doFilter(ApplicationFilterChain.java:140)
		at pt.isel.gape.web.filter.AuthorizationFilter.doFilter(AuthorizationFilter.java:85)
		at org.apache.catalina.core.ApplicationFilterChain.internalDoFilter(ApplicationFilterChain.java:164)
		at org.apache.catalina.core.ApplicationFilterChain.doFilter(ApplicationFilterChain.java:140)
		at pt.isel.gape.web.filter.AuthenticationFilter.doFilter(AuthenticationFilter.java:87)
		at org.apache.catalina.core.ApplicationFilterChain.internalDoFilter(ApplicationFilterChain.java:164)
		at org.apache.catalina.core.ApplicationFilterChain.doFilter(ApplicationFilterChain.java:140)
		at pt.isel.gape.web.filter.SecurityHeadersFilter.doFilter(SecurityHeadersFilter.java:53)
		at org.apache.catalina.core.ApplicationFilterChain.internalDoFilter(ApplicationFilterChain.java:164)
		at org.apache.catalina.core.ApplicationFilterChain.doFilter(ApplicationFilterChain.java:140)
		at pt.isel.gape.web.filter.HttpsEnforcementFilter.doFilter(HttpsEnforcementFilter.java:36)
		at org.apache.catalina.core.ApplicationFilterChain.internalDoFilter(ApplicationFilterChain.java:164)
		at org.apache.catalina.core.ApplicationFilterChain.doFilter(ApplicationFilterChain.java:140)
		at org.apache.catalina.core.StandardWrapperValve.invoke(StandardWrapperValve.java:167)
		at org.apache.catalina.core.StandardContextValve.invoke(StandardContextValve.java:90)
		at org.apache.catalina.authenticator.AuthenticatorBase.invoke(AuthenticatorBase.java:482)
		at org.apache.catalina.core.StandardHostValve.invoke(StandardHostValve.java:115)
		at org.apache.catalina.valves.ErrorReportValve.invoke(ErrorReportValve.java:93)
		at org.apache.catalina.valves.AbstractAccessLogValve.invoke(AbstractAccessLogValve.java:663)
		at org.apache.catalina.core.StandardEngineValve.invoke(StandardEngineValve.java:74)
		at org.apache.catalina.connector.CoyoteAdapter.service(CoyoteAdapter.java:344)
		at org.apache.coyote.http11.Http11Processor.service(Http11Processor.java:389)
		at org.apache.coyote.AbstractProcessorLight.process(AbstractProcessorLight.java:63)
		at org.apache.coyote.AbstractProtocol$ConnectionHandler.process(AbstractProtocol.java:896)
		at org.apache.tomcat.util.net.NioEndpoint$SocketProcessor.doRun(NioEndpoint.java:1741)
		at org.apache.tomcat.util.net.SocketProcessorBase.run(SocketProcessorBase.java:52)
		at org.apache.tomcat.util.threads.ThreadPoolExecutor.runWorker(ThreadPoolExecutor.java:1190)
		at org.apache.tomcat.util.threads.ThreadPoolExecutor$Worker.run(ThreadPoolExecutor.java:659)
		at org.apache.tomcat.util.threads.TaskThread$WrappingRunnable.run(TaskThread.java:63)
		at java.base/java.lang.Thread.run(Thread.java:1474)
21-Jul-2026 00:30:29.055 SEVERE [http-nio-8080-exec-7] org.apache.catalina.core.StandardWrapperValve.invoke Servlet.service() for servlet [classGroupManagementServlet] in context with path [/GAPE] threw exception
	java.lang.SecurityException: Missing class group management context: missing_context_assignment/coordinator_profile_required
		at pt.isel.gape.learning.service.ClassGroupService.requireClassGroupOperationalManager(ClassGroupService.java:895)
		at pt.isel.gape.learning.service.ClassGroupService.getClassGroup(ClassGroupService.java:230)
		at pt.isel.gape.web.controller.ClassGroupManagementServlet.showDetail(ClassGroupManagementServlet.java:489)
		at pt.isel.gape.web.controller.ClassGroupManagementServlet.showDetail(ClassGroupManagementServlet.java:475)
		at pt.isel.gape.web.controller.ClassGroupManagementServlet.doGet(ClassGroupManagementServlet.java:253)
		at jakarta.servlet.http.HttpServlet.service(HttpServlet.java:564)
		at jakarta.servlet.http.HttpServlet.service(HttpServlet.java:658)
		at org.apache.catalina.core.ApplicationFilterChain.internalDoFilter(ApplicationFilterChain.java:195)
		at org.apache.catalina.core.ApplicationFilterChain.doFilter(ApplicationFilterChain.java:140)
		at org.apache.tomcat.websocket.server.WsFilter.doFilter(WsFilter.java:51)
		at org.apache.catalina.core.ApplicationFilterChain.internalDoFilter(ApplicationFilterChain.java:164)
		at org.apache.catalina.core.ApplicationFilterChain.doFilter(ApplicationFilterChain.java:140)
		at pt.isel.gape.web.filter.DashboardEventUnreadFilter.doFilter(DashboardEventUnreadFilter.java:152)
		at org.apache.catalina.core.ApplicationFilterChain.internalDoFilter(ApplicationFilterChain.java:164)
		at org.apache.catalina.core.ApplicationFilterChain.doFilter(ApplicationFilterChain.java:140)
		at pt.isel.gape.web.filter.CsrfFilter.doFilter(CsrfFilter.java:48)
		at org.apache.catalina.core.ApplicationFilterChain.internalDoFilter(ApplicationFilterChain.java:164)
		at org.apache.catalina.core.ApplicationFilterChain.doFilter(ApplicationFilterChain.java:140)
		at pt.isel.gape.web.filter.AuthorizationFilter.doFilter(AuthorizationFilter.java:85)
		at org.apache.catalina.core.ApplicationFilterChain.internalDoFilter(ApplicationFilterChain.java:164)
		at org.apache.catalina.core.ApplicationFilterChain.doFilter(ApplicationFilterChain.java:140)
		at pt.isel.gape.web.filter.AuthenticationFilter.doFilter(AuthenticationFilter.java:87)
		at org.apache.catalina.core.ApplicationFilterChain.internalDoFilter(ApplicationFilterChain.java:164)
		at org.apache.catalina.core.ApplicationFilterChain.doFilter(ApplicationFilterChain.java:140)
		at pt.isel.gape.web.filter.SecurityHeadersFilter.doFilter(SecurityHeadersFilter.java:53)
		at org.apache.catalina.core.ApplicationFilterChain.internalDoFilter(ApplicationFilterChain.java:164)
		at org.apache.catalina.core.ApplicationFilterChain.doFilter(ApplicationFilterChain.java:140)
		at pt.isel.gape.web.filter.HttpsEnforcementFilter.doFilter(HttpsEnforcementFilter.java:36)
		at org.apache.catalina.core.ApplicationFilterChain.internalDoFilter(ApplicationFilterChain.java:164)
		at org.apache.catalina.core.ApplicationFilterChain.doFilter(ApplicationFilterChain.java:140)
		at org.apache.catalina.core.StandardWrapperValve.invoke(StandardWrapperValve.java:167)
		at org.apache.catalina.core.StandardContextValve.invoke(StandardContextValve.java:90)
		at org.apache.catalina.authenticator.AuthenticatorBase.invoke(AuthenticatorBase.java:482)
		at org.apache.catalina.core.StandardHostValve.invoke(StandardHostValve.java:115)
		at org.apache.catalina.valves.ErrorReportValve.invoke(ErrorReportValve.java:93)
		at org.apache.catalina.valves.AbstractAccessLogValve.invoke(AbstractAccessLogValve.java:663)
		at org.apache.catalina.core.StandardEngineValve.invoke(StandardEngineValve.java:74)
		at org.apache.catalina.connector.CoyoteAdapter.service(CoyoteAdapter.java:344)
		at org.apache.coyote.http11.Http11Processor.service(Http11Processor.java:389)
		at org.apache.coyote.AbstractProcessorLight.process(AbstractProcessorLight.java:63)
		at org.apache.coyote.AbstractProtocol$ConnectionHandler.process(AbstractProtocol.java:896)
		at org.apache.tomcat.util.net.NioEndpoint$SocketProcessor.doRun(NioEndpoint.java:1741)
		at org.apache.tomcat.util.net.SocketProcessorBase.run(SocketProcessorBase.java:52)
		at org.apache.tomcat.util.threads.ThreadPoolExecutor.runWorker(ThreadPoolExecutor.java:1190)
		at org.apache.tomcat.util.threads.ThreadPoolExecutor$Worker.run(ThreadPoolExecutor.java:659)
		at org.apache.tomcat.util.threads.TaskThread$WrappingRunnable.run(TaskThread.java:63)
		at java.base/java.lang.Thread.run(Thread.java:1474)
21-Jul-2026 00:50:27.797 SEVERE [http-nio-8080-exec-2] org.apache.catalina.core.StandardWrapperValve.invoke Servlet.service() for servlet [classGroupManagementServlet] in context with path [/GAPE] threw exception
	java.lang.SecurityException: Missing class group read context: missing_context_assignment/coordinator_profile_required/administrator_profile_required/coordinator_profile_required/missing_context_assignment
		at pt.isel.gape.learning.service.ClassGroupService.getReadableClassGroup(ClassGroupService.java:265)
		at pt.isel.gape.web.controller.ClassGroupManagementServlet.showDetail(ClassGroupManagementServlet.java:490)
		at pt.isel.gape.web.controller.ClassGroupManagementServlet.showDetail(ClassGroupManagementServlet.java:475)
		at pt.isel.gape.web.controller.ClassGroupManagementServlet.doGet(ClassGroupManagementServlet.java:253)
		at jakarta.servlet.http.HttpServlet.service(HttpServlet.java:564)
		at jakarta.servlet.http.HttpServlet.service(HttpServlet.java:658)
		at org.apache.catalina.core.ApplicationFilterChain.internalDoFilter(ApplicationFilterChain.java:195)
		at org.apache.catalina.core.ApplicationFilterChain.doFilter(ApplicationFilterChain.java:140)
		at org.apache.tomcat.websocket.server.WsFilter.doFilter(WsFilter.java:51)
		at org.apache.catalina.core.ApplicationFilterChain.internalDoFilter(ApplicationFilterChain.java:164)
		at org.apache.catalina.core.ApplicationFilterChain.doFilter(ApplicationFilterChain.java:140)
		at pt.isel.gape.web.filter.DashboardEventUnreadFilter.doFilter(DashboardEventUnreadFilter.java:152)
		at org.apache.catalina.core.ApplicationFilterChain.internalDoFilter(ApplicationFilterChain.java:164)
		at org.apache.catalina.core.ApplicationFilterChain.doFilter(ApplicationFilterChain.java:140)
		at pt.isel.gape.web.filter.CsrfFilter.doFilter(CsrfFilter.java:48)
		at org.apache.catalina.core.ApplicationFilterChain.internalDoFilter(ApplicationFilterChain.java:164)
		at org.apache.catalina.core.ApplicationFilterChain.doFilter(ApplicationFilterChain.java:140)
		at pt.isel.gape.web.filter.AuthorizationFilter.doFilter(AuthorizationFilter.java:85)
		at org.apache.catalina.core.ApplicationFilterChain.internalDoFilter(ApplicationFilterChain.java:164)
		at org.apache.catalina.core.ApplicationFilterChain.doFilter(ApplicationFilterChain.java:140)
		at pt.isel.gape.web.filter.AuthenticationFilter.doFilter(AuthenticationFilter.java:87)
		at org.apache.catalina.core.ApplicationFilterChain.internalDoFilter(ApplicationFilterChain.java:164)
		at org.apache.catalina.core.ApplicationFilterChain.doFilter(ApplicationFilterChain.java:140)
		at pt.isel.gape.web.filter.SecurityHeadersFilter.doFilter(SecurityHeadersFilter.java:53)
		at org.apache.catalina.core.ApplicationFilterChain.internalDoFilter(ApplicationFilterChain.java:164)
		at org.apache.catalina.core.ApplicationFilterChain.doFilter(ApplicationFilterChain.java:140)
		at pt.isel.gape.web.filter.HttpsEnforcementFilter.doFilter(HttpsEnforcementFilter.java:36)
		at org.apache.catalina.core.ApplicationFilterChain.internalDoFilter(ApplicationFilterChain.java:164)
		at org.apache.catalina.core.ApplicationFilterChain.doFilter(ApplicationFilterChain.java:140)
		at org.apache.catalina.core.StandardWrapperValve.invoke(StandardWrapperValve.java:167)
		at org.apache.catalina.core.StandardContextValve.invoke(StandardContextValve.java:90)
		at org.apache.catalina.authenticator.AuthenticatorBase.invoke(AuthenticatorBase.java:482)
		at org.apache.catalina.core.StandardHostValve.invoke(StandardHostValve.java:115)
		at org.apache.catalina.valves.ErrorReportValve.invoke(ErrorReportValve.java:93)
		at org.apache.catalina.valves.AbstractAccessLogValve.invoke(AbstractAccessLogValve.java:663)
		at org.apache.catalina.core.StandardEngineValve.invoke(StandardEngineValve.java:74)
		at org.apache.catalina.connector.CoyoteAdapter.service(CoyoteAdapter.java:344)
		at org.apache.coyote.http11.Http11Processor.service(Http11Processor.java:389)
		at org.apache.coyote.AbstractProcessorLight.process(AbstractProcessorLight.java:63)
		at org.apache.coyote.AbstractProtocol$ConnectionHandler.process(AbstractProtocol.java:896)
		at org.apache.tomcat.util.net.NioEndpoint$SocketProcessor.doRun(NioEndpoint.java:1741)
		at org.apache.tomcat.util.net.SocketProcessorBase.run(SocketProcessorBase.java:52)
		at org.apache.tomcat.util.threads.ThreadPoolExecutor.runWorker(ThreadPoolExecutor.java:1190)
		at org.apache.tomcat.util.threads.ThreadPoolExecutor$Worker.run(ThreadPoolExecutor.java:659)
		at org.apache.tomcat.util.threads.TaskThread$WrappingRunnable.run(TaskThread.java:63)
		at java.base/java.lang.Thread.run(Thread.java:1474)
21-Jul-2026 00:50:30.428 SEVERE [http-nio-8080-exec-6] org.apache.catalina.core.StandardWrapperValve.invoke Servlet.service() for servlet [classGroupManagementServlet] in context with path [/GAPE] threw exception
	java.lang.SecurityException: Missing class group read context: missing_context_assignment/coordinator_profile_required/administrator_profile_required/coordinator_profile_required/missing_context_assignment
		at pt.isel.gape.learning.service.ClassGroupService.getReadableClassGroup(ClassGroupService.java:265)
		at pt.isel.gape.web.controller.ClassGroupManagementServlet.showDetail(ClassGroupManagementServlet.java:490)
		at pt.isel.gape.web.controller.ClassGroupManagementServlet.showDetail(ClassGroupManagementServlet.java:475)
		at pt.isel.gape.web.controller.ClassGroupManagementServlet.doGet(ClassGroupManagementServlet.java:253)
		at jakarta.servlet.http.HttpServlet.service(HttpServlet.java:564)
		at jakarta.servlet.http.HttpServlet.service(HttpServlet.java:658)
		at org.apache.catalina.core.ApplicationFilterChain.internalDoFilter(ApplicationFilterChain.java:195)
		at org.apache.catalina.core.ApplicationFilterChain.doFilter(ApplicationFilterChain.java:140)
		at org.apache.tomcat.websocket.server.WsFilter.doFilter(WsFilter.java:51)
		at org.apache.catalina.core.ApplicationFilterChain.internalDoFilter(ApplicationFilterChain.java:164)
		at org.apache.catalina.core.ApplicationFilterChain.doFilter(ApplicationFilterChain.java:140)
		at pt.isel.gape.web.filter.DashboardEventUnreadFilter.doFilter(DashboardEventUnreadFilter.java:152)
		at org.apache.catalina.core.ApplicationFilterChain.internalDoFilter(ApplicationFilterChain.java:164)
		at org.apache.catalina.core.ApplicationFilterChain.doFilter(ApplicationFilterChain.java:140)
		at pt.isel.gape.web.filter.CsrfFilter.doFilter(CsrfFilter.java:48)
		at org.apache.catalina.core.ApplicationFilterChain.internalDoFilter(ApplicationFilterChain.java:164)
		at org.apache.catalina.core.ApplicationFilterChain.doFilter(ApplicationFilterChain.java:140)
		at pt.isel.gape.web.filter.AuthorizationFilter.doFilter(AuthorizationFilter.java:85)
		at org.apache.catalina.core.ApplicationFilterChain.internalDoFilter(ApplicationFilterChain.java:164)
		at org.apache.catalina.core.ApplicationFilterChain.doFilter(ApplicationFilterChain.java:140)
		at pt.isel.gape.web.filter.AuthenticationFilter.doFilter(AuthenticationFilter.java:87)
		at org.apache.catalina.core.ApplicationFilterChain.internalDoFilter(ApplicationFilterChain.java:164)
		at org.apache.catalina.core.ApplicationFilterChain.doFilter(ApplicationFilterChain.java:140)
		at pt.isel.gape.web.filter.SecurityHeadersFilter.doFilter(SecurityHeadersFilter.java:53)
		at org.apache.catalina.core.ApplicationFilterChain.internalDoFilter(ApplicationFilterChain.java:164)
		at org.apache.catalina.core.ApplicationFilterChain.doFilter(ApplicationFilterChain.java:140)
		at pt.isel.gape.web.filter.HttpsEnforcementFilter.doFilter(HttpsEnforcementFilter.java:36)
		at org.apache.catalina.core.ApplicationFilterChain.internalDoFilter(ApplicationFilterChain.java:164)
		at org.apache.catalina.core.ApplicationFilterChain.doFilter(ApplicationFilterChain.java:140)
		at org.apache.catalina.core.StandardWrapperValve.invoke(StandardWrapperValve.java:167)
		at org.apache.catalina.core.StandardContextValve.invoke(StandardContextValve.java:90)
		at org.apache.catalina.authenticator.AuthenticatorBase.invoke(AuthenticatorBase.java:482)
		at org.apache.catalina.core.StandardHostValve.invoke(StandardHostValve.java:115)
		at org.apache.catalina.valves.ErrorReportValve.invoke(ErrorReportValve.java:93)
		at org.apache.catalina.valves.AbstractAccessLogValve.invoke(AbstractAccessLogValve.java:663)
		at org.apache.catalina.core.StandardEngineValve.invoke(StandardEngineValve.java:74)
		at org.apache.catalina.connector.CoyoteAdapter.service(CoyoteAdapter.java:344)
		at org.apache.coyote.http11.Http11Processor.service(Http11Processor.java:389)
		at org.apache.coyote.AbstractProcessorLight.process(AbstractProcessorLight.java:63)
		at org.apache.coyote.AbstractProtocol$ConnectionHandler.process(AbstractProtocol.java:896)
		at org.apache.tomcat.util.net.NioEndpoint$SocketProcessor.doRun(NioEndpoint.java:1741)
		at org.apache.tomcat.util.net.SocketProcessorBase.run(SocketProcessorBase.java:52)
		at org.apache.tomcat.util.threads.ThreadPoolExecutor.runWorker(ThreadPoolExecutor.java:1190)
		at org.apache.tomcat.util.threads.ThreadPoolExecutor$Worker.run(ThreadPoolExecutor.java:659)
		at org.apache.tomcat.util.threads.TaskThread$WrappingRunnable.run(TaskThread.java:63)
		at java.base/java.lang.Thread.run(Thread.java:1474)
21-Jul-2026 02:08:06.324 SEVERE [http-nio-8080-exec-9] org.apache.catalina.core.StandardWrapperValve.invoke Servlet.service() for servlet [courseManagementServlet] in context with path [/GAPE] threw exception
	java.lang.SecurityException: Missing course management context: missing_coordinated_course_subject
		at pt.isel.gape.learning.service.CourseService.requireCourseAccess(CourseService.java:539)
		at pt.isel.gape.learning.service.CourseService.getCourse(CourseService.java:157)
		at pt.isel.gape.web.controller.CourseManagementServlet.showDetail(CourseManagementServlet.java:389)
		at pt.isel.gape.web.controller.CourseManagementServlet.doGet(CourseManagementServlet.java:204)
		at jakarta.servlet.http.HttpServlet.service(HttpServlet.java:564)
		at jakarta.servlet.http.HttpServlet.service(HttpServlet.java:658)
		at org.apache.catalina.core.ApplicationFilterChain.internalDoFilter(ApplicationFilterChain.java:195)
		at org.apache.catalina.core.ApplicationFilterChain.doFilter(ApplicationFilterChain.java:140)
		at org.apache.tomcat.websocket.server.WsFilter.doFilter(WsFilter.java:51)
		at org.apache.catalina.core.ApplicationFilterChain.internalDoFilter(ApplicationFilterChain.java:164)
		at org.apache.catalina.core.ApplicationFilterChain.doFilter(ApplicationFilterChain.java:140)
		at pt.isel.gape.web.filter.DashboardEventUnreadFilter.doFilter(DashboardEventUnreadFilter.java:152)
		at org.apache.catalina.core.ApplicationFilterChain.internalDoFilter(ApplicationFilterChain.java:164)
		at org.apache.catalina.core.ApplicationFilterChain.doFilter(ApplicationFilterChain.java:140)
		at pt.isel.gape.web.filter.CsrfFilter.doFilter(CsrfFilter.java:48)
		at org.apache.catalina.core.ApplicationFilterChain.internalDoFilter(ApplicationFilterChain.java:164)
		at org.apache.catalina.core.ApplicationFilterChain.doFilter(ApplicationFilterChain.java:140)
		at pt.isel.gape.web.filter.AuthorizationFilter.doFilter(AuthorizationFilter.java:85)
		at org.apache.catalina.core.ApplicationFilterChain.internalDoFilter(ApplicationFilterChain.java:164)
		at org.apache.catalina.core.ApplicationFilterChain.doFilter(ApplicationFilterChain.java:140)
		at pt.isel.gape.web.filter.AuthenticationFilter.doFilter(AuthenticationFilter.java:87)
		at org.apache.catalina.core.ApplicationFilterChain.internalDoFilter(ApplicationFilterChain.java:164)
		at org.apache.catalina.core.ApplicationFilterChain.doFilter(ApplicationFilterChain.java:140)
		at pt.isel.gape.web.filter.SecurityHeadersFilter.doFilter(SecurityHeadersFilter.java:53)
		at org.apache.catalina.core.ApplicationFilterChain.internalDoFilter(ApplicationFilterChain.java:164)
		at org.apache.catalina.core.ApplicationFilterChain.doFilter(ApplicationFilterChain.java:140)
		at pt.isel.gape.web.filter.HttpsEnforcementFilter.doFilter(HttpsEnforcementFilter.java:36)
		at org.apache.catalina.core.ApplicationFilterChain.internalDoFilter(ApplicationFilterChain.java:164)
		at org.apache.catalina.core.ApplicationFilterChain.doFilter(ApplicationFilterChain.java:140)
		at org.apache.catalina.core.StandardWrapperValve.invoke(StandardWrapperValve.java:167)
		at org.apache.catalina.core.StandardContextValve.invoke(StandardContextValve.java:90)
		at org.apache.catalina.authenticator.AuthenticatorBase.invoke(AuthenticatorBase.java:482)
		at org.apache.catalina.core.StandardHostValve.invoke(StandardHostValve.java:115)
		at org.apache.catalina.valves.ErrorReportValve.invoke(ErrorReportValve.java:93)
		at org.apache.catalina.valves.AbstractAccessLogValve.invoke(AbstractAccessLogValve.java:663)
		at org.apache.catalina.core.StandardEngineValve.invoke(StandardEngineValve.java:74)
		at org.apache.catalina.connector.CoyoteAdapter.service(CoyoteAdapter.java:344)
		at org.apache.coyote.http11.Http11Processor.service(Http11Processor.java:389)
		at org.apache.coyote.AbstractProcessorLight.process(AbstractProcessorLight.java:63)
		at org.apache.coyote.AbstractProtocol$ConnectionHandler.process(AbstractProtocol.java:896)
		at org.apache.tomcat.util.net.NioEndpoint$SocketProcessor.doRun(NioEndpoint.java:1741)
		at org.apache.tomcat.util.net.SocketProcessorBase.run(SocketProcessorBase.java:52)
		at org.apache.tomcat.util.threads.ThreadPoolExecutor.runWorker(ThreadPoolExecutor.java:1190)
		at org.apache.tomcat.util.threads.ThreadPoolExecutor$Worker.run(ThreadPoolExecutor.java:659)
		at org.apache.tomcat.util.threads.TaskThread$WrappingRunnable.run(TaskThread.java:63)
		at java.base/java.lang.Thread.run(Thread.java:1474)
21-Jul-2026 02:08:06.638 SEVERE [http-nio-8080-exec-6] org.apache.catalina.core.StandardWrapperValve.invoke Servlet.service() for servlet [courseManagementServlet] in context with path [/GAPE] threw exception
	java.lang.SecurityException: Missing course management context: missing_coordinated_course_subject
		at pt.isel.gape.learning.service.CourseService.requireCourseAccess(CourseService.java:539)
		at pt.isel.gape.learning.service.CourseService.getCourse(CourseService.java:157)
		at pt.isel.gape.web.controller.CourseManagementServlet.showDetail(CourseManagementServlet.java:389)
		at pt.isel.gape.web.controller.CourseManagementServlet.doGet(CourseManagementServlet.java:204)
		at jakarta.servlet.http.HttpServlet.service(HttpServlet.java:564)
		at jakarta.servlet.http.HttpServlet.service(HttpServlet.java:658)
		at org.apache.catalina.core.ApplicationFilterChain.internalDoFilter(ApplicationFilterChain.java:195)
		at org.apache.catalina.core.ApplicationFilterChain.doFilter(ApplicationFilterChain.java:140)
		at org.apache.tomcat.websocket.server.WsFilter.doFilter(WsFilter.java:51)
		at org.apache.catalina.core.ApplicationFilterChain.internalDoFilter(ApplicationFilterChain.java:164)
		at org.apache.catalina.core.ApplicationFilterChain.doFilter(ApplicationFilterChain.java:140)
		at pt.isel.gape.web.filter.DashboardEventUnreadFilter.doFilter(DashboardEventUnreadFilter.java:152)
		at org.apache.catalina.core.ApplicationFilterChain.internalDoFilter(ApplicationFilterChain.java:164)
		at org.apache.catalina.core.ApplicationFilterChain.doFilter(ApplicationFilterChain.java:140)
		at pt.isel.gape.web.filter.CsrfFilter.doFilter(CsrfFilter.java:48)
		at org.apache.catalina.core.ApplicationFilterChain.internalDoFilter(ApplicationFilterChain.java:164)
		at org.apache.catalina.core.ApplicationFilterChain.doFilter(ApplicationFilterChain.java:140)
		at pt.isel.gape.web.filter.AuthorizationFilter.doFilter(AuthorizationFilter.java:85)
		at org.apache.catalina.core.ApplicationFilterChain.internalDoFilter(ApplicationFilterChain.java:164)
		at org.apache.catalina.core.ApplicationFilterChain.doFilter(ApplicationFilterChain.java:140)
		at pt.isel.gape.web.filter.AuthenticationFilter.doFilter(AuthenticationFilter.java:87)
		at org.apache.catalina.core.ApplicationFilterChain.internalDoFilter(ApplicationFilterChain.java:164)
		at org.apache.catalina.core.ApplicationFilterChain.doFilter(ApplicationFilterChain.java:140)
		at pt.isel.gape.web.filter.SecurityHeadersFilter.doFilter(SecurityHeadersFilter.java:53)
		at org.apache.catalina.core.ApplicationFilterChain.internalDoFilter(ApplicationFilterChain.java:164)
		at org.apache.catalina.core.ApplicationFilterChain.doFilter(ApplicationFilterChain.java:140)
		at pt.isel.gape.web.filter.HttpsEnforcementFilter.doFilter(HttpsEnforcementFilter.java:36)
		at org.apache.catalina.core.ApplicationFilterChain.internalDoFilter(ApplicationFilterChain.java:164)
		at org.apache.catalina.core.ApplicationFilterChain.doFilter(ApplicationFilterChain.java:140)
		at org.apache.catalina.core.StandardWrapperValve.invoke(StandardWrapperValve.java:167)
		at org.apache.catalina.core.StandardContextValve.invoke(StandardContextValve.java:90)
		at org.apache.catalina.authenticator.AuthenticatorBase.invoke(AuthenticatorBase.java:482)
		at org.apache.catalina.core.StandardHostValve.invoke(StandardHostValve.java:115)
		at org.apache.catalina.valves.ErrorReportValve.invoke(ErrorReportValve.java:93)
		at org.apache.catalina.valves.AbstractAccessLogValve.invoke(AbstractAccessLogValve.java:663)
		at org.apache.catalina.core.StandardEngineValve.invoke(StandardEngineValve.java:74)
		at org.apache.catalina.connector.CoyoteAdapter.service(CoyoteAdapter.java:344)
		at org.apache.coyote.http11.Http11Processor.service(Http11Processor.java:389)
		at org.apache.coyote.AbstractProcessorLight.process(AbstractProcessorLight.java:63)
		at org.apache.coyote.AbstractProtocol$ConnectionHandler.process(AbstractProtocol.java:896)
		at org.apache.tomcat.util.net.NioEndpoint$SocketProcessor.doRun(NioEndpoint.java:1741)
		at org.apache.tomcat.util.net.SocketProcessorBase.run(SocketProcessorBase.java:52)
		at org.apache.tomcat.util.threads.ThreadPoolExecutor.runWorker(ThreadPoolExecutor.java:1190)
		at org.apache.tomcat.util.threads.ThreadPoolExecutor$Worker.run(ThreadPoolExecutor.java:659)
		at org.apache.tomcat.util.threads.TaskThread$WrappingRunnable.run(TaskThread.java:63)
		at java.base/java.lang.Thread.run(Thread.java:1474)
21-Jul-2026 02:08:15.799 SEVERE [http-nio-8080-exec-10] org.apache.catalina.core.StandardWrapperValve.invoke Servlet.service() for servlet [subjectManagementServlet] in context with path [/GAPE] threw exception
	java.lang.SecurityException: Missing subject management context: missing_context_assignment/missing_context_assignment
		at pt.isel.gape.learning.service.SubjectService.requireSubjectManager(SubjectService.java:545)
		at pt.isel.gape.learning.service.SubjectService.getSubject(SubjectService.java:133)
		at pt.isel.gape.web.controller.SubjectManagementServlet.showDetail(SubjectManagementServlet.java:438)
		at pt.isel.gape.web.controller.SubjectManagementServlet.doGet(SubjectManagementServlet.java:212)
		at jakarta.servlet.http.HttpServlet.service(HttpServlet.java:564)
		at jakarta.servlet.http.HttpServlet.service(HttpServlet.java:658)
		at org.apache.catalina.core.ApplicationFilterChain.internalDoFilter(ApplicationFilterChain.java:195)
		at org.apache.catalina.core.ApplicationFilterChain.doFilter(ApplicationFilterChain.java:140)
		at org.apache.tomcat.websocket.server.WsFilter.doFilter(WsFilter.java:51)
		at org.apache.catalina.core.ApplicationFilterChain.internalDoFilter(ApplicationFilterChain.java:164)
		at org.apache.catalina.core.ApplicationFilterChain.doFilter(ApplicationFilterChain.java:140)
		at pt.isel.gape.web.filter.DashboardEventUnreadFilter.doFilter(DashboardEventUnreadFilter.java:152)
		at org.apache.catalina.core.ApplicationFilterChain.internalDoFilter(ApplicationFilterChain.java:164)
		at org.apache.catalina.core.ApplicationFilterChain.doFilter(ApplicationFilterChain.java:140)
		at pt.isel.gape.web.filter.CsrfFilter.doFilter(CsrfFilter.java:48)
		at org.apache.catalina.core.ApplicationFilterChain.internalDoFilter(ApplicationFilterChain.java:164)
		at org.apache.catalina.core.ApplicationFilterChain.doFilter(ApplicationFilterChain.java:140)
		at pt.isel.gape.web.filter.AuthorizationFilter.doFilter(AuthorizationFilter.java:85)
		at org.apache.catalina.core.ApplicationFilterChain.internalDoFilter(ApplicationFilterChain.java:164)
		at org.apache.catalina.core.ApplicationFilterChain.doFilter(ApplicationFilterChain.java:140)
		at pt.isel.gape.web.filter.AuthenticationFilter.doFilter(AuthenticationFilter.java:87)
		at org.apache.catalina.core.ApplicationFilterChain.internalDoFilter(ApplicationFilterChain.java:164)
		at org.apache.catalina.core.ApplicationFilterChain.doFilter(ApplicationFilterChain.java:140)
		at pt.isel.gape.web.filter.SecurityHeadersFilter.doFilter(SecurityHeadersFilter.java:53)
		at org.apache.catalina.core.ApplicationFilterChain.internalDoFilter(ApplicationFilterChain.java:164)
		at org.apache.catalina.core.ApplicationFilterChain.doFilter(ApplicationFilterChain.java:140)
		at pt.isel.gape.web.filter.HttpsEnforcementFilter.doFilter(HttpsEnforcementFilter.java:36)
		at org.apache.catalina.core.ApplicationFilterChain.internalDoFilter(ApplicationFilterChain.java:164)
		at org.apache.catalina.core.ApplicationFilterChain.doFilter(ApplicationFilterChain.java:140)
		at org.apache.catalina.core.StandardWrapperValve.invoke(StandardWrapperValve.java:167)
		at org.apache.catalina.core.StandardContextValve.invoke(StandardContextValve.java:90)
		at org.apache.catalina.authenticator.AuthenticatorBase.invoke(AuthenticatorBase.java:482)
		at org.apache.catalina.core.StandardHostValve.invoke(StandardHostValve.java:115)
		at org.apache.catalina.valves.ErrorReportValve.invoke(ErrorReportValve.java:93)
		at org.apache.catalina.valves.AbstractAccessLogValve.invoke(AbstractAccessLogValve.java:663)
		at org.apache.catalina.core.StandardEngineValve.invoke(StandardEngineValve.java:74)
		at org.apache.catalina.connector.CoyoteAdapter.service(CoyoteAdapter.java:344)
		at org.apache.coyote.http11.Http11Processor.service(Http11Processor.java:389)
		at org.apache.coyote.AbstractProcessorLight.process(AbstractProcessorLight.java:63)
		at org.apache.coyote.AbstractProtocol$ConnectionHandler.process(AbstractProtocol.java:896)
		at org.apache.tomcat.util.net.NioEndpoint$SocketProcessor.doRun(NioEndpoint.java:1741)
		at org.apache.tomcat.util.net.SocketProcessorBase.run(SocketProcessorBase.java:52)
		at org.apache.tomcat.util.threads.ThreadPoolExecutor.runWorker(ThreadPoolExecutor.java:1190)
		at org.apache.tomcat.util.threads.ThreadPoolExecutor$Worker.run(ThreadPoolExecutor.java:659)
		at org.apache.tomcat.util.threads.TaskThread$WrappingRunnable.run(TaskThread.java:63)
		at java.base/java.lang.Thread.run(Thread.java:1474)
21-Jul-2026 02:08:19.817 SEVERE [http-nio-8080-exec-4] org.apache.catalina.core.StandardWrapperValve.invoke Servlet.service() for servlet [subjectManagementServlet] in context with path [/GAPE] threw exception
	java.lang.SecurityException: Missing subject management context: missing_context_assignment/teacher_subject_context_required
		at pt.isel.gape.learning.service.SubjectService.requireSubjectManager(SubjectService.java:545)
		at pt.isel.gape.learning.service.SubjectService.getSubject(SubjectService.java:133)
		at pt.isel.gape.web.controller.SubjectManagementServlet.showDetail(SubjectManagementServlet.java:438)
		at pt.isel.gape.web.controller.SubjectManagementServlet.doGet(SubjectManagementServlet.java:212)
		at jakarta.servlet.http.HttpServlet.service(HttpServlet.java:564)
		at jakarta.servlet.http.HttpServlet.service(HttpServlet.java:658)
		at org.apache.catalina.core.ApplicationFilterChain.internalDoFilter(ApplicationFilterChain.java:195)
		at org.apache.catalina.core.ApplicationFilterChain.doFilter(ApplicationFilterChain.java:140)
		at org.apache.tomcat.websocket.server.WsFilter.doFilter(WsFilter.java:51)
		at org.apache.catalina.core.ApplicationFilterChain.internalDoFilter(ApplicationFilterChain.java:164)
		at org.apache.catalina.core.ApplicationFilterChain.doFilter(ApplicationFilterChain.java:140)
		at pt.isel.gape.web.filter.DashboardEventUnreadFilter.doFilter(DashboardEventUnreadFilter.java:152)
		at org.apache.catalina.core.ApplicationFilterChain.internalDoFilter(ApplicationFilterChain.java:164)
		at org.apache.catalina.core.ApplicationFilterChain.doFilter(ApplicationFilterChain.java:140)
		at pt.isel.gape.web.filter.CsrfFilter.doFilter(CsrfFilter.java:48)
		at org.apache.catalina.core.ApplicationFilterChain.internalDoFilter(ApplicationFilterChain.java:164)
		at org.apache.catalina.core.ApplicationFilterChain.doFilter(ApplicationFilterChain.java:140)
		at pt.isel.gape.web.filter.AuthorizationFilter.doFilter(AuthorizationFilter.java:85)
		at org.apache.catalina.core.ApplicationFilterChain.internalDoFilter(ApplicationFilterChain.java:164)
		at org.apache.catalina.core.ApplicationFilterChain.doFilter(ApplicationFilterChain.java:140)
		at pt.isel.gape.web.filter.AuthenticationFilter.doFilter(AuthenticationFilter.java:87)
		at org.apache.catalina.core.ApplicationFilterChain.internalDoFilter(ApplicationFilterChain.java:164)
		at org.apache.catalina.core.ApplicationFilterChain.doFilter(ApplicationFilterChain.java:140)
		at pt.isel.gape.web.filter.SecurityHeadersFilter.doFilter(SecurityHeadersFilter.java:53)
		at org.apache.catalina.core.ApplicationFilterChain.internalDoFilter(ApplicationFilterChain.java:164)
		at org.apache.catalina.core.ApplicationFilterChain.doFilter(ApplicationFilterChain.java:140)
		at pt.isel.gape.web.filter.HttpsEnforcementFilter.doFilter(HttpsEnforcementFilter.java:36)
		at org.apache.catalina.core.ApplicationFilterChain.internalDoFilter(ApplicationFilterChain.java:164)
		at org.apache.catalina.core.ApplicationFilterChain.doFilter(ApplicationFilterChain.java:140)
		at org.apache.catalina.core.StandardWrapperValve.invoke(StandardWrapperValve.java:167)
		at org.apache.catalina.core.StandardContextValve.invoke(StandardContextValve.java:90)
		at org.apache.catalina.authenticator.AuthenticatorBase.invoke(AuthenticatorBase.java:482)
		at org.apache.catalina.core.StandardHostValve.invoke(StandardHostValve.java:115)
		at org.apache.catalina.valves.ErrorReportValve.invoke(ErrorReportValve.java:93)
		at org.apache.catalina.valves.AbstractAccessLogValve.invoke(AbstractAccessLogValve.java:663)
		at org.apache.catalina.core.StandardEngineValve.invoke(StandardEngineValve.java:74)
		at org.apache.catalina.connector.CoyoteAdapter.service(CoyoteAdapter.java:344)
		at org.apache.coyote.http11.Http11Processor.service(Http11Processor.java:389)
		at org.apache.coyote.AbstractProcessorLight.process(AbstractProcessorLight.java:63)
		at org.apache.coyote.AbstractProtocol$ConnectionHandler.process(AbstractProtocol.java:896)
		at org.apache.tomcat.util.net.NioEndpoint$SocketProcessor.doRun(NioEndpoint.java:1741)
		at org.apache.tomcat.util.net.SocketProcessorBase.run(SocketProcessorBase.java:52)
		at org.apache.tomcat.util.threads.ThreadPoolExecutor.runWorker(ThreadPoolExecutor.java:1190)
		at org.apache.tomcat.util.threads.ThreadPoolExecutor$Worker.run(ThreadPoolExecutor.java:659)
		at org.apache.tomcat.util.threads.TaskThread$WrappingRunnable.run(TaskThread.java:63)
		at java.base/java.lang.Thread.run(Thread.java:1474)
21-Jul-2026 02:08:20.613 SEVERE [http-nio-8080-exec-10] org.apache.catalina.core.StandardWrapperValve.invoke Servlet.service() for servlet [subjectManagementServlet] in context with path [/GAPE] threw exception
	java.lang.SecurityException: Missing subject management context: missing_context_assignment/teacher_subject_context_required
		at pt.isel.gape.learning.service.SubjectService.requireSubjectManager(SubjectService.java:545)
		at pt.isel.gape.learning.service.SubjectService.getSubject(SubjectService.java:133)
		at pt.isel.gape.web.controller.SubjectManagementServlet.showDetail(SubjectManagementServlet.java:438)
		at pt.isel.gape.web.controller.SubjectManagementServlet.doGet(SubjectManagementServlet.java:212)
		at jakarta.servlet.http.HttpServlet.service(HttpServlet.java:564)
		at jakarta.servlet.http.HttpServlet.service(HttpServlet.java:658)
		at org.apache.catalina.core.ApplicationFilterChain.internalDoFilter(ApplicationFilterChain.java:195)
		at org.apache.catalina.core.ApplicationFilterChain.doFilter(ApplicationFilterChain.java:140)
		at org.apache.tomcat.websocket.server.WsFilter.doFilter(WsFilter.java:51)
		at org.apache.catalina.core.ApplicationFilterChain.internalDoFilter(ApplicationFilterChain.java:164)
		at org.apache.catalina.core.ApplicationFilterChain.doFilter(ApplicationFilterChain.java:140)
		at pt.isel.gape.web.filter.DashboardEventUnreadFilter.doFilter(DashboardEventUnreadFilter.java:152)
		at org.apache.catalina.core.ApplicationFilterChain.internalDoFilter(ApplicationFilterChain.java:164)
		at org.apache.catalina.core.ApplicationFilterChain.doFilter(ApplicationFilterChain.java:140)
		at pt.isel.gape.web.filter.CsrfFilter.doFilter(CsrfFilter.java:48)
		at org.apache.catalina.core.ApplicationFilterChain.internalDoFilter(ApplicationFilterChain.java:164)
		at org.apache.catalina.core.ApplicationFilterChain.doFilter(ApplicationFilterChain.java:140)
		at pt.isel.gape.web.filter.AuthorizationFilter.doFilter(AuthorizationFilter.java:85)
		at org.apache.catalina.core.ApplicationFilterChain.internalDoFilter(ApplicationFilterChain.java:164)
		at org.apache.catalina.core.ApplicationFilterChain.doFilter(ApplicationFilterChain.java:140)
		at pt.isel.gape.web.filter.AuthenticationFilter.doFilter(AuthenticationFilter.java:87)
		at org.apache.catalina.core.ApplicationFilterChain.internalDoFilter(ApplicationFilterChain.java:164)
		at org.apache.catalina.core.ApplicationFilterChain.doFilter(ApplicationFilterChain.java:140)
		at pt.isel.gape.web.filter.SecurityHeadersFilter.doFilter(SecurityHeadersFilter.java:53)
		at org.apache.catalina.core.ApplicationFilterChain.internalDoFilter(ApplicationFilterChain.java:164)
		at org.apache.catalina.core.ApplicationFilterChain.doFilter(ApplicationFilterChain.java:140)
		at pt.isel.gape.web.filter.HttpsEnforcementFilter.doFilter(HttpsEnforcementFilter.java:36)
		at org.apache.catalina.core.ApplicationFilterChain.internalDoFilter(ApplicationFilterChain.java:164)
		at org.apache.catalina.core.ApplicationFilterChain.doFilter(ApplicationFilterChain.java:140)
		at org.apache.catalina.core.StandardWrapperValve.invoke(StandardWrapperValve.java:167)
		at org.apache.catalina.core.StandardContextValve.invoke(StandardContextValve.java:90)
		at org.apache.catalina.authenticator.AuthenticatorBase.invoke(AuthenticatorBase.java:482)
		at org.apache.catalina.core.StandardHostValve.invoke(StandardHostValve.java:115)
		at org.apache.catalina.valves.ErrorReportValve.invoke(ErrorReportValve.java:93)
		at org.apache.catalina.valves.AbstractAccessLogValve.invoke(AbstractAccessLogValve.java:663)
		at org.apache.catalina.core.StandardEngineValve.invoke(StandardEngineValve.java:74)
		at org.apache.catalina.connector.CoyoteAdapter.service(CoyoteAdapter.java:344)
		at org.apache.coyote.http11.Http11Processor.service(Http11Processor.java:389)
		at org.apache.coyote.AbstractProcessorLight.process(AbstractProcessorLight.java:63)
		at org.apache.coyote.AbstractProtocol$ConnectionHandler.process(AbstractProtocol.java:896)
		at org.apache.tomcat.util.net.NioEndpoint$SocketProcessor.doRun(NioEndpoint.java:1741)
		at org.apache.tomcat.util.net.SocketProcessorBase.run(SocketProcessorBase.java:52)
		at org.apache.tomcat.util.threads.ThreadPoolExecutor.runWorker(ThreadPoolExecutor.java:1190)
		at org.apache.tomcat.util.threads.ThreadPoolExecutor$Worker.run(ThreadPoolExecutor.java:659)
		at org.apache.tomcat.util.threads.TaskThread$WrappingRunnable.run(TaskThread.java:63)
		at java.base/java.lang.Thread.run(Thread.java:1474)
21-Jul-2026 02:08:52.994 SEVERE [http-nio-8080-exec-7] org.apache.catalina.core.StandardWrapperValve.invoke Servlet.service() for servlet [courseManagementServlet] in context with path [/GAPE] threw exception
	java.lang.SecurityException: Missing course management context: missing_coordinated_course_subject
		at pt.isel.gape.learning.service.CourseService.requireCourseAccess(CourseService.java:539)
		at pt.isel.gape.learning.service.CourseService.getCourse(CourseService.java:157)
		at pt.isel.gape.web.controller.CourseManagementServlet.showDetail(CourseManagementServlet.java:389)
		at pt.isel.gape.web.controller.CourseManagementServlet.doGet(CourseManagementServlet.java:204)
		at jakarta.servlet.http.HttpServlet.service(HttpServlet.java:564)
		at jakarta.servlet.http.HttpServlet.service(HttpServlet.java:658)
		at org.apache.catalina.core.ApplicationFilterChain.internalDoFilter(ApplicationFilterChain.java:195)
		at org.apache.catalina.core.ApplicationFilterChain.doFilter(ApplicationFilterChain.java:140)
		at org.apache.tomcat.websocket.server.WsFilter.doFilter(WsFilter.java:51)
		at org.apache.catalina.core.ApplicationFilterChain.internalDoFilter(ApplicationFilterChain.java:164)
		at org.apache.catalina.core.ApplicationFilterChain.doFilter(ApplicationFilterChain.java:140)
		at pt.isel.gape.web.filter.DashboardEventUnreadFilter.doFilter(DashboardEventUnreadFilter.java:152)
		at org.apache.catalina.core.ApplicationFilterChain.internalDoFilter(ApplicationFilterChain.java:164)
		at org.apache.catalina.core.ApplicationFilterChain.doFilter(ApplicationFilterChain.java:140)
		at pt.isel.gape.web.filter.CsrfFilter.doFilter(CsrfFilter.java:48)
		at org.apache.catalina.core.ApplicationFilterChain.internalDoFilter(ApplicationFilterChain.java:164)
		at org.apache.catalina.core.ApplicationFilterChain.doFilter(ApplicationFilterChain.java:140)
		at pt.isel.gape.web.filter.AuthorizationFilter.doFilter(AuthorizationFilter.java:85)
		at org.apache.catalina.core.ApplicationFilterChain.internalDoFilter(ApplicationFilterChain.java:164)
		at org.apache.catalina.core.ApplicationFilterChain.doFilter(ApplicationFilterChain.java:140)
		at pt.isel.gape.web.filter.AuthenticationFilter.doFilter(AuthenticationFilter.java:87)
		at org.apache.catalina.core.ApplicationFilterChain.internalDoFilter(ApplicationFilterChain.java:164)
		at org.apache.catalina.core.ApplicationFilterChain.doFilter(ApplicationFilterChain.java:140)
		at pt.isel.gape.web.filter.SecurityHeadersFilter.doFilter(SecurityHeadersFilter.java:53)
		at org.apache.catalina.core.ApplicationFilterChain.internalDoFilter(ApplicationFilterChain.java:164)
		at org.apache.catalina.core.ApplicationFilterChain.doFilter(ApplicationFilterChain.java:140)
		at pt.isel.gape.web.filter.HttpsEnforcementFilter.doFilter(HttpsEnforcementFilter.java:36)
		at org.apache.catalina.core.ApplicationFilterChain.internalDoFilter(ApplicationFilterChain.java:164)
		at org.apache.catalina.core.ApplicationFilterChain.doFilter(ApplicationFilterChain.java:140)
		at org.apache.catalina.core.StandardWrapperValve.invoke(StandardWrapperValve.java:167)
		at org.apache.catalina.core.StandardContextValve.invoke(StandardContextValve.java:90)
		at org.apache.catalina.authenticator.AuthenticatorBase.invoke(AuthenticatorBase.java:482)
		at org.apache.catalina.core.StandardHostValve.invoke(StandardHostValve.java:115)
		at org.apache.catalina.valves.ErrorReportValve.invoke(ErrorReportValve.java:93)
		at org.apache.catalina.valves.AbstractAccessLogValve.invoke(AbstractAccessLogValve.java:663)
		at org.apache.catalina.core.StandardEngineValve.invoke(StandardEngineValve.java:74)
		at org.apache.catalina.connector.CoyoteAdapter.service(CoyoteAdapter.java:344)
		at org.apache.coyote.http11.Http11Processor.service(Http11Processor.java:389)
		at org.apache.coyote.AbstractProcessorLight.process(AbstractProcessorLight.java:63)
		at org.apache.coyote.AbstractProtocol$ConnectionHandler.process(AbstractProtocol.java:896)
		at org.apache.tomcat.util.net.NioEndpoint$SocketProcessor.doRun(NioEndpoint.java:1741)
		at org.apache.tomcat.util.net.SocketProcessorBase.run(SocketProcessorBase.java:52)
		at org.apache.tomcat.util.threads.ThreadPoolExecutor.runWorker(ThreadPoolExecutor.java:1190)
		at org.apache.tomcat.util.threads.ThreadPoolExecutor$Worker.run(ThreadPoolExecutor.java:659)
		at org.apache.tomcat.util.threads.TaskThread$WrappingRunnable.run(TaskThread.java:63)
		at java.base/java.lang.Thread.run(Thread.java:1474)
21-Jul-2026 02:08:53.994 SEVERE [http-nio-8080-exec-8] org.apache.catalina.core.StandardWrapperValve.invoke Servlet.service() for servlet [courseManagementServlet] in context with path [/GAPE] threw exception
	java.lang.SecurityException: Missing course management context: missing_coordinated_course_subject
		at pt.isel.gape.learning.service.CourseService.requireCourseAccess(CourseService.java:539)
		at pt.isel.gape.learning.service.CourseService.getCourse(CourseService.java:157)
		at pt.isel.gape.web.controller.CourseManagementServlet.showDetail(CourseManagementServlet.java:389)
		at pt.isel.gape.web.controller.CourseManagementServlet.doGet(CourseManagementServlet.java:204)
		at jakarta.servlet.http.HttpServlet.service(HttpServlet.java:564)
		at jakarta.servlet.http.HttpServlet.service(HttpServlet.java:658)
		at org.apache.catalina.core.ApplicationFilterChain.internalDoFilter(ApplicationFilterChain.java:195)
		at org.apache.catalina.core.ApplicationFilterChain.doFilter(ApplicationFilterChain.java:140)
		at org.apache.tomcat.websocket.server.WsFilter.doFilter(WsFilter.java:51)
		at org.apache.catalina.core.ApplicationFilterChain.internalDoFilter(ApplicationFilterChain.java:164)
		at org.apache.catalina.core.ApplicationFilterChain.doFilter(ApplicationFilterChain.java:140)
		at pt.isel.gape.web.filter.DashboardEventUnreadFilter.doFilter(DashboardEventUnreadFilter.java:152)
		at org.apache.catalina.core.ApplicationFilterChain.internalDoFilter(ApplicationFilterChain.java:164)
		at org.apache.catalina.core.ApplicationFilterChain.doFilter(ApplicationFilterChain.java:140)
		at pt.isel.gape.web.filter.CsrfFilter.doFilter(CsrfFilter.java:48)
		at org.apache.catalina.core.ApplicationFilterChain.internalDoFilter(ApplicationFilterChain.java:164)
		at org.apache.catalina.core.ApplicationFilterChain.doFilter(ApplicationFilterChain.java:140)
		at pt.isel.gape.web.filter.AuthorizationFilter.doFilter(AuthorizationFilter.java:85)
		at org.apache.catalina.core.ApplicationFilterChain.internalDoFilter(ApplicationFilterChain.java:164)
		at org.apache.catalina.core.ApplicationFilterChain.doFilter(ApplicationFilterChain.java:140)
		at pt.isel.gape.web.filter.AuthenticationFilter.doFilter(AuthenticationFilter.java:87)
		at org.apache.catalina.core.ApplicationFilterChain.internalDoFilter(ApplicationFilterChain.java:164)
		at org.apache.catalina.core.ApplicationFilterChain.doFilter(ApplicationFilterChain.java:140)
		at pt.isel.gape.web.filter.SecurityHeadersFilter.doFilter(SecurityHeadersFilter.java:53)
		at org.apache.catalina.core.ApplicationFilterChain.internalDoFilter(ApplicationFilterChain.java:164)
		at org.apache.catalina.core.ApplicationFilterChain.doFilter(ApplicationFilterChain.java:140)
		at pt.isel.gape.web.filter.HttpsEnforcementFilter.doFilter(HttpsEnforcementFilter.java:36)
		at org.apache.catalina.core.ApplicationFilterChain.internalDoFilter(ApplicationFilterChain.java:164)
		at org.apache.catalina.core.ApplicationFilterChain.doFilter(ApplicationFilterChain.java:140)
		at org.apache.catalina.core.StandardWrapperValve.invoke(StandardWrapperValve.java:167)
		at org.apache.catalina.core.StandardContextValve.invoke(StandardContextValve.java:90)
		at org.apache.catalina.authenticator.AuthenticatorBase.invoke(AuthenticatorBase.java:482)
		at org.apache.catalina.core.StandardHostValve.invoke(StandardHostValve.java:115)
		at org.apache.catalina.valves.ErrorReportValve.invoke(ErrorReportValve.java:93)
		at org.apache.catalina.valves.AbstractAccessLogValve.invoke(AbstractAccessLogValve.java:663)
		at org.apache.catalina.core.StandardEngineValve.invoke(StandardEngineValve.java:74)
		at org.apache.catalina.connector.CoyoteAdapter.service(CoyoteAdapter.java:344)
		at org.apache.coyote.http11.Http11Processor.service(Http11Processor.java:389)
		at org.apache.coyote.AbstractProcessorLight.process(AbstractProcessorLight.java:63)
		at org.apache.coyote.AbstractProtocol$ConnectionHandler.process(AbstractProtocol.java:896)
		at org.apache.tomcat.util.net.NioEndpoint$SocketProcessor.doRun(NioEndpoint.java:1741)
		at org.apache.tomcat.util.net.SocketProcessorBase.run(SocketProcessorBase.java:52)
		at org.apache.tomcat.util.threads.ThreadPoolExecutor.runWorker(ThreadPoolExecutor.java:1190)
		at org.apache.tomcat.util.threads.ThreadPoolExecutor$Worker.run(ThreadPoolExecutor.java:659)
		at org.apache.tomcat.util.threads.TaskThread$WrappingRunnable.run(TaskThread.java:63)
		at java.base/java.lang.Thread.run(Thread.java:1474)
21-Jul-2026 02:09:03.155 SEVERE [http-nio-8080-exec-7] org.apache.catalina.core.StandardWrapperValve.invoke Servlet.service() for servlet [subjectManagementServlet] in context with path [/GAPE] threw exception
	java.lang.SecurityException: Missing subject management context: missing_context_assignment/missing_context_assignment
		at pt.isel.gape.learning.service.SubjectService.requireSubjectManager(SubjectService.java:545)
		at pt.isel.gape.learning.service.SubjectService.getSubject(SubjectService.java:133)
		at pt.isel.gape.web.controller.SubjectManagementServlet.showDetail(SubjectManagementServlet.java:438)
		at pt.isel.gape.web.controller.SubjectManagementServlet.doGet(SubjectManagementServlet.java:212)
		at jakarta.servlet.http.HttpServlet.service(HttpServlet.java:564)
		at jakarta.servlet.http.HttpServlet.service(HttpServlet.java:658)
		at org.apache.catalina.core.ApplicationFilterChain.internalDoFilter(ApplicationFilterChain.java:195)
		at org.apache.catalina.core.ApplicationFilterChain.doFilter(ApplicationFilterChain.java:140)
		at org.apache.tomcat.websocket.server.WsFilter.doFilter(WsFilter.java:51)
		at org.apache.catalina.core.ApplicationFilterChain.internalDoFilter(ApplicationFilterChain.java:164)
		at org.apache.catalina.core.ApplicationFilterChain.doFilter(ApplicationFilterChain.java:140)
		at pt.isel.gape.web.filter.DashboardEventUnreadFilter.doFilter(DashboardEventUnreadFilter.java:152)
		at org.apache.catalina.core.ApplicationFilterChain.internalDoFilter(ApplicationFilterChain.java:164)
		at org.apache.catalina.core.ApplicationFilterChain.doFilter(ApplicationFilterChain.java:140)
		at pt.isel.gape.web.filter.CsrfFilter.doFilter(CsrfFilter.java:48)
		at org.apache.catalina.core.ApplicationFilterChain.internalDoFilter(ApplicationFilterChain.java:164)
		at org.apache.catalina.core.ApplicationFilterChain.doFilter(ApplicationFilterChain.java:140)
		at pt.isel.gape.web.filter.AuthorizationFilter.doFilter(AuthorizationFilter.java:85)
		at org.apache.catalina.core.ApplicationFilterChain.internalDoFilter(ApplicationFilterChain.java:164)
		at org.apache.catalina.core.ApplicationFilterChain.doFilter(ApplicationFilterChain.java:140)
		at pt.isel.gape.web.filter.AuthenticationFilter.doFilter(AuthenticationFilter.java:87)
		at org.apache.catalina.core.ApplicationFilterChain.internalDoFilter(ApplicationFilterChain.java:164)
		at org.apache.catalina.core.ApplicationFilterChain.doFilter(ApplicationFilterChain.java:140)
		at pt.isel.gape.web.filter.SecurityHeadersFilter.doFilter(SecurityHeadersFilter.java:53)
		at org.apache.catalina.core.ApplicationFilterChain.internalDoFilter(ApplicationFilterChain.java:164)
		at org.apache.catalina.core.ApplicationFilterChain.doFilter(ApplicationFilterChain.java:140)
		at pt.isel.gape.web.filter.HttpsEnforcementFilter.doFilter(HttpsEnforcementFilter.java:36)
		at org.apache.catalina.core.ApplicationFilterChain.internalDoFilter(ApplicationFilterChain.java:164)
		at org.apache.catalina.core.ApplicationFilterChain.doFilter(ApplicationFilterChain.java:140)
		at org.apache.catalina.core.StandardWrapperValve.invoke(StandardWrapperValve.java:167)
		at org.apache.catalina.core.StandardContextValve.invoke(StandardContextValve.java:90)
		at org.apache.catalina.authenticator.AuthenticatorBase.invoke(AuthenticatorBase.java:482)
		at org.apache.catalina.core.StandardHostValve.invoke(StandardHostValve.java:115)
		at org.apache.catalina.valves.ErrorReportValve.invoke(ErrorReportValve.java:93)
		at org.apache.catalina.valves.AbstractAccessLogValve.invoke(AbstractAccessLogValve.java:663)
		at org.apache.catalina.core.StandardEngineValve.invoke(StandardEngineValve.java:74)
		at org.apache.catalina.connector.CoyoteAdapter.service(CoyoteAdapter.java:344)
		at org.apache.coyote.http11.Http11Processor.service(Http11Processor.java:389)
		at org.apache.coyote.AbstractProcessorLight.process(AbstractProcessorLight.java:63)
		at org.apache.coyote.AbstractProtocol$ConnectionHandler.process(AbstractProtocol.java:896)
		at org.apache.tomcat.util.net.NioEndpoint$SocketProcessor.doRun(NioEndpoint.java:1741)
		at org.apache.tomcat.util.net.SocketProcessorBase.run(SocketProcessorBase.java:52)
		at org.apache.tomcat.util.threads.ThreadPoolExecutor.runWorker(ThreadPoolExecutor.java:1190)
		at org.apache.tomcat.util.threads.ThreadPoolExecutor$Worker.run(ThreadPoolExecutor.java:659)
		at org.apache.tomcat.util.threads.TaskThread$WrappingRunnable.run(TaskThread.java:63)
		at java.base/java.lang.Thread.run(Thread.java:1474)
21-Jul-2026 02:09:04.159 SEVERE [http-nio-8080-exec-10] org.apache.catalina.core.StandardWrapperValve.invoke Servlet.service() for servlet [subjectManagementServlet] in context with path [/GAPE] threw exception
	java.lang.SecurityException: Missing subject management context: missing_context_assignment/missing_context_assignment
		at pt.isel.gape.learning.service.SubjectService.requireSubjectManager(SubjectService.java:545)
		at pt.isel.gape.learning.service.SubjectService.getSubject(SubjectService.java:133)
		at pt.isel.gape.web.controller.SubjectManagementServlet.showDetail(SubjectManagementServlet.java:438)
		at pt.isel.gape.web.controller.SubjectManagementServlet.doGet(SubjectManagementServlet.java:212)
		at jakarta.servlet.http.HttpServlet.service(HttpServlet.java:564)
		at jakarta.servlet.http.HttpServlet.service(HttpServlet.java:658)
		at org.apache.catalina.core.ApplicationFilterChain.internalDoFilter(ApplicationFilterChain.java:195)
		at org.apache.catalina.core.ApplicationFilterChain.doFilter(ApplicationFilterChain.java:140)
		at org.apache.tomcat.websocket.server.WsFilter.doFilter(WsFilter.java:51)
		at org.apache.catalina.core.ApplicationFilterChain.internalDoFilter(ApplicationFilterChain.java:164)
		at org.apache.catalina.core.ApplicationFilterChain.doFilter(ApplicationFilterChain.java:140)
		at pt.isel.gape.web.filter.DashboardEventUnreadFilter.doFilter(DashboardEventUnreadFilter.java:152)
		at org.apache.catalina.core.ApplicationFilterChain.internalDoFilter(ApplicationFilterChain.java:164)
		at org.apache.catalina.core.ApplicationFilterChain.doFilter(ApplicationFilterChain.java:140)
		at pt.isel.gape.web.filter.CsrfFilter.doFilter(CsrfFilter.java:48)
		at org.apache.catalina.core.ApplicationFilterChain.internalDoFilter(ApplicationFilterChain.java:164)
		at org.apache.catalina.core.ApplicationFilterChain.doFilter(ApplicationFilterChain.java:140)
		at pt.isel.gape.web.filter.AuthorizationFilter.doFilter(AuthorizationFilter.java:85)
		at org.apache.catalina.core.ApplicationFilterChain.internalDoFilter(ApplicationFilterChain.java:164)
		at org.apache.catalina.core.ApplicationFilterChain.doFilter(ApplicationFilterChain.java:140)
		at pt.isel.gape.web.filter.AuthenticationFilter.doFilter(AuthenticationFilter.java:87)
		at org.apache.catalina.core.ApplicationFilterChain.internalDoFilter(ApplicationFilterChain.java:164)
		at org.apache.catalina.core.ApplicationFilterChain.doFilter(ApplicationFilterChain.java:140)
		at pt.isel.gape.web.filter.SecurityHeadersFilter.doFilter(SecurityHeadersFilter.java:53)
		at org.apache.catalina.core.ApplicationFilterChain.internalDoFilter(ApplicationFilterChain.java:164)
		at org.apache.catalina.core.ApplicationFilterChain.doFilter(ApplicationFilterChain.java:140)
		at pt.isel.gape.web.filter.HttpsEnforcementFilter.doFilter(HttpsEnforcementFilter.java:36)
		at org.apache.catalina.core.ApplicationFilterChain.internalDoFilter(ApplicationFilterChain.java:164)
		at org.apache.catalina.core.ApplicationFilterChain.doFilter(ApplicationFilterChain.java:140)
		at org.apache.catalina.core.StandardWrapperValve.invoke(StandardWrapperValve.java:167)
		at org.apache.catalina.core.StandardContextValve.invoke(StandardContextValve.java:90)
		at org.apache.catalina.authenticator.AuthenticatorBase.invoke(AuthenticatorBase.java:482)
		at org.apache.catalina.core.StandardHostValve.invoke(StandardHostValve.java:115)
		at org.apache.catalina.valves.ErrorReportValve.invoke(ErrorReportValve.java:93)
		at org.apache.catalina.valves.AbstractAccessLogValve.invoke(AbstractAccessLogValve.java:663)
		at org.apache.catalina.core.StandardEngineValve.invoke(StandardEngineValve.java:74)
		at org.apache.catalina.connector.CoyoteAdapter.service(CoyoteAdapter.java:344)
		at org.apache.coyote.http11.Http11Processor.service(Http11Processor.java:389)
		at org.apache.coyote.AbstractProcessorLight.process(AbstractProcessorLight.java:63)
		at org.apache.coyote.AbstractProtocol$ConnectionHandler.process(AbstractProtocol.java:896)
		at org.apache.tomcat.util.net.NioEndpoint$SocketProcessor.doRun(NioEndpoint.java:1741)
		at org.apache.tomcat.util.net.SocketProcessorBase.run(SocketProcessorBase.java:52)
		at org.apache.tomcat.util.threads.ThreadPoolExecutor.runWorker(ThreadPoolExecutor.java:1190)
		at org.apache.tomcat.util.threads.ThreadPoolExecutor$Worker.run(ThreadPoolExecutor.java:659)
		at org.apache.tomcat.util.threads.TaskThread$WrappingRunnable.run(TaskThread.java:63)
		at java.base/java.lang.Thread.run(Thread.java:1474)
21-Jul-2026 02:09:08.221 SEVERE [http-nio-8080-exec-7] org.apache.catalina.core.StandardWrapperValve.invoke Servlet.service() for servlet [subjectManagementServlet] in context with path [/GAPE] threw exception
	java.lang.SecurityException: Missing subject management context: missing_context_assignment/teacher_subject_context_required
		at pt.isel.gape.learning.service.SubjectService.requireSubjectManager(SubjectService.java:545)
		at pt.isel.gape.learning.service.SubjectService.getSubject(SubjectService.java:133)
		at pt.isel.gape.web.controller.SubjectManagementServlet.showDetail(SubjectManagementServlet.java:438)
		at pt.isel.gape.web.controller.SubjectManagementServlet.doGet(SubjectManagementServlet.java:212)
		at jakarta.servlet.http.HttpServlet.service(HttpServlet.java:564)
		at jakarta.servlet.http.HttpServlet.service(HttpServlet.java:658)
		at org.apache.catalina.core.ApplicationFilterChain.internalDoFilter(ApplicationFilterChain.java:195)
		at org.apache.catalina.core.ApplicationFilterChain.doFilter(ApplicationFilterChain.java:140)
		at org.apache.tomcat.websocket.server.WsFilter.doFilter(WsFilter.java:51)
		at org.apache.catalina.core.ApplicationFilterChain.internalDoFilter(ApplicationFilterChain.java:164)
		at org.apache.catalina.core.ApplicationFilterChain.doFilter(ApplicationFilterChain.java:140)
		at pt.isel.gape.web.filter.DashboardEventUnreadFilter.doFilter(DashboardEventUnreadFilter.java:152)
		at org.apache.catalina.core.ApplicationFilterChain.internalDoFilter(ApplicationFilterChain.java:164)
		at org.apache.catalina.core.ApplicationFilterChain.doFilter(ApplicationFilterChain.java:140)
		at pt.isel.gape.web.filter.CsrfFilter.doFilter(CsrfFilter.java:48)
		at org.apache.catalina.core.ApplicationFilterChain.internalDoFilter(ApplicationFilterChain.java:164)
		at org.apache.catalina.core.ApplicationFilterChain.doFilter(ApplicationFilterChain.java:140)
		at pt.isel.gape.web.filter.AuthorizationFilter.doFilter(AuthorizationFilter.java:85)
		at org.apache.catalina.core.ApplicationFilterChain.internalDoFilter(ApplicationFilterChain.java:164)
		at org.apache.catalina.core.ApplicationFilterChain.doFilter(ApplicationFilterChain.java:140)
		at pt.isel.gape.web.filter.AuthenticationFilter.doFilter(AuthenticationFilter.java:87)
		at org.apache.catalina.core.ApplicationFilterChain.internalDoFilter(ApplicationFilterChain.java:164)
		at org.apache.catalina.core.ApplicationFilterChain.doFilter(ApplicationFilterChain.java:140)
		at pt.isel.gape.web.filter.SecurityHeadersFilter.doFilter(SecurityHeadersFilter.java:53)
		at org.apache.catalina.core.ApplicationFilterChain.internalDoFilter(ApplicationFilterChain.java:164)
		at org.apache.catalina.core.ApplicationFilterChain.doFilter(ApplicationFilterChain.java:140)
		at pt.isel.gape.web.filter.HttpsEnforcementFilter.doFilter(HttpsEnforcementFilter.java:36)
		at org.apache.catalina.core.ApplicationFilterChain.internalDoFilter(ApplicationFilterChain.java:164)
		at org.apache.catalina.core.ApplicationFilterChain.doFilter(ApplicationFilterChain.java:140)
		at org.apache.catalina.core.StandardWrapperValve.invoke(StandardWrapperValve.java:167)
		at org.apache.catalina.core.StandardContextValve.invoke(StandardContextValve.java:90)
		at org.apache.catalina.authenticator.AuthenticatorBase.invoke(AuthenticatorBase.java:482)
		at org.apache.catalina.core.StandardHostValve.invoke(StandardHostValve.java:115)
		at org.apache.catalina.valves.ErrorReportValve.invoke(ErrorReportValve.java:93)
		at org.apache.catalina.valves.AbstractAccessLogValve.invoke(AbstractAccessLogValve.java:663)
		at org.apache.catalina.core.StandardEngineValve.invoke(StandardEngineValve.java:74)
		at org.apache.catalina.connector.CoyoteAdapter.service(CoyoteAdapter.java:344)
		at org.apache.coyote.http11.Http11Processor.service(Http11Processor.java:389)
		at org.apache.coyote.AbstractProcessorLight.process(AbstractProcessorLight.java:63)
		at org.apache.coyote.AbstractProtocol$ConnectionHandler.process(AbstractProtocol.java:896)
		at org.apache.tomcat.util.net.NioEndpoint$SocketProcessor.doRun(NioEndpoint.java:1741)
		at org.apache.tomcat.util.net.SocketProcessorBase.run(SocketProcessorBase.java:52)
		at org.apache.tomcat.util.threads.ThreadPoolExecutor.runWorker(ThreadPoolExecutor.java:1190)
		at org.apache.tomcat.util.threads.ThreadPoolExecutor$Worker.run(ThreadPoolExecutor.java:659)
		at org.apache.tomcat.util.threads.TaskThread$WrappingRunnable.run(TaskThread.java:63)
		at java.base/java.lang.Thread.run(Thread.java:1474)
21-Jul-2026 02:09:08.460 SEVERE [http-nio-8080-exec-9] org.apache.catalina.core.StandardWrapperValve.invoke Servlet.service() for servlet [subjectManagementServlet] in context with path [/GAPE] threw exception
	java.lang.SecurityException: Missing subject management context: missing_context_assignment/teacher_subject_context_required
		at pt.isel.gape.learning.service.SubjectService.requireSubjectManager(SubjectService.java:545)
		at pt.isel.gape.learning.service.SubjectService.getSubject(SubjectService.java:133)
		at pt.isel.gape.web.controller.SubjectManagementServlet.showDetail(SubjectManagementServlet.java:438)
		at pt.isel.gape.web.controller.SubjectManagementServlet.doGet(SubjectManagementServlet.java:212)
		at jakarta.servlet.http.HttpServlet.service(HttpServlet.java:564)
		at jakarta.servlet.http.HttpServlet.service(HttpServlet.java:658)
		at org.apache.catalina.core.ApplicationFilterChain.internalDoFilter(ApplicationFilterChain.java:195)
		at org.apache.catalina.core.ApplicationFilterChain.doFilter(ApplicationFilterChain.java:140)
		at org.apache.tomcat.websocket.server.WsFilter.doFilter(WsFilter.java:51)
		at org.apache.catalina.core.ApplicationFilterChain.internalDoFilter(ApplicationFilterChain.java:164)
		at org.apache.catalina.core.ApplicationFilterChain.doFilter(ApplicationFilterChain.java:140)
		at pt.isel.gape.web.filter.DashboardEventUnreadFilter.doFilter(DashboardEventUnreadFilter.java:152)
		at org.apache.catalina.core.ApplicationFilterChain.internalDoFilter(ApplicationFilterChain.java:164)
		at org.apache.catalina.core.ApplicationFilterChain.doFilter(ApplicationFilterChain.java:140)
		at pt.isel.gape.web.filter.CsrfFilter.doFilter(CsrfFilter.java:48)
		at org.apache.catalina.core.ApplicationFilterChain.internalDoFilter(ApplicationFilterChain.java:164)
		at org.apache.catalina.core.ApplicationFilterChain.doFilter(ApplicationFilterChain.java:140)
		at pt.isel.gape.web.filter.AuthorizationFilter.doFilter(AuthorizationFilter.java:85)
		at org.apache.catalina.core.ApplicationFilterChain.internalDoFilter(ApplicationFilterChain.java:164)
		at org.apache.catalina.core.ApplicationFilterChain.doFilter(ApplicationFilterChain.java:140)
		at pt.isel.gape.web.filter.AuthenticationFilter.doFilter(AuthenticationFilter.java:87)
		at org.apache.catalina.core.ApplicationFilterChain.internalDoFilter(ApplicationFilterChain.java:164)
		at org.apache.catalina.core.ApplicationFilterChain.doFilter(ApplicationFilterChain.java:140)
		at pt.isel.gape.web.filter.SecurityHeadersFilter.doFilter(SecurityHeadersFilter.java:53)
		at org.apache.catalina.core.ApplicationFilterChain.internalDoFilter(ApplicationFilterChain.java:164)
		at org.apache.catalina.core.ApplicationFilterChain.doFilter(ApplicationFilterChain.java:140)
		at pt.isel.gape.web.filter.HttpsEnforcementFilter.doFilter(HttpsEnforcementFilter.java:36)
		at org.apache.catalina.core.ApplicationFilterChain.internalDoFilter(ApplicationFilterChain.java:164)
		at org.apache.catalina.core.ApplicationFilterChain.doFilter(ApplicationFilterChain.java:140)
		at org.apache.catalina.core.StandardWrapperValve.invoke(StandardWrapperValve.java:167)
		at org.apache.catalina.core.StandardContextValve.invoke(StandardContextValve.java:90)
		at org.apache.catalina.authenticator.AuthenticatorBase.invoke(AuthenticatorBase.java:482)
		at org.apache.catalina.core.StandardHostValve.invoke(StandardHostValve.java:115)
		at org.apache.catalina.valves.ErrorReportValve.invoke(ErrorReportValve.java:93)
		at org.apache.catalina.valves.AbstractAccessLogValve.invoke(AbstractAccessLogValve.java:663)
		at org.apache.catalina.core.StandardEngineValve.invoke(StandardEngineValve.java:74)
		at org.apache.catalina.connector.CoyoteAdapter.service(CoyoteAdapter.java:344)
		at org.apache.coyote.http11.Http11Processor.service(Http11Processor.java:389)
		at org.apache.coyote.AbstractProcessorLight.process(AbstractProcessorLight.java:63)
		at org.apache.coyote.AbstractProtocol$ConnectionHandler.process(AbstractProtocol.java:896)
		at org.apache.tomcat.util.net.NioEndpoint$SocketProcessor.doRun(NioEndpoint.java:1741)
		at org.apache.tomcat.util.net.SocketProcessorBase.run(SocketProcessorBase.java:52)
		at org.apache.tomcat.util.threads.ThreadPoolExecutor.runWorker(ThreadPoolExecutor.java:1190)
		at org.apache.tomcat.util.threads.ThreadPoolExecutor$Worker.run(ThreadPoolExecutor.java:659)
		at org.apache.tomcat.util.threads.TaskThread$WrappingRunnable.run(TaskThread.java:63)
		at java.base/java.lang.Thread.run(Thread.java:1474)
